--
-- PostgreSQL database dump
--

-- Dumped from database version 10.4
-- Dumped by pg_dump version 10.4

SET statement_timeout = 0;
SET lock_timeout = 0;
SET idle_in_transaction_session_timeout = 0;
SET client_encoding = 'UTF8';
SET standard_conforming_strings = on;
SELECT pg_catalog.set_config('search_path', '', false);
SET check_function_bodies = false;
SET client_min_messages = warning;
SET row_security = off;

--
-- Name: plpgsql; Type: EXTENSION; Schema: -; Owner: 
--

CREATE EXTENSION IF NOT EXISTS plpgsql WITH SCHEMA pg_catalog;


--
-- Name: EXTENSION plpgsql; Type: COMMENT; Schema: -; Owner: 
--

COMMENT ON EXTENSION plpgsql IS 'PL/pgSQL procedural language';


SET default_tablespace = '';

SET default_with_oids = false;

--
-- Name: _experimentmetadata; Type: TABLE; Schema: public; Owner: pochis01
--

CREATE TABLE public._experimentmetadata (
    name character varying,
    id integer NOT NULL,
    description text
);


ALTER TABLE public._experimentmetadata OWNER TO pochis01;

--
-- Name: _experimentmetadata_experimentdesign; Type: TABLE; Schema: public; Owner: pochis01
--

CREATE TABLE public._experimentmetadata_experimentdesign (
    _experimentmetadata_id integer,
    experiment_design_id integer
);


ALTER TABLE public._experimentmetadata_experimentdesign OWNER TO pochis01;

--
-- Name: _experimentmetadata_experimenttype; Type: TABLE; Schema: public; Owner: pochis01
--

CREATE TABLE public._experimentmetadata_experimenttype (
    _experimentmetadata_id integer,
    experiment_type_id integer
);


ALTER TABLE public._experimentmetadata_experimenttype OWNER TO pochis01;

--
-- Name: _experimentmetadata_id_seq; Type: SEQUENCE; Schema: public; Owner: pochis01
--

CREATE SEQUENCE public._experimentmetadata_id_seq
    AS integer
    START WITH 1
    INCREMENT BY 1
    NO MINVALUE
    NO MAXVALUE
    CACHE 1;


ALTER TABLE public._experimentmetadata_id_seq OWNER TO pochis01;

--
-- Name: _experimentmetadata_id_seq; Type: SEQUENCE OWNED BY; Schema: public; Owner: pochis01
--

ALTER SEQUENCE public._experimentmetadata_id_seq OWNED BY public._experimentmetadata.id;


--
-- Name: _experimentmetadata_method; Type: TABLE; Schema: public; Owner: pochis01
--

CREATE TABLE public._experimentmetadata_method (
    _experimentmetadata_id integer,
    method_id integer
);


ALTER TABLE public._experimentmetadata_method OWNER TO pochis01;

--
-- Name: _experimentmetadata_resource; Type: TABLE; Schema: public; Owner: pochis01
--

CREATE TABLE public._experimentmetadata_resource (
    _experimentmetadata_id integer,
    resource_id integer
);


ALTER TABLE public._experimentmetadata_resource OWNER TO pochis01;

--
-- Name: _experimentmetadata_taxon; Type: TABLE; Schema: public; Owner: pochis01
--

CREATE TABLE public._experimentmetadata_taxon (
    _experimentmetadata_id integer,
    taxon_id integer
);


ALTER TABLE public._experimentmetadata_taxon OWNER TO pochis01;

--
-- Name: _metadata; Type: TABLE; Schema: public; Owner: pochis01
--

CREATE TABLE public._metadata (
    id integer NOT NULL,
    name character varying
);


ALTER TABLE public._metadata OWNER TO pochis01;

--
-- Name: _metadata_cell_line; Type: TABLE; Schema: public; Owner: pochis01
--

CREATE TABLE public._metadata_cell_line (
    _metadata_id integer,
    cell_line_id integer
);


ALTER TABLE public._metadata_cell_line OWNER TO pochis01;

--
-- Name: _metadata_characteristic; Type: TABLE; Schema: public; Owner: pochis01
--

CREATE TABLE public._metadata_characteristic (
    _metadata_id integer,
    characteristic_id integer
);


ALTER TABLE public._metadata_characteristic OWNER TO pochis01;

--
-- Name: _metadata_compartment; Type: TABLE; Schema: public; Owner: pochis01
--

CREATE TABLE public._metadata_compartment (
    _metadata_id integer,
    compartment_id integer
);


ALTER TABLE public._metadata_compartment OWNER TO pochis01;

--
-- Name: _metadata_conditions; Type: TABLE; Schema: public; Owner: pochis01
--

CREATE TABLE public._metadata_conditions (
    _metadata_id integer,
    conditions_id integer
);


ALTER TABLE public._metadata_conditions OWNER TO pochis01;

--
-- Name: _metadata_id_seq; Type: SEQUENCE; Schema: public; Owner: pochis01
--

CREATE SEQUENCE public._metadata_id_seq
    AS integer
    START WITH 1
    INCREMENT BY 1
    NO MINVALUE
    NO MAXVALUE
    CACHE 1;


ALTER TABLE public._metadata_id_seq OWNER TO pochis01;

--
-- Name: _metadata_id_seq; Type: SEQUENCE OWNED BY; Schema: public; Owner: pochis01
--

ALTER SEQUENCE public._metadata_id_seq OWNED BY public._metadata.id;


--
-- Name: _metadata_method; Type: TABLE; Schema: public; Owner: pochis01
--

CREATE TABLE public._metadata_method (
    _metadata_id integer,
    method_id integer
);


ALTER TABLE public._metadata_method OWNER TO pochis01;

--
-- Name: _metadata_resource; Type: TABLE; Schema: public; Owner: pochis01
--

CREATE TABLE public._metadata_resource (
    _metadata_id integer,
    resource_id integer
);


ALTER TABLE public._metadata_resource OWNER TO pochis01;

--
-- Name: _metadata_synonym; Type: TABLE; Schema: public; Owner: pochis01
--

CREATE TABLE public._metadata_synonym (
    _metadata_id integer,
    synonym_id integer
);


ALTER TABLE public._metadata_synonym OWNER TO pochis01;

--
-- Name: _metadata_taxon; Type: TABLE; Schema: public; Owner: pochis01
--

CREATE TABLE public._metadata_taxon (
    _metadata_id integer,
    taxon_id integer
);


ALTER TABLE public._metadata_taxon OWNER TO pochis01;

--
-- Name: _metadata_variable; Type: TABLE; Schema: public; Owner: pochis01
--

CREATE TABLE public._metadata_variable (
    _metadata_id integer,
    variable_id integer
);


ALTER TABLE public._metadata_variable OWNER TO pochis01;

--
-- Name: abundance_data; Type: TABLE; Schema: public; Owner: pochis01
--

CREATE TABLE public.abundance_data (
    abundance_id integer NOT NULL,
    abundance double precision,
    dataset_id integer,
    subunit_id integer,
    pax_load integer,
    uniprot_id character varying
);


ALTER TABLE public.abundance_data OWNER TO pochis01;

--
-- Name: abundance_data_abundance_id_seq; Type: SEQUENCE; Schema: public; Owner: pochis01
--

CREATE SEQUENCE public.abundance_data_abundance_id_seq
    AS integer
    START WITH 1
    INCREMENT BY 1
    NO MINVALUE
    NO MAXVALUE
    CACHE 1;


ALTER TABLE public.abundance_data_abundance_id_seq OWNER TO pochis01;

--
-- Name: abundance_data_abundance_id_seq; Type: SEQUENCE OWNED BY; Schema: public; Owner: pochis01
--

ALTER SEQUENCE public.abundance_data_abundance_id_seq OWNED BY public.abundance_data.abundance_id;


--
-- Name: abundance_dataset; Type: TABLE; Schema: public; Owner: pochis01
--

CREATE TABLE public.abundance_dataset (
    dataset_id integer NOT NULL,
    file_name character varying,
    score double precision,
    weight integer,
    coverage integer
);


ALTER TABLE public.abundance_dataset OWNER TO pochis01;

--
-- Name: cell_compartment; Type: TABLE; Schema: public; Owner: pochis01
--

CREATE TABLE public.cell_compartment (
    id integer NOT NULL,
    name character varying
);


ALTER TABLE public.cell_compartment OWNER TO pochis01;

--
-- Name: cell_compartment_id_seq; Type: SEQUENCE; Schema: public; Owner: pochis01
--

CREATE SEQUENCE public.cell_compartment_id_seq
    AS integer
    START WITH 1
    INCREMENT BY 1
    NO MINVALUE
    NO MAXVALUE
    CACHE 1;


ALTER TABLE public.cell_compartment_id_seq OWNER TO pochis01;

--
-- Name: cell_compartment_id_seq; Type: SEQUENCE OWNED BY; Schema: public; Owner: pochis01
--

ALTER SEQUENCE public.cell_compartment_id_seq OWNED BY public.cell_compartment.id;


--
-- Name: cell_line; Type: TABLE; Schema: public; Owner: pochis01
--

CREATE TABLE public.cell_line (
    id integer NOT NULL,
    name character varying
);


ALTER TABLE public.cell_line OWNER TO pochis01;

--
-- Name: cell_line_id_seq; Type: SEQUENCE; Schema: public; Owner: pochis01
--

CREATE SEQUENCE public.cell_line_id_seq
    AS integer
    START WITH 1
    INCREMENT BY 1
    NO MINVALUE
    NO MAXVALUE
    CACHE 1;


ALTER TABLE public.cell_line_id_seq OWNER TO pochis01;

--
-- Name: cell_line_id_seq; Type: SEQUENCE OWNED BY; Schema: public; Owner: pochis01
--

ALTER SEQUENCE public.cell_line_id_seq OWNED BY public.cell_line.id;


--
-- Name: characteristic; Type: TABLE; Schema: public; Owner: pochis01
--

CREATE TABLE public.characteristic (
    id integer NOT NULL,
    category character varying,
    value character varying
);


ALTER TABLE public.characteristic OWNER TO pochis01;

--
-- Name: characteristic_id_seq; Type: SEQUENCE; Schema: public; Owner: pochis01
--

CREATE SEQUENCE public.characteristic_id_seq
    AS integer
    START WITH 1
    INCREMENT BY 1
    NO MINVALUE
    NO MAXVALUE
    CACHE 1;


ALTER TABLE public.characteristic_id_seq OWNER TO pochis01;

--
-- Name: characteristic_id_seq; Type: SEQUENCE OWNED BY; Schema: public; Owner: pochis01
--

ALTER SEQUENCE public.characteristic_id_seq OWNED BY public.characteristic.id;


--
-- Name: compound; Type: TABLE; Schema: public; Owner: pochis01
--

CREATE TABLE public.compound (
    compound_id integer NOT NULL,
    compound_name character varying,
    description character varying,
    comment character varying,
    _is_name_ambiguous boolean,
    structure_id integer
);


ALTER TABLE public.compound OWNER TO pochis01;

--
-- Name: concentration; Type: TABLE; Schema: public; Owner: pochis01
--

CREATE TABLE public.concentration (
    concentration_id integer NOT NULL,
    compound_id integer,
    value double precision,
    error double precision,
    units character varying
);


ALTER TABLE public.concentration OWNER TO pochis01;

--
-- Name: conditions; Type: TABLE; Schema: public; Owner: pochis01
--

CREATE TABLE public.conditions (
    id integer NOT NULL,
    growth_status character varying,
    media character varying,
    temperature double precision,
    ph double precision,
    growth_system character varying
);


ALTER TABLE public.conditions OWNER TO pochis01;

--
-- Name: conditions_id_seq; Type: SEQUENCE; Schema: public; Owner: pochis01
--

CREATE SEQUENCE public.conditions_id_seq
    AS integer
    START WITH 1
    INCREMENT BY 1
    NO MINVALUE
    NO MAXVALUE
    CACHE 1;


ALTER TABLE public.conditions_id_seq OWNER TO pochis01;

--
-- Name: conditions_id_seq; Type: SEQUENCE OWNED BY; Schema: public; Owner: pochis01
--

ALTER SEQUENCE public.conditions_id_seq OWNED BY public.conditions.id;


--
-- Name: data_format; Type: TABLE; Schema: public; Owner: pochis01
--

CREATE TABLE public.data_format (
    _id integer NOT NULL,
    name character varying,
    bio_assay_data_cubes integer
);


ALTER TABLE public.data_format OWNER TO pochis01;

--
-- Name: data_format__id_seq; Type: SEQUENCE; Schema: public; Owner: pochis01
--

CREATE SEQUENCE public.data_format__id_seq
    AS integer
    START WITH 1
    INCREMENT BY 1
    NO MINVALUE
    NO MAXVALUE
    CACHE 1;


ALTER TABLE public.data_format__id_seq OWNER TO pochis01;

--
-- Name: data_format__id_seq; Type: SEQUENCE OWNED BY; Schema: public; Owner: pochis01
--

ALTER SEQUENCE public.data_format__id_seq OWNED BY public.data_format._id;


--
-- Name: dna_binding_data; Type: TABLE; Schema: public; Owner: pochis01
--

CREATE TABLE public.dna_binding_data (
    position_id integer NOT NULL,
    "position" integer,
    frequency_a integer,
    frequency_c integer,
    frequency_g integer,
    frequency_t integer,
    jaspar_id integer,
    dataset_id integer
);


ALTER TABLE public.dna_binding_data OWNER TO pochis01;

--
-- Name: dna_binding_data_position_id_seq; Type: SEQUENCE; Schema: public; Owner: pochis01
--

CREATE SEQUENCE public.dna_binding_data_position_id_seq
    AS integer
    START WITH 1
    INCREMENT BY 1
    NO MINVALUE
    NO MAXVALUE
    CACHE 1;


ALTER TABLE public.dna_binding_data_position_id_seq OWNER TO pochis01;

--
-- Name: dna_binding_data_position_id_seq; Type: SEQUENCE OWNED BY; Schema: public; Owner: pochis01
--

ALTER SEQUENCE public.dna_binding_data_position_id_seq OWNED BY public.dna_binding_data.position_id;


--
-- Name: dna_binding_dataset; Type: TABLE; Schema: public; Owner: pochis01
--

CREATE TABLE public.dna_binding_dataset (
    dataset_id integer NOT NULL,
    version integer,
    complex_id integer,
    subunit_id integer
);


ALTER TABLE public.dna_binding_dataset OWNER TO pochis01;

--
-- Name: experiment; Type: TABLE; Schema: public; Owner: pochis01
--

CREATE TABLE public.experiment (
    id integer NOT NULL,
    _experimentmetadata_id integer
);


ALTER TABLE public.experiment OWNER TO pochis01;

--
-- Name: experiment_design; Type: TABLE; Schema: public; Owner: pochis01
--

CREATE TABLE public.experiment_design (
    id integer NOT NULL,
    name character varying
);


ALTER TABLE public.experiment_design OWNER TO pochis01;

--
-- Name: experiment_design_id_seq; Type: SEQUENCE; Schema: public; Owner: pochis01
--

CREATE SEQUENCE public.experiment_design_id_seq
    AS integer
    START WITH 1
    INCREMENT BY 1
    NO MINVALUE
    NO MAXVALUE
    CACHE 1;


ALTER TABLE public.experiment_design_id_seq OWNER TO pochis01;

--
-- Name: experiment_design_id_seq; Type: SEQUENCE OWNED BY; Schema: public; Owner: pochis01
--

ALTER SEQUENCE public.experiment_design_id_seq OWNED BY public.experiment_design.id;


--
-- Name: experiment_id_seq; Type: SEQUENCE; Schema: public; Owner: pochis01
--

CREATE SEQUENCE public.experiment_id_seq
    AS integer
    START WITH 1
    INCREMENT BY 1
    NO MINVALUE
    NO MAXVALUE
    CACHE 1;


ALTER TABLE public.experiment_id_seq OWNER TO pochis01;

--
-- Name: experiment_id_seq; Type: SEQUENCE OWNED BY; Schema: public; Owner: pochis01
--

ALTER SEQUENCE public.experiment_id_seq OWNED BY public.experiment.id;


--
-- Name: experiment_type; Type: TABLE; Schema: public; Owner: pochis01
--

CREATE TABLE public.experiment_type (
    id integer NOT NULL,
    name character varying
);


ALTER TABLE public.experiment_type OWNER TO pochis01;

--
-- Name: experiment_type_id_seq; Type: SEQUENCE; Schema: public; Owner: pochis01
--

CREATE SEQUENCE public.experiment_type_id_seq
    AS integer
    START WITH 1
    INCREMENT BY 1
    NO MINVALUE
    NO MAXVALUE
    CACHE 1;


ALTER TABLE public.experiment_type_id_seq OWNER TO pochis01;

--
-- Name: experiment_type_id_seq; Type: SEQUENCE OWNED BY; Schema: public; Owner: pochis01
--

ALTER SEQUENCE public.experiment_type_id_seq OWNED BY public.experiment_type.id;


--
-- Name: kinetic_law; Type: TABLE; Schema: public; Owner: pochis01
--

CREATE TABLE public.kinetic_law (
    kinetic_law_id integer NOT NULL,
    enzyme_id integer,
    enzyme_type character varying,
    tissue character varying,
    mechanism character varying,
    equation character varying
);


ALTER TABLE public.kinetic_law OWNER TO pochis01;

--
-- Name: method; Type: TABLE; Schema: public; Owner: pochis01
--

CREATE TABLE public.method (
    id integer NOT NULL,
    name character varying,
    comments character varying,
    performer character varying,
    hardware character varying,
    software character varying
);


ALTER TABLE public.method OWNER TO pochis01;

--
-- Name: method_id_seq; Type: SEQUENCE; Schema: public; Owner: pochis01
--

CREATE SEQUENCE public.method_id_seq
    AS integer
    START WITH 1
    INCREMENT BY 1
    NO MINVALUE
    NO MAXVALUE
    CACHE 1;


ALTER TABLE public.method_id_seq OWNER TO pochis01;

--
-- Name: method_id_seq; Type: SEQUENCE OWNED BY; Schema: public; Owner: pochis01
--

ALTER SEQUENCE public.method_id_seq OWNED BY public.method.id;


--
-- Name: observation; Type: TABLE; Schema: public; Owner: pochis01
--

CREATE TABLE public.observation (
    id integer NOT NULL,
    _metadata_id integer
);


ALTER TABLE public.observation OWNER TO pochis01;

--
-- Name: observation_id_seq; Type: SEQUENCE; Schema: public; Owner: pochis01
--

CREATE SEQUENCE public.observation_id_seq
    AS integer
    START WITH 1
    INCREMENT BY 1
    NO MINVALUE
    NO MAXVALUE
    CACHE 1;


ALTER TABLE public.observation_id_seq OWNER TO pochis01;

--
-- Name: observation_id_seq; Type: SEQUENCE OWNED BY; Schema: public; Owner: pochis01
--

ALTER SEQUENCE public.observation_id_seq OWNED BY public.observation.id;


--
-- Name: parameter; Type: TABLE; Schema: public; Owner: pochis01
--

CREATE TABLE public.parameter (
    parameter_id integer NOT NULL,
    kinetic_law_id integer,
    sabio_type integer,
    compound_id integer,
    value double precision,
    error double precision,
    units character varying,
    observed_name character varying,
    observed_sabio_type integer,
    observed_value double precision,
    observed_error double precision,
    observed_units character varying
);


ALTER TABLE public.parameter OWNER TO pochis01;

--
-- Name: parameter_parameter_id_seq; Type: SEQUENCE; Schema: public; Owner: pochis01
--

CREATE SEQUENCE public.parameter_parameter_id_seq
    AS integer
    START WITH 1
    INCREMENT BY 1
    NO MINVALUE
    NO MAXVALUE
    CACHE 1;


ALTER TABLE public.parameter_parameter_id_seq OWNER TO pochis01;

--
-- Name: parameter_parameter_id_seq; Type: SEQUENCE OWNED BY; Schema: public; Owner: pochis01
--

ALTER SEQUENCE public.parameter_parameter_id_seq OWNED BY public.parameter.parameter_id;


--
-- Name: physical_entity; Type: TABLE; Schema: public; Owner: pochis01
--

CREATE TABLE public.physical_entity (
    observation_id integer NOT NULL,
    type character varying,
    name character varying
);


ALTER TABLE public.physical_entity OWNER TO pochis01;

--
-- Name: physical_entity_observation_id_seq; Type: SEQUENCE; Schema: public; Owner: pochis01
--

CREATE SEQUENCE public.physical_entity_observation_id_seq
    AS integer
    START WITH 1
    INCREMENT BY 1
    NO MINVALUE
    NO MAXVALUE
    CACHE 1;


ALTER TABLE public.physical_entity_observation_id_seq OWNER TO pochis01;

--
-- Name: physical_entity_observation_id_seq; Type: SEQUENCE OWNED BY; Schema: public; Owner: pochis01
--

ALTER SEQUENCE public.physical_entity_observation_id_seq OWNED BY public.physical_entity.observation_id;


--
-- Name: physical_property; Type: TABLE; Schema: public; Owner: pochis01
--

CREATE TABLE public.physical_property (
    observation_id integer NOT NULL,
    type character varying,
    name character varying
);


ALTER TABLE public.physical_property OWNER TO pochis01;

--
-- Name: progress; Type: TABLE; Schema: public; Owner: pochis01
--

CREATE TABLE public.progress (
    database_name character varying NOT NULL,
    amount_loaded integer
);


ALTER TABLE public.progress OWNER TO pochis01;

--
-- Name: protein_complex; Type: TABLE; Schema: public; Owner: pochis01
--

CREATE TABLE public.protein_complex (
    complex_id integer NOT NULL,
    complex_name character varying,
    go_id character varying,
    go_dsc character varying,
    funcat_id character varying,
    funcat_dsc character varying,
    su_cmt character varying,
    complex_cmt character varying,
    disease_cmt character varying,
    class_name character varying,
    family_name character varying,
    molecular_weight double precision
);


ALTER TABLE public.protein_complex OWNER TO pochis01;

--
-- Name: protein_interactions; Type: TABLE; Schema: public; Owner: pochis01
--

CREATE TABLE public.protein_interactions (
    interaction_id integer NOT NULL,
    protein_a character varying,
    protein_b character varying,
    gene_a character varying,
    gene_b character varying,
    type_a character varying,
    type_b character varying,
    role_a character varying,
    role_b character varying,
    loc_a character varying,
    loc_b character varying,
    stoich_a character varying,
    stoich_b character varying,
    interaction_type character varying,
    confidence character varying
);


ALTER TABLE public.protein_interactions OWNER TO pochis01;

--
-- Name: protein_subunit; Type: TABLE; Schema: public; Owner: pochis01
--

CREATE TABLE public.protein_subunit (
    subunit_id integer NOT NULL,
    subunit_name character varying,
    uniprot_id character varying,
    entrez_id integer,
    ec_number character varying,
    gene_name character varying,
    gene_syn character varying,
    class_name character varying,
    family_name character varying,
    coefficient integer,
    canonical_sequence character varying,
    mass character varying,
    length character varying,
    molecular_weight double precision,
    pax_load integer,
    uniprot_checked boolean,
    proteincomplex_id integer
);


ALTER TABLE public.protein_subunit OWNER TO pochis01;

--
-- Name: protein_subunit_subunit_id_seq; Type: SEQUENCE; Schema: public; Owner: pochis01
--

CREATE SEQUENCE public.protein_subunit_subunit_id_seq
    AS integer
    START WITH 1
    INCREMENT BY 1
    NO MINVALUE
    NO MAXVALUE
    CACHE 1;


ALTER TABLE public.protein_subunit_subunit_id_seq OWNER TO pochis01;

--
-- Name: protein_subunit_subunit_id_seq; Type: SEQUENCE OWNED BY; Schema: public; Owner: pochis01
--

ALTER SEQUENCE public.protein_subunit_subunit_id_seq OWNED BY public.protein_subunit.subunit_id;


--
-- Name: reaction; Type: TABLE; Schema: public; Owner: pochis01
--

CREATE TABLE public.reaction (
    reaction_id integer NOT NULL,
    compound_id integer,
    compartment_id integer,
    coefficient double precision,
    _is_reactant boolean,
    _is_product boolean,
    _is_modifier boolean,
    rxn_type character varying,
    kinetic_law_id integer
);


ALTER TABLE public.reaction OWNER TO pochis01;

--
-- Name: reaction_reaction_id_seq; Type: SEQUENCE; Schema: public; Owner: pochis01
--

CREATE SEQUENCE public.reaction_reaction_id_seq
    AS integer
    START WITH 1
    INCREMENT BY 1
    NO MINVALUE
    NO MAXVALUE
    CACHE 1;


ALTER TABLE public.reaction_reaction_id_seq OWNER TO pochis01;

--
-- Name: reaction_reaction_id_seq; Type: SEQUENCE OWNED BY; Schema: public; Owner: pochis01
--

ALTER SEQUENCE public.reaction_reaction_id_seq OWNED BY public.reaction.reaction_id;


--
-- Name: reference_genome; Type: TABLE; Schema: public; Owner: pochis01
--

CREATE TABLE public.reference_genome (
    reference_genome_id integer NOT NULL,
    namespace character varying,
    organism_strain character varying,
    download_url character varying
);


ALTER TABLE public.reference_genome OWNER TO pochis01;

--
-- Name: resource; Type: TABLE; Schema: public; Owner: pochis01
--

CREATE TABLE public.resource (
    id integer NOT NULL,
    namespace character varying,
    _id character varying,
    release_date character varying
);


ALTER TABLE public.resource OWNER TO pochis01;

--
-- Name: resource_id_seq; Type: SEQUENCE; Schema: public; Owner: pochis01
--

CREATE SEQUENCE public.resource_id_seq
    AS integer
    START WITH 1
    INCREMENT BY 1
    NO MINVALUE
    NO MAXVALUE
    CACHE 1;


ALTER TABLE public.resource_id_seq OWNER TO pochis01;

--
-- Name: resource_id_seq; Type: SEQUENCE OWNED BY; Schema: public; Owner: pochis01
--

ALTER SEQUENCE public.resource_id_seq OWNED BY public.resource.id;


--
-- Name: rna_seq_dataset; Type: TABLE; Schema: public; Owner: pochis01
--

CREATE TABLE public.rna_seq_dataset (
    sample_id integer NOT NULL,
    experiment_accession_number character varying,
    sample_name character varying,
    assay character varying,
    ensembl_organism_strain character varying,
    read_type character varying,
    full_strain_specificity boolean
);


ALTER TABLE public.rna_seq_dataset OWNER TO pochis01;

--
-- Name: rna_seq_experiment; Type: TABLE; Schema: public; Owner: pochis01
--

CREATE TABLE public.rna_seq_experiment (
    experiment_id integer NOT NULL,
    accession_number character varying,
    exp_name character varying,
    has_fastq_files boolean
);


ALTER TABLE public.rna_seq_experiment OWNER TO pochis01;

--
-- Name: rnaseqdataset_referencegenome; Type: TABLE; Schema: public; Owner: pochis01
--

CREATE TABLE public.rnaseqdataset_referencegenome (
    sample_id integer,
    reference_genome_id integer
);


ALTER TABLE public.rnaseqdataset_referencegenome OWNER TO pochis01;

--
-- Name: rnaseqdataset_rnaseqexperiment; Type: TABLE; Schema: public; Owner: pochis01
--

CREATE TABLE public.rnaseqdataset_rnaseqexperiment (
    experiment_id integer,
    sample_id integer
);


ALTER TABLE public.rnaseqdataset_rnaseqexperiment OWNER TO pochis01;

--
-- Name: structure; Type: TABLE; Schema: public; Owner: pochis01
--

CREATE TABLE public.structure (
    struct_id integer NOT NULL,
    _value_smiles character varying,
    _value_inchi character varying,
    _structure_formula_connectivity character varying
);


ALTER TABLE public.structure OWNER TO pochis01;

--
-- Name: synonym; Type: TABLE; Schema: public; Owner: pochis01
--

CREATE TABLE public.synonym (
    id integer NOT NULL,
    name character varying
);


ALTER TABLE public.synonym OWNER TO pochis01;

--
-- Name: synonym_id_seq; Type: SEQUENCE; Schema: public; Owner: pochis01
--

CREATE SEQUENCE public.synonym_id_seq
    AS integer
    START WITH 1
    INCREMENT BY 1
    NO MINVALUE
    NO MAXVALUE
    CACHE 1;


ALTER TABLE public.synonym_id_seq OWNER TO pochis01;

--
-- Name: synonym_id_seq; Type: SEQUENCE OWNED BY; Schema: public; Owner: pochis01
--

ALTER SEQUENCE public.synonym_id_seq OWNED BY public.synonym.id;


--
-- Name: taxon; Type: TABLE; Schema: public; Owner: pochis01
--

CREATE TABLE public.taxon (
    ncbi_id integer NOT NULL,
    name character varying
);


ALTER TABLE public.taxon OWNER TO pochis01;

--
-- Name: taxon_ncbi_id_seq; Type: SEQUENCE; Schema: public; Owner: pochis01
--

CREATE SEQUENCE public.taxon_ncbi_id_seq
    AS integer
    START WITH 1
    INCREMENT BY 1
    NO MINVALUE
    NO MAXVALUE
    CACHE 1;


ALTER TABLE public.taxon_ncbi_id_seq OWNER TO pochis01;

--
-- Name: taxon_ncbi_id_seq; Type: SEQUENCE OWNED BY; Schema: public; Owner: pochis01
--

ALTER SEQUENCE public.taxon_ncbi_id_seq OWNED BY public.taxon.ncbi_id;


--
-- Name: variable; Type: TABLE; Schema: public; Owner: pochis01
--

CREATE TABLE public.variable (
    id integer NOT NULL,
    category character varying,
    value character varying,
    units character varying
);


ALTER TABLE public.variable OWNER TO pochis01;

--
-- Name: variable_id_seq; Type: SEQUENCE; Schema: public; Owner: pochis01
--

CREATE SEQUENCE public.variable_id_seq
    AS integer
    START WITH 1
    INCREMENT BY 1
    NO MINVALUE
    NO MAXVALUE
    CACHE 1;


ALTER TABLE public.variable_id_seq OWNER TO pochis01;

--
-- Name: variable_id_seq; Type: SEQUENCE OWNED BY; Schema: public; Owner: pochis01
--

ALTER SEQUENCE public.variable_id_seq OWNED BY public.variable.id;


--
-- Name: _experimentmetadata id; Type: DEFAULT; Schema: public; Owner: pochis01
--

ALTER TABLE ONLY public._experimentmetadata ALTER COLUMN id SET DEFAULT nextval('public._experimentmetadata_id_seq'::regclass);


--
-- Name: _metadata id; Type: DEFAULT; Schema: public; Owner: pochis01
--

ALTER TABLE ONLY public._metadata ALTER COLUMN id SET DEFAULT nextval('public._metadata_id_seq'::regclass);


--
-- Name: abundance_data abundance_id; Type: DEFAULT; Schema: public; Owner: pochis01
--

ALTER TABLE ONLY public.abundance_data ALTER COLUMN abundance_id SET DEFAULT nextval('public.abundance_data_abundance_id_seq'::regclass);


--
-- Name: cell_compartment id; Type: DEFAULT; Schema: public; Owner: pochis01
--

ALTER TABLE ONLY public.cell_compartment ALTER COLUMN id SET DEFAULT nextval('public.cell_compartment_id_seq'::regclass);


--
-- Name: cell_line id; Type: DEFAULT; Schema: public; Owner: pochis01
--

ALTER TABLE ONLY public.cell_line ALTER COLUMN id SET DEFAULT nextval('public.cell_line_id_seq'::regclass);


--
-- Name: characteristic id; Type: DEFAULT; Schema: public; Owner: pochis01
--

ALTER TABLE ONLY public.characteristic ALTER COLUMN id SET DEFAULT nextval('public.characteristic_id_seq'::regclass);


--
-- Name: conditions id; Type: DEFAULT; Schema: public; Owner: pochis01
--

ALTER TABLE ONLY public.conditions ALTER COLUMN id SET DEFAULT nextval('public.conditions_id_seq'::regclass);


--
-- Name: data_format _id; Type: DEFAULT; Schema: public; Owner: pochis01
--

ALTER TABLE ONLY public.data_format ALTER COLUMN _id SET DEFAULT nextval('public.data_format__id_seq'::regclass);


--
-- Name: dna_binding_data position_id; Type: DEFAULT; Schema: public; Owner: pochis01
--

ALTER TABLE ONLY public.dna_binding_data ALTER COLUMN position_id SET DEFAULT nextval('public.dna_binding_data_position_id_seq'::regclass);


--
-- Name: experiment id; Type: DEFAULT; Schema: public; Owner: pochis01
--

ALTER TABLE ONLY public.experiment ALTER COLUMN id SET DEFAULT nextval('public.experiment_id_seq'::regclass);


--
-- Name: experiment_design id; Type: DEFAULT; Schema: public; Owner: pochis01
--

ALTER TABLE ONLY public.experiment_design ALTER COLUMN id SET DEFAULT nextval('public.experiment_design_id_seq'::regclass);


--
-- Name: experiment_type id; Type: DEFAULT; Schema: public; Owner: pochis01
--

ALTER TABLE ONLY public.experiment_type ALTER COLUMN id SET DEFAULT nextval('public.experiment_type_id_seq'::regclass);


--
-- Name: method id; Type: DEFAULT; Schema: public; Owner: pochis01
--

ALTER TABLE ONLY public.method ALTER COLUMN id SET DEFAULT nextval('public.method_id_seq'::regclass);


--
-- Name: observation id; Type: DEFAULT; Schema: public; Owner: pochis01
--

ALTER TABLE ONLY public.observation ALTER COLUMN id SET DEFAULT nextval('public.observation_id_seq'::regclass);


--
-- Name: parameter parameter_id; Type: DEFAULT; Schema: public; Owner: pochis01
--

ALTER TABLE ONLY public.parameter ALTER COLUMN parameter_id SET DEFAULT nextval('public.parameter_parameter_id_seq'::regclass);


--
-- Name: physical_entity observation_id; Type: DEFAULT; Schema: public; Owner: pochis01
--

ALTER TABLE ONLY public.physical_entity ALTER COLUMN observation_id SET DEFAULT nextval('public.physical_entity_observation_id_seq'::regclass);


--
-- Name: protein_subunit subunit_id; Type: DEFAULT; Schema: public; Owner: pochis01
--

ALTER TABLE ONLY public.protein_subunit ALTER COLUMN subunit_id SET DEFAULT nextval('public.protein_subunit_subunit_id_seq'::regclass);


--
-- Name: reaction reaction_id; Type: DEFAULT; Schema: public; Owner: pochis01
--

ALTER TABLE ONLY public.reaction ALTER COLUMN reaction_id SET DEFAULT nextval('public.reaction_reaction_id_seq'::regclass);


--
-- Name: resource id; Type: DEFAULT; Schema: public; Owner: pochis01
--

ALTER TABLE ONLY public.resource ALTER COLUMN id SET DEFAULT nextval('public.resource_id_seq'::regclass);


--
-- Name: synonym id; Type: DEFAULT; Schema: public; Owner: pochis01
--

ALTER TABLE ONLY public.synonym ALTER COLUMN id SET DEFAULT nextval('public.synonym_id_seq'::regclass);


--
-- Name: taxon ncbi_id; Type: DEFAULT; Schema: public; Owner: pochis01
--

ALTER TABLE ONLY public.taxon ALTER COLUMN ncbi_id SET DEFAULT nextval('public.taxon_ncbi_id_seq'::regclass);


--
-- Name: variable id; Type: DEFAULT; Schema: public; Owner: pochis01
--

ALTER TABLE ONLY public.variable ALTER COLUMN id SET DEFAULT nextval('public.variable_id_seq'::regclass);


--
-- Data for Name: _experimentmetadata; Type: TABLE DATA; Schema: public; Owner: pochis01
--

COPY public._experimentmetadata (name, id, description) FROM stdin;
RNA-Seq Experiment Info: E-MTAB-6454	1	In temperate latitudes, many insects enter diapause (dormancy) during the cold season, a period during which developmental processes come to a standstill. The wood white (Leptidea sinapis) is a butterfly species distributed across western Eurasia that shows photoperiod-induced diapause with variation in critical day-length across populations at different latitudes. We assembled transcriptomes and estimated gene expression levels at different developmental stages in experimentally induced directly developing and diapausing cohorts of a single Swedish population of L. sinapis to investigate the regulatory mechanisms underpinning diapause initiation. Different day lengths resulted in expression changes of developmental genes and affected the rate of accumulation of signal molecules, suggesting that diapause induction might be controlled by increased activity of monoamine neurotransmitters in larvae reared under short-day light conditions. Expression differences between light treatment groups of two monoamine regulator genes (DDC and ST) were observed already in instar III larvae. Once developmental pathways were irreversibly set at instar V, a handful of genes related to dopamine production were differentially expressed leading to a significant decrease in expression of global metabolic genes and increase in expression of genes related to fatty acid synthesis and sequestration. This is in line with a time-dependent (hour-glass) model of diapause regulation where a gradual shift in the concentration of monoamine neurotransmitters and their metabolites during development of larvae under short-day conditions leads to increased storage of fat, decreased energy expenditures, and ultimately developmental stasis at the pupal stage.
RNA-Seq Experiment Info: E-MTAB-6403	2	Alternative polyadenylation (APA) is a kind of important post-transcriptional modification in eukaryotic cells. It plays considerable roles in many biological processes and diseases, such as cell differentiation, proliferation and cancer. Here, we used a high-throughput sequencing-based method 3T-seq to investigate the APA pattern in three colorectal cancer patients and explored the biological significance of APA modulation in all the three patients.
RNA-Seq Experiment Info: E-MTAB-6272	3	The adult mammalian heart has little regenerative capacity after myocardial infarction (MI) while neonatal mouse heart regenerates without scarring or dysfunction. However, the underlying pathways are poorly defined. We sought to derive insights into the pathways regulating neonatal development of the mouse heart and cardiac regeneration post-MI. Total RNA-seq of mouse heart through the first 10 days of postnatal life (referred to as P3, P5, P10) revealed a previously unobserved transition in microRNA expression between P3 and P5 associated specifically with altered expression of protein-coding genes on the focal adhesion pathway and cessation of cardiomyocyte cell division. We found profound changes in the coding and non-coding transcriptome after neonatal MI, with evidence of essentially complete healing by P10. Over two thirds of each of the mRNAs, lncRNAs and microRNAs that were differentially expressed in the post-MI heart were differentially expressed during normal postnatal development, suggesting a common regulatory pathway for normal cardiac development and post-MI cardiac regeneration. We selected exemplars of miRNAs implicated in our data set as regulators of cardiomyocyte proliferation. Several of these showed evidence of a functional influence on mouse cardiomyocyte cell division. In addition, a subset of these microRNAs, miR-144-3p, miR-195a-5p, miR-451a and miR-6240 showed evidence of functional conservation in human cardiomyocytes. The sets of mRNAs, miRNAs and lncRNAs that we report here merit further investigation as gatekeepers of cell division in the postnatal heart and as targets for extension of the period of cardiac regeneration beyond the neonatal period.
RNA-Seq Experiment Info: E-MTAB-6226	4	The Fil1 transcription factor regulates the response to amino acid starvation.  Here we analyse the effects of overexpressing the fil1 coding sequence and of its deregulated expression.  The following strains were used:  1] Strains expressing the fil1 gene under the control of the thiamine-repressible nmt1 promoter (nmt-fil1) 2] Strains in which 6 uORFs (upstream Open Reading Frames) in the fil1 5'-UTR have been inactivated, leading to deregulated translation of the fil1 mRNA (6uORF_mutant)
RNA-Seq Experiment Info: E-MTAB-5810	5	Study aims at investigating the translational response of S. pombe cells to amino acid starvation
\.


--
-- Data for Name: _experimentmetadata_experimentdesign; Type: TABLE DATA; Schema: public; Owner: pochis01
--

COPY public._experimentmetadata_experimentdesign (_experimentmetadata_id, experiment_design_id) FROM stdin;
1	1
1	2
1	3
2	4
3	5
3	3
4	6
4	7
4	8
5	6
5	7
5	8
\.


--
-- Data for Name: _experimentmetadata_experimenttype; Type: TABLE DATA; Schema: public; Owner: pochis01
--

COPY public._experimentmetadata_experimenttype (_experimentmetadata_id, experiment_type_id) FROM stdin;
1	1
2	1
3	1
4	1
5	1
\.


--
-- Data for Name: _experimentmetadata_method; Type: TABLE DATA; Schema: public; Owner: pochis01
--

COPY public._experimentmetadata_method (_experimentmetadata_id, method_id) FROM stdin;
1	2
1	3
1	4
1	5
1	6
1	7
1	8
1	9
1	10
1	11
1	12
2	13
2	14
2	15
2	16
3	17
3	18
3	19
3	20
3	21
3	22
4	23
4	24
4	25
4	26
4	27
4	28
4	29
4	30
5	27
5	31
5	32
5	33
5	34
5	35
5	36
5	37
5	38
5	39
\.


--
-- Data for Name: _experimentmetadata_resource; Type: TABLE DATA; Schema: public; Owner: pochis01
--

COPY public._experimentmetadata_resource (_experimentmetadata_id, resource_id) FROM stdin;
1	48
2	49
3	50
4	51
5	52
\.


--
-- Data for Name: _experimentmetadata_taxon; Type: TABLE DATA; Schema: public; Owner: pochis01
--

COPY public._experimentmetadata_taxon (_experimentmetadata_id, taxon_id) FROM stdin;
1	1
2	2
3	3
4	4
5	5
\.


--
-- Data for Name: _metadata; Type: TABLE DATA; Schema: public; Owner: pochis01
--

COPY public._metadata (id, name) FROM stdin;
1	882/882-Desulfo_Form_Exp_SC_zhang_2006.txt
2	882/882-Desulfo_Form_Stat_SC_zhang_2006.txt
3	protein_interaction_1
4	protein_interaction_2
5	protein_interaction_3
6	protein_interaction_4
7	protein_interaction_5
8	protein_interaction_6
9	protein_interaction_7
10	protein_interaction_8
11	protein_interaction_9
12	Peptide
13	H2O
14	subtilisin
15	N-(Carbobenzoxy)-Leu-Leu-Phe-trifluoromethylketone
16	Kinetic Law 1
17	\N
18	k_cat
19	k_m
20	k_i
21	Kinetic Law 2
22	Kinetic Law 3
23	Kinetic Law 4
24	Kinetic Law 5
25	cell_surface
26	membrane
27	Plasminogen
28	Plasmin
29	u-plasminogen activator
30	Integrin alphaMbeta2
31	Kinetic Law 6
32	Kinetic Law 7
33	(S)-Mandelate
34	Riboflavin-5-phosphate
35	alpha-Oxo-benzeneacetic acid
36	Reduced FMN
37	(S)-mandelate dehydrogenase
38	Kinetic Law 8
39	Kinetic Law 9
40	Kinetic Law 10
41	Kinetic Law 11
42	Kinetic Law 12
43	cytosol
44	Kinetic Law 13
45	Kinetic Law 14
46	O2
47	H2O2
48	Kinetic Law 15
49	Kinetic Law 16
50	Kinetic Law 17
51	Kinetic Law 18
52	RNA-Seq Sample Info: E-MTAB-6454_S3:6_ADULT_F
53	RNA-Seq Sample Info: E-MTAB-6454_S3:11_SD_P_M
54	RNA-Seq Sample Info: E-MTAB-6454_S3:11_SD_P_F
55	RNA-Seq Sample Info: E-MTAB-6454_S3:6_ADULT_M
56	RNA-Seq Sample Info: E-MTAB-6454_S3:11_SD_V_M
57	RNA-Seq Sample Info: E-MTAB-6454_S3:2_SD_P_F
58	RNA-Seq Sample Info: E-MTAB-6454_S3:11_SD_V_F
59	RNA-Seq Sample Info: E-MTAB-6454_S3:2_SD_P_M
60	RNA-Seq Sample Info: E-MTAB-6454_S3:2_LD_V_F
61	RNA-Seq Sample Info: E-MTAB-6454_S3:10_SD_V_F
62	RNA-Seq Sample Info: E-MTAB-6454_S3:11_LD_V_M
63	RNA-Seq Sample Info: E-MTAB-6454_S3:2_SD_V_F
64	RNA-Seq Sample Info: E-MTAB-6454_S3:10_SD_V_M
65	RNA-Seq Sample Info: E-MTAB-6454_S3:2_LD_V_M
66	RNA-Seq Sample Info: E-MTAB-6454_S3:2_SD_V_M
67	RNA-Seq Sample Info: E-MTAB-6454_S3:11_LD_V_F
68	RNA-Seq Sample Info: E-MTAB-6454_S3:10_SD_P_F
69	RNA-Seq Sample Info: E-MTAB-6454_S3:10_SD_P_M
70	RNA-Seq Sample Info: E-MTAB-6454_S3:10_SD_III
71	RNA-Seq Sample Info: E-MTAB-6454_S3:10_LD_V_F
72	RNA-Seq Sample Info: E-MTAB-6454_S3:11_LD_III
73	RNA-Seq Sample Info: E-MTAB-6454_S3:10_LD_V_M
74	RNA-Seq Sample Info: E-MTAB-6454_S3:6_2_ADULT_M
75	RNA-Seq Sample Info: E-MTAB-6454_S3:11_SD_III
76	RNA-Seq Sample Info: E-MTAB-6454_S3:2_SD_III
77	RNA-Seq Sample Info: E-MTAB-6454_S3:10_LD_P_F
78	RNA-Seq Sample Info: E-MTAB-6454_S3:11_LD_P_F
79	RNA-Seq Sample Info: E-MTAB-6454_S3:10_LD_III
80	RNA-Seq Sample Info: E-MTAB-6454_S3:10_LD_P_M
81	RNA-Seq Sample Info: E-MTAB-6454_S3:11_LD_P_M
82	RNA-Seq Sample Info: E-MTAB-6454_S3:2_LD_P_M
83	RNA-Seq Sample Info: E-MTAB-6454_S3:2_LD_P_F
84	RNA-Seq Sample Info: E-MTAB-6454_S3:10_ADULT_F
85	RNA-Seq Sample Info: E-MTAB-6454_S3:2_ADULT_F
86	RNA-Seq Sample Info: E-MTAB-6454_S3:2_LD_III
87	RNA-Seq Sample Info: E-MTAB-6454_S3:2_ADULT_M
88	RNA-Seq Sample Info: E-MTAB-6403_Sample 6
89	RNA-Seq Sample Info: E-MTAB-6403_Sample 4
90	RNA-Seq Sample Info: E-MTAB-6403_Sample 5
91	RNA-Seq Sample Info: E-MTAB-6403_Sample 2
92	RNA-Seq Sample Info: E-MTAB-6403_Sample 3
93	RNA-Seq Sample Info: E-MTAB-6403_Sample 1
94	RNA-Seq Sample Info: E-MTAB-6272_Sample 61
95	RNA-Seq Sample Info: E-MTAB-6272_Sample 25
96	RNA-Seq Sample Info: E-MTAB-6272_Sample 44
97	RNA-Seq Sample Info: E-MTAB-6272_Sample 48
98	RNA-Seq Sample Info: E-MTAB-6272_Sample 29
99	RNA-Seq Sample Info: E-MTAB-6272_Sample 28
100	RNA-Seq Sample Info: E-MTAB-6272_Sample 24
101	RNA-Seq Sample Info: E-MTAB-6272_Sample 18
102	RNA-Seq Sample Info: E-MTAB-6272_Sample 19
103	RNA-Seq Sample Info: E-MTAB-6272_Sample 14
104	RNA-Seq Sample Info: E-MTAB-6272_Sample 15
105	RNA-Seq Sample Info: E-MTAB-6272_Sample 16
106	RNA-Seq Sample Info: E-MTAB-6272_Sample 17
107	RNA-Seq Sample Info: E-MTAB-6272_Sample 10
108	RNA-Seq Sample Info: E-MTAB-6272_Sample 11
109	RNA-Seq Sample Info: E-MTAB-6272_Sample 12
110	RNA-Seq Sample Info: E-MTAB-6272_Sample 13
111	RNA-Seq Sample Info: E-MTAB-6272_Sample 50
112	RNA-Seq Sample Info: E-MTAB-6272_Sample 51
113	RNA-Seq Sample Info: E-MTAB-6272_Sample 78
114	RNA-Seq Sample Info: E-MTAB-6272_Sample 53
115	RNA-Seq Sample Info: E-MTAB-6272_Sample 54
116	RNA-Seq Sample Info: E-MTAB-6272_Sample 33
117	RNA-Seq Sample Info: E-MTAB-6272_Sample 56
118	RNA-Seq Sample Info: E-MTAB-6272_Sample 57
119	RNA-Seq Sample Info: E-MTAB-6272_Sample 72
120	RNA-Seq Sample Info: E-MTAB-6272_Sample 73
121	RNA-Seq Sample Info: E-MTAB-6272_Sample 70
122	RNA-Seq Sample Info: E-MTAB-6272_Sample 71
123	RNA-Seq Sample Info: E-MTAB-6272_Sample 76
124	RNA-Seq Sample Info: E-MTAB-6272_Sample 77
125	RNA-Seq Sample Info: E-MTAB-6272_Sample 38
126	RNA-Seq Sample Info: E-MTAB-6272_Sample 39
127	RNA-Seq Sample Info: E-MTAB-6272_Sample 49
128	RNA-Seq Sample Info: E-MTAB-6272_Sample 26
129	RNA-Seq Sample Info: E-MTAB-6272_Sample 43
130	RNA-Seq Sample Info: E-MTAB-6272_Sample 42
131	RNA-Seq Sample Info: E-MTAB-6272_Sample 31
132	RNA-Seq Sample Info: E-MTAB-6272_Sample 36
133	RNA-Seq Sample Info: E-MTAB-6272_Sample 37
134	RNA-Seq Sample Info: E-MTAB-6272_Sample 8
135	RNA-Seq Sample Info: E-MTAB-6272_Sample 74
136	RNA-Seq Sample Info: E-MTAB-6272_Sample 40
137	RNA-Seq Sample Info: E-MTAB-6272_Sample 9
138	RNA-Seq Sample Info: E-MTAB-6272_Sample 75
139	RNA-Seq Sample Info: E-MTAB-6272_Sample 52
140	RNA-Seq Sample Info: E-MTAB-6272_Sample 3
141	RNA-Seq Sample Info: E-MTAB-6272_Sample 35
142	RNA-Seq Sample Info: E-MTAB-6272_Sample 34
143	RNA-Seq Sample Info: E-MTAB-6272_Sample 55
144	RNA-Seq Sample Info: E-MTAB-6272_Sample 69
145	RNA-Seq Sample Info: E-MTAB-6272_Sample 68
146	RNA-Seq Sample Info: E-MTAB-6272_Sample 27
147	RNA-Seq Sample Info: E-MTAB-6272_Sample 32
148	RNA-Seq Sample Info: E-MTAB-6272_Sample 21
149	RNA-Seq Sample Info: E-MTAB-6272_Sample 30
150	RNA-Seq Sample Info: E-MTAB-6272_Sample 23
151	RNA-Seq Sample Info: E-MTAB-6272_Sample 22
152	RNA-Seq Sample Info: E-MTAB-6272_Sample 47
153	RNA-Seq Sample Info: E-MTAB-6272_Sample 60
154	RNA-Seq Sample Info: E-MTAB-6272_Sample 63
155	RNA-Seq Sample Info: E-MTAB-6272_Sample 62
156	RNA-Seq Sample Info: E-MTAB-6272_Sample 65
157	RNA-Seq Sample Info: E-MTAB-6272_Sample 64
158	RNA-Seq Sample Info: E-MTAB-6272_Sample 67
159	RNA-Seq Sample Info: E-MTAB-6272_Sample 66
160	RNA-Seq Sample Info: E-MTAB-6272_Sample 20
161	RNA-Seq Sample Info: E-MTAB-6272_Sample 58
162	RNA-Seq Sample Info: E-MTAB-6272_Sample 46
163	RNA-Seq Sample Info: E-MTAB-6272_Sample 41
164	RNA-Seq Sample Info: E-MTAB-6272_Sample 59
165	RNA-Seq Sample Info: E-MTAB-6272_Sample 6
166	RNA-Seq Sample Info: E-MTAB-6272_Sample 7
167	RNA-Seq Sample Info: E-MTAB-6272_Sample 4
168	RNA-Seq Sample Info: E-MTAB-6272_Sample 5
169	RNA-Seq Sample Info: E-MTAB-6272_Sample 2
170	RNA-Seq Sample Info: E-MTAB-6272_Sample 45
171	RNA-Seq Sample Info: E-MTAB-6272_Sample 1
172	RNA-Seq Sample Info: E-MTAB-6226_6uORF_mutant.no3AT.rep1
173	RNA-Seq Sample Info: E-MTAB-6226_6uORF_mutant.no3AT.rep2
174	RNA-Seq Sample Info: E-MTAB-6226_nmt1-fil1.no_thiamine.rep2
175	RNA-Seq Sample Info: E-MTAB-6226_nmt1-fil1.no_thiamine.rep1
176	RNA-Seq Sample Info: E-MTAB-6226_wildtype.3AT.rep2
177	RNA-Seq Sample Info: E-MTAB-6226_nmt1-fil1.thiamine.rep1
178	RNA-Seq Sample Info: E-MTAB-6226_nmt1-fil1.thiamine.rep2
179	RNA-Seq Sample Info: E-MTAB-6226_wildtype.3AT.rep1
180	RNA-Seq Sample Info: E-MTAB-6226_6uORF_mutant.3AT.rep2
181	RNA-Seq Sample Info: E-MTAB-6226_6uORF_mutant.3AT.rep1
182	RNA-Seq Sample Info: E-MTAB-6226_wildtype.no3AT.rep1
183	RNA-Seq Sample Info: E-MTAB-6226_wildtype.no3AT.rep2
184	RNA-Seq Sample Info: E-MTAB-5810_gcn2.noAT.mrna.3
185	RNA-Seq Sample Info: E-MTAB-5810_gcn2.noAT.mrna.4
186	RNA-Seq Sample Info: E-MTAB-5810_wt.noAT.noCHX.ribo.11
187	RNA-Seq Sample Info: E-MTAB-5810_wt.noAT.ribo.4
188	RNA-Seq Sample Info: E-MTAB-5810_wt.AT.mrna.3
189	RNA-Seq Sample Info: E-MTAB-5810_wt.noAT.ribo.3
190	RNA-Seq Sample Info: E-MTAB-5810_wt.noAT.ribo.2
191	RNA-Seq Sample Info: E-MTAB-5810_wt.AT.mrna.4
192	RNA-Seq Sample Info: E-MTAB-5810_gcn2.AT.ribo.3
193	RNA-Seq Sample Info: E-MTAB-5810_wt.noAT.CHX.mrna.11
194	RNA-Seq Sample Info: E-MTAB-5810_wt.noAT.CHX.mrna.13
195	RNA-Seq Sample Info: E-MTAB-5810_wt.noAT.mrna.3
196	RNA-Seq Sample Info: E-MTAB-5810_wt.AT.ribo.3
197	RNA-Seq Sample Info: E-MTAB-5810_wt.AT.ribo.4
198	RNA-Seq Sample Info: E-MTAB-5810_wt.noAT.mrna.4
199	RNA-Seq Sample Info: E-MTAB-5810_wt.noAT.noCHX.ribo.13
200	RNA-Seq Sample Info: E-MTAB-5810_wt.AT.noCHX.mrna.13
201	RNA-Seq Sample Info: E-MTAB-5810_gcn2.AT.mrna.3
202	RNA-Seq Sample Info: E-MTAB-5810_wt.AT.noCHX.mrna.11
203	RNA-Seq Sample Info: E-MTAB-5810_gcn2.AT.mrna.4
204	RNA-Seq Sample Info: E-MTAB-5810_wt.noAT.noCHX.mrna.11
205	RNA-Seq Sample Info: E-MTAB-5810_wt.noAT.noCHX.mrna.13
206	RNA-Seq Sample Info: E-MTAB-5810_gcn2.noAT.ribo.3
207	RNA-Seq Sample Info: E-MTAB-5810_gcn2.noAT.ribo.4
208	RNA-Seq Sample Info: E-MTAB-5810_wt.AT.CHX.mrna.13
209	RNA-Seq Sample Info: E-MTAB-5810_wt.AT.ribo.2-1
210	RNA-Seq Sample Info: E-MTAB-5810_wt.AT.CHX.mrna.11
211	RNA-Seq Sample Info: E-MTAB-5810_wt.AT.CHX.ribo.13
212	RNA-Seq Sample Info: E-MTAB-5810_wt.AT.CHX.ribo.11
213	RNA-Seq Sample Info: E-MTAB-5810_gcn2.AT.ribo.4
214	RNA-Seq Sample Info: E-MTAB-5810_wt.AT.ribo.2-2
215	RNA-Seq Sample Info: E-MTAB-5810_wt.noAT.mrna.2B
216	RNA-Seq Sample Info: E-MTAB-5810_wt.AT.mrna.2B
217	RNA-Seq Sample Info: E-MTAB-5810_wt.noAT.CHX.ribo.11
218	RNA-Seq Sample Info: E-MTAB-5810_wt.noAT.CHX.ribo.13
219	RNA-Seq Sample Info: E-MTAB-5810_wt.AT.noCHX.ribo.13
220	RNA-Seq Sample Info: E-MTAB-5810_wt.AT.noCHX.ribo.11
221	LSM1-7-PAT1 complex, variant LSM1A-LSM3B-LSM6B-PAT1
222	LSM1-7-PAT1 complex, variant LSM1A-LSM3B-LSM6A-PAT1
223	LSM1-7-PAT1 complex, variant LSM1B-LSM3A-LSM6A-PAT1
224	LSM1-7-PAT1 complex, variant LSM1B-LSM3B-LSM6A-PAT1
225	LSM1-7-PAT1 complex, variant LSM1B-LSM3B-LSM6B-PAT1
226	LSM1-7-PAT1 complex, variant LSM1B-LSM3A-LSM6B-PAT1
227	LSM1-7-PAT1 complex, variant LSM1A-LSM3A-LSM6B-PAT1
228	LSM2-8 complex, variant LSM3A-LSM6B
229	LSM1-7-PAT1 complex, variant LSM1A-LSM3A-LSM6A-PAT1
230	Evening Complex
231	BCL6-HDAC4 complex
232	BCL6-HDAC5 complex
233	BCL6-HDAC7 complex
234	Multisubunit ACTR coactivator complex
235	6S-nuclear aryl hydrocarbon (Ah) receptor ligand-activated complex
236	Condensin I complex
237	BLOC-3 (biogenesis of lysosome-related organelles complex 3)
238	BLOC-2 (biogenesis of lysosome-related organelles complex 2)
239	MUS81-CDS1 complex
240	AGL3 Binding Motif
241	RUNX1 Binding Motif
242	TFAP2A Binding Motif
243	Arnt Binding Motif
244	AG Binding Motif
245	Ahr::Arnt Binding Motif
246	Ar Binding Motif
247	HAT5 Binding Motif
248	T Binding Motif
249	br Binding Motif
250	br(var.2) Binding Motif
251	2-Ketobutyric acid
252	Deoxyuridine
253	Deoxycytidine
254	a-Ketoisovaleric acid
255	3-Hydroxyisobutyric acid
256	Ureidopropionic acid
257	Biotin
258	Adenine
259	Adenine Concentration 0
260	Adenine Concentration 1
261	Adenine Concentration 2
262	Adenine Concentration 3
263	Adenine Concentration 4
264	Butyric acid
265	Acetic acid
266	Acetic acid Concentration 0
267	Ascorbic acid
268	Adenosine monophosphate
269	Adenosine monophosphate Concentration 0
270	Adenosine monophosphate Concentration 1
271	Adenosine monophosphate Concentration 2
272	Adenosine monophosphate Concentration 3
273	Adenosine monophosphate Concentration 4
274	Melibiose
275	Adenosine
276	Adenosine Concentration 0
277	Adenosine Concentration 1
278	Ammonia
279	Cellobiose
280	beta-Alanine
281	beta-Alanine Concentration 0
282	Cyclic AMP
283	Cyclic AMP Concentration 0
284	Cyclic AMP Concentration 1
285	Cyclic AMP Concentration 2
286	Acetoacetic acid
287	Acetoacetic acid Concentration 0
288	Adenosine 3',5'-diphosphate
289	Carnitine
290	Carnitine Concentration 0
291	Deoxyinosine
292	cis-Aconitic acid
293	cis-Aconitic acid Concentration 0
294	cis-Aconitic acid Concentration 1
295	cis-Aconitic acid Concentration 2
296	Dopamine
297	Dihydrouracil
298	Cysteinylglycine
299	Dihydrothymine
300	Cytidine triphosphate
301	Cytidine triphosphate Concentration 0
302	Cytidine triphosphate Concentration 1
303	Cytidine triphosphate Concentration 2
304	Cytidine triphosphate Concentration 3
\.


--
-- Data for Name: _metadata_cell_line; Type: TABLE DATA; Schema: public; Owner: pochis01
--

COPY public._metadata_cell_line (_metadata_id, cell_line_id) FROM stdin;
16	1
21	2
22	3
23	4
24	5
31	6
32	6
38	7
39	8
40	9
41	10
42	11
44	12
45	13
48	7
49	8
50	9
51	10
231	14
232	14
233	14
234	14
235	14
236	14
237	14
238	14
239	14
259	15
260	15
261	15
262	16
263	17
266	17
269	18
270	15
271	15
272	15
273	16
276	15
277	16
281	16
283	15
284	15
285	15
287	17
290	16
293	15
294	15
295	15
301	15
302	15
303	15
304	16
\.


--
-- Data for Name: _metadata_characteristic; Type: TABLE DATA; Schema: public; Owner: pochis01
--

COPY public._metadata_characteristic (_metadata_id, characteristic_id) FROM stdin;
52	1
52	2
52	3
52	4
52	5
53	1
53	2
53	6
53	7
53	8
54	1
54	2
54	6
54	4
54	8
55	1
55	2
55	3
55	7
55	5
56	1
56	2
56	6
56	7
56	9
57	1
57	2
57	6
57	10
57	8
58	1
58	2
58	6
58	4
58	9
59	1
59	2
59	6
59	7
59	8
60	1
60	2
60	3
60	4
60	9
61	1
61	2
61	6
61	4
61	9
62	1
62	2
62	3
62	7
62	9
63	1
63	2
63	6
63	4
63	9
64	1
64	2
64	6
64	7
64	9
65	1
65	2
65	3
65	7
65	9
66	1
66	2
66	6
66	7
66	9
67	1
67	2
67	3
67	4
67	9
68	1
68	2
68	6
68	4
68	8
69	1
69	2
69	6
69	7
69	8
70	1
70	2
70	6
70	10
70	11
71	1
71	2
71	3
71	4
71	9
72	1
72	2
72	3
72	10
72	11
73	1
73	2
73	3
73	7
73	9
74	1
74	2
74	3
74	7
74	5
75	1
75	2
75	6
75	10
75	11
76	1
76	2
76	6
76	10
76	11
77	1
77	2
77	3
77	4
77	8
78	1
78	2
78	3
78	4
78	8
79	1
79	2
79	3
79	10
79	11
80	1
80	2
80	3
80	7
80	8
81	1
81	2
81	3
81	7
81	8
82	1
82	2
82	3
82	7
82	8
83	1
83	2
83	3
83	4
83	8
84	1
84	2
84	3
84	4
84	5
85	1
85	2
85	3
85	4
85	5
86	1
86	2
86	3
86	10
86	11
87	1
87	2
87	3
87	7
87	5
88	12
88	13
88	14
88	4
88	15
88	16
88	17
89	12
89	18
89	19
89	4
89	15
89	16
89	17
90	12
90	13
90	14
90	4
90	15
90	16
90	20
91	12
91	21
91	22
91	4
91	15
91	16
91	17
92	12
92	18
92	19
92	4
92	15
92	16
92	20
93	12
93	21
93	22
93	4
93	15
93	16
93	20
94	23
94	24
94	25
94	26
94	27
94	28
94	29
95	23
95	30
95	25
95	26
95	27
95	28
95	29
96	23
96	24
96	25
96	26
96	31
96	28
96	29
97	23
97	24
97	25
97	26
97	31
97	28
97	29
98	23
98	32
98	25
98	26
98	33
98	28
98	29
99	23
99	32
99	25
99	26
99	33
99	28
99	29
100	23
100	24
100	25
100	26
100	27
100	28
100	29
101	23
101	32
101	25
101	26
101	27
101	28
101	29
102	23
102	34
102	25
102	26
102	27
102	28
102	29
103	23
103	35
103	25
103	26
103	27
103	28
103	29
104	23
104	35
104	25
104	26
104	27
104	28
104	29
105	23
105	32
105	25
105	26
105	27
105	28
105	29
106	23
106	32
106	25
106	26
106	27
106	28
106	29
107	23
107	30
107	25
107	26
107	31
107	28
107	29
108	23
108	30
108	25
108	26
108	31
108	28
108	29
109	23
109	30
109	25
109	26
109	31
109	28
109	29
110	23
110	35
110	25
110	26
110	27
110	28
110	29
111	23
111	30
111	25
111	26
111	31
111	28
111	29
112	23
112	30
112	25
112	26
112	31
112	28
112	29
113	23
113	30
113	25
113	26
113	33
113	28
113	29
114	23
114	35
114	25
114	26
114	27
114	28
114	29
115	23
115	35
115	25
115	26
115	27
115	28
115	29
116	23
116	34
116	25
116	26
116	33
116	28
116	29
117	23
117	32
117	25
117	26
117	27
117	28
117	29
118	23
118	32
118	25
118	26
118	27
118	28
118	29
119	23
119	34
119	25
119	26
119	33
119	28
119	29
120	23
120	24
120	25
120	26
120	33
120	28
120	29
121	23
121	34
121	25
121	26
121	33
121	28
121	29
122	23
122	34
122	25
122	26
122	33
122	28
122	29
123	23
123	30
123	25
123	26
123	33
123	28
123	29
124	23
124	30
124	25
124	26
124	33
124	28
124	29
125	23
125	30
125	25
125	26
125	33
125	28
125	29
126	23
126	30
126	25
126	26
126	33
126	28
126	29
127	23
127	30
127	25
127	26
127	31
127	28
127	29
128	23
128	30
128	25
128	26
128	27
128	28
128	29
129	23
129	34
129	25
129	26
129	31
129	28
129	29
130	23
130	32
130	25
130	26
130	31
130	28
130	29
131	23
131	34
131	25
131	26
131	33
131	28
131	29
132	23
132	24
132	25
132	26
132	33
132	28
132	29
133	23
133	30
133	25
133	26
133	33
133	28
133	29
134	23
134	24
134	25
134	26
134	31
134	28
134	29
135	23
135	24
135	25
135	26
135	33
135	28
135	29
136	23
136	32
136	25
136	26
136	31
136	28
136	29
137	23
137	24
137	25
137	26
137	31
137	28
137	29
138	23
138	24
138	25
138	26
138	33
138	28
138	29
139	23
139	35
139	25
139	26
139	27
139	28
139	29
140	23
140	32
140	25
140	26
140	31
140	28
140	29
141	23
141	24
141	25
141	26
141	33
141	28
141	29
142	23
142	24
142	25
142	26
142	33
142	28
142	29
143	23
143	32
143	25
143	26
143	27
143	28
143	29
144	23
144	32
144	25
144	26
144	33
144	28
144	29
145	23
145	32
145	25
145	26
145	33
145	28
145	29
146	23
146	30
146	25
146	26
146	27
146	28
146	29
147	23
147	34
147	25
147	26
147	33
147	28
147	29
148	23
148	34
148	25
148	26
148	27
148	28
148	29
149	23
149	32
149	25
149	26
149	33
149	28
149	29
150	23
150	24
150	25
150	26
150	27
150	28
150	29
151	23
151	24
151	25
151	26
151	27
151	28
151	29
152	23
152	24
152	25
152	26
152	31
152	28
152	29
153	23
153	34
153	25
153	26
153	27
153	28
153	29
154	23
154	24
154	25
154	26
154	27
154	28
154	29
155	23
155	24
155	25
155	26
155	27
155	28
155	29
156	23
156	30
156	25
156	26
156	27
156	28
156	29
157	23
157	30
157	25
157	26
157	27
157	28
157	29
158	23
158	32
158	25
158	26
158	33
158	28
158	29
159	23
159	30
159	25
159	26
159	27
159	28
159	29
160	23
160	34
160	25
160	26
160	27
160	28
160	29
161	23
161	34
161	25
161	26
161	27
161	28
161	29
162	23
162	34
162	25
162	26
162	31
162	28
162	29
163	23
163	32
163	25
163	26
163	31
163	28
163	29
164	23
164	34
164	25
164	26
164	27
164	28
164	29
165	23
165	34
165	25
165	26
165	31
165	28
165	29
166	23
166	24
166	25
166	26
166	31
166	28
166	29
167	23
167	34
167	25
167	26
167	31
167	28
167	29
168	23
168	34
168	25
168	26
168	31
168	28
168	29
169	23
169	32
169	25
169	26
169	31
169	28
169	29
170	23
170	34
170	25
170	26
170	31
170	28
170	29
171	23
171	32
171	25
171	26
171	31
171	28
171	29
172	36
172	37
172	38
172	39
173	36
173	37
173	38
173	40
174	36
174	41
174	42
174	40
175	36
175	41
175	42
175	39
176	36
176	29
176	38
176	40
177	36
177	41
177	43
177	39
178	36
178	41
178	43
178	40
179	36
179	29
179	38
179	39
180	36
180	37
180	38
180	40
181	36
181	37
181	38
181	39
182	36
182	29
182	38
182	39
183	36
183	29
183	38
183	40
184	36
184	44
184	45
185	36
185	44
185	45
186	36
186	29
186	46
187	36
187	29
187	46
188	36
188	29
188	45
189	36
189	29
189	46
190	36
190	29
190	46
191	36
191	29
191	45
192	36
192	44
192	46
193	36
193	29
193	45
194	36
194	29
194	45
195	36
195	29
195	45
196	36
196	29
196	46
197	36
197	29
197	46
198	36
198	29
198	45
199	36
199	29
199	46
200	36
200	29
200	45
201	36
201	44
201	45
202	36
202	29
202	45
203	36
203	44
203	45
204	36
204	29
204	45
205	36
205	29
205	45
206	36
206	44
206	46
207	36
207	29
207	46
208	36
208	29
208	45
209	36
209	29
209	46
210	36
210	29
210	45
211	36
211	29
211	46
212	36
212	29
212	46
213	36
213	29
213	46
214	36
214	29
214	46
215	36
215	29
215	45
216	36
216	29
216	45
217	36
217	29
217	46
218	36
218	29
218	46
219	36
219	29
219	46
220	36
220	29
220	46
\.


--
-- Data for Name: _metadata_compartment; Type: TABLE DATA; Schema: public; Owner: pochis01
--

COPY public._metadata_compartment (_metadata_id, compartment_id) FROM stdin;
251	4
252	4
252	5
252	6
253	4
253	5
253	6
254	4
255	7
255	6
256	7
256	6
257	4
257	5
257	6
258	4
258	5
258	6
259	4
259	5
259	6
260	4
260	5
260	6
261	4
261	5
261	6
262	4
262	5
262	6
263	4
263	5
263	6
264	4
264	5
264	6
265	4
265	5
265	6
266	4
266	5
266	6
267	5
267	6
268	4
268	5
268	6
269	4
269	5
269	6
270	4
270	5
270	6
271	4
271	5
271	6
272	4
272	5
272	6
273	4
273	5
273	6
274	4
274	5
274	6
275	4
275	5
275	6
276	4
276	5
276	6
277	4
277	5
277	6
278	7
278	6
279	7
279	6
280	4
280	5
280	6
281	4
281	5
281	6
282	4
283	4
284	4
285	4
286	4
286	5
286	6
287	4
287	5
287	6
288	4
289	4
289	5
289	6
290	4
290	5
290	6
291	4
291	5
291	6
292	4
293	4
294	4
295	4
296	5
296	6
297	4
298	4
298	5
298	6
299	8
299	9
300	4
301	4
302	4
303	4
304	4
\.


--
-- Data for Name: _metadata_conditions; Type: TABLE DATA; Schema: public; Owner: pochis01
--

COPY public._metadata_conditions (_metadata_id, conditions_id) FROM stdin;
16	1
21	1
22	1
23	1
24	1
31	2
32	2
38	3
39	3
40	3
41	3
42	3
44	3
45	3
48	4
49	4
50	4
51	4
259	5
260	6
261	7
262	8
263	9
266	9
269	10
270	5
271	6
272	7
273	8
276	5
277	8
281	8
283	5
284	6
285	7
287	9
290	8
293	5
294	5
295	6
301	5
302	6
303	7
304	8
\.


--
-- Data for Name: _metadata_method; Type: TABLE DATA; Schema: public; Owner: pochis01
--

COPY public._metadata_method (_metadata_id, method_id) FROM stdin;
3	1
4	1
5	1
6	1
7	1
8	1
9	1
10	1
11	1
231	40
232	40
233	40
234	41
235	42
236	43
237	44
238	45
239	46
240	47
241	47
242	47
243	47
244	47
245	47
246	47
247	47
248	47
249	48
250	48
\.


--
-- Data for Name: _metadata_resource; Type: TABLE DATA; Schema: public; Owner: pochis01
--

COPY public._metadata_resource (_metadata_id, resource_id) FROM stdin;
1	1
2	1
3	2
3	3
4	2
4	3
5	2
5	3
6	2
6	3
7	2
7	3
8	2
8	3
9	2
9	3
10	2
10	3
11	2
11	3
12	4
12	5
12	6
13	7
13	8
13	9
16	10
16	11
16	12
21	10
21	11
21	12
22	10
22	11
22	12
23	10
23	11
23	12
24	10
24	11
24	12
27	13
27	14
28	15
28	16
31	17
31	18
31	19
32	17
32	18
32	19
33	20
33	21
33	22
33	23
34	24
34	25
34	26
34	27
35	28
35	29
35	30
35	31
36	32
36	33
36	34
38	35
38	36
38	37
38	38
39	35
39	36
39	37
39	38
40	35
40	36
40	37
40	38
41	35
41	36
41	37
41	38
42	35
42	36
42	37
42	38
44	35
44	36
44	37
44	38
45	35
45	36
45	37
45	38
46	39
46	40
46	41
46	42
46	43
47	44
47	45
47	46
48	35
48	47
48	38
49	35
49	47
49	38
50	35
50	47
50	38
51	35
51	47
51	38
221	53
222	54
223	55
224	56
225	57
226	58
227	59
228	60
229	61
230	62
231	63
232	63
233	63
234	64
235	65
236	66
237	67
238	68
239	69
238	70
240	71
241	72
242	73
243	74
244	75
245	74
246	76
247	77
248	78
249	79
250	79
251	80
251	81
251	82
251	83
251	84
251	85
251	86
251	87
251	88
252	89
252	90
252	91
252	92
252	93
252	94
252	95
252	96
252	97
252	98
253	99
253	100
253	101
253	102
253	103
253	104
253	105
253	106
253	107
254	108
254	109
254	110
254	111
254	112
254	113
254	114
255	115
255	116
255	117
255	118
255	119
255	120
255	121
256	122
256	123
256	124
256	125
256	126
256	127
256	128
256	129
256	130
257	131
257	132
257	133
257	134
257	135
257	136
257	137
257	138
257	139
257	140
258	141
258	142
258	143
258	144
258	145
258	146
258	147
258	148
258	149
258	150
259	151
260	151
261	151
262	152
263	153
264	154
264	155
264	156
264	157
264	158
264	159
264	160
264	161
264	162
264	163
265	164
265	165
265	166
265	167
265	168
265	169
265	170
265	171
265	172
265	173
266	153
267	174
267	175
267	176
267	177
267	178
267	179
267	180
267	181
267	182
268	183
268	184
268	185
268	186
268	187
268	188
268	189
268	190
268	191
268	192
269	193
270	151
271	151
272	151
273	152
274	194
274	195
274	196
274	197
274	198
274	199
274	200
274	201
275	202
275	203
275	204
275	205
275	206
275	207
275	208
275	209
275	210
276	151
277	152
278	211
278	212
278	213
278	214
278	215
278	216
278	217
278	218
278	219
278	220
279	221
279	222
279	223
279	224
279	225
279	226
279	227
279	228
279	229
279	230
280	231
280	232
280	233
280	234
280	235
280	236
280	237
280	238
280	239
280	240
281	152
282	241
282	242
282	243
282	244
282	245
282	246
282	247
282	248
282	249
282	250
283	151
284	151
285	151
286	251
286	252
286	253
286	254
286	255
286	256
286	257
286	258
286	259
287	153
288	260
288	261
288	262
288	263
288	264
288	265
288	266
288	267
288	268
289	269
289	270
289	271
289	272
289	273
289	274
289	275
289	276
289	277
290	152
291	278
291	279
291	280
291	281
291	282
291	283
291	284
291	285
292	286
292	287
292	288
292	289
292	290
292	291
292	292
292	293
293	151
294	151
295	151
296	294
296	295
296	296
296	297
296	298
296	299
296	300
296	301
296	302
297	303
297	304
297	305
297	306
297	307
297	308
297	309
297	310
297	311
298	312
298	313
298	314
298	315
298	316
298	317
298	318
299	319
299	320
299	321
299	322
299	323
299	324
299	325
299	326
300	327
300	328
300	329
300	330
300	331
300	332
300	333
300	334
300	335
300	336
301	151
302	151
303	151
304	152
\.


--
-- Data for Name: _metadata_synonym; Type: TABLE DATA; Schema: public; Owner: pochis01
--

COPY public._metadata_synonym (_metadata_id, synonym_id) FROM stdin;
13	1
33	2
33	3
33	4
34	5
34	6
35	7
35	8
35	9
35	10
35	11
36	12
46	13
47	14
47	15
251	16
251	17
251	18
251	19
251	20
251	21
251	22
251	23
251	24
251	25
251	26
251	27
251	28
251	29
251	30
251	31
251	32
251	33
251	34
251	35
251	36
251	37
251	38
251	39
251	40
251	41
251	42
251	43
251	44
251	45
251	46
251	47
251	48
251	49
251	50
251	51
251	52
251	53
251	54
251	55
251	56
251	57
251	58
251	59
251	60
251	61
251	62
251	63
251	64
251	65
251	66
251	67
251	68
251	69
251	70
251	71
251	72
251	73
252	74
252	75
252	76
252	77
252	78
252	79
252	80
252	81
252	82
252	83
252	84
252	85
252	86
252	87
252	88
252	89
252	90
252	91
252	92
252	93
252	94
252	95
252	96
252	97
252	98
252	99
253	100
253	101
253	102
253	103
253	104
253	105
253	106
253	107
253	108
253	109
253	110
253	111
253	112
253	113
253	114
253	115
253	116
253	117
253	118
253	119
253	120
253	121
253	122
253	123
253	124
253	125
253	126
253	127
253	128
253	129
253	130
253	131
254	132
254	133
254	134
254	135
254	136
254	137
254	138
254	139
254	140
254	141
254	142
254	143
254	144
254	145
254	146
254	147
254	148
254	149
254	150
254	151
254	152
254	153
254	154
254	155
254	156
254	157
254	158
254	159
254	160
254	161
254	162
254	163
254	164
254	165
254	166
254	167
254	168
254	169
255	170
255	171
255	172
255	173
255	174
255	175
255	176
255	177
255	178
255	179
255	180
255	181
255	182
255	183
255	184
255	185
255	186
255	187
255	188
255	189
255	190
255	191
255	192
255	193
255	194
255	195
255	196
256	197
256	198
256	199
256	200
256	201
256	202
256	203
256	204
256	205
256	206
256	207
256	208
256	209
256	210
256	211
256	212
256	213
256	214
256	215
256	216
256	217
256	218
256	219
256	220
256	221
256	222
256	223
256	224
256	225
256	226
256	227
256	228
256	229
256	230
256	231
257	232
257	233
257	234
257	235
257	236
257	237
257	238
257	239
257	240
257	241
257	242
257	243
257	244
257	245
257	246
257	247
257	248
257	249
257	250
257	251
257	252
257	253
257	254
257	255
257	256
257	257
257	258
257	259
257	260
257	261
257	262
257	263
257	264
257	265
257	266
257	267
257	268
257	269
257	270
257	271
257	272
257	273
257	274
257	275
257	276
257	277
257	278
257	279
257	280
257	281
257	282
257	283
257	284
257	285
257	286
258	287
258	288
258	289
258	290
258	291
258	292
258	293
258	294
258	295
258	296
258	297
258	298
258	299
258	300
258	301
258	302
258	303
258	304
258	305
258	306
258	307
259	287
259	288
259	289
259	290
259	291
259	292
259	293
259	294
259	295
259	296
259	297
259	298
259	299
259	300
259	301
259	302
259	303
259	304
259	305
259	306
259	307
260	287
260	288
260	289
260	290
260	291
260	292
260	293
260	294
260	295
260	296
260	297
260	298
260	299
260	300
260	301
260	302
260	303
260	304
260	305
260	306
260	307
261	287
261	288
261	289
261	290
261	291
261	292
261	293
261	294
261	295
261	296
261	297
261	298
261	299
261	300
261	301
261	302
261	303
261	304
261	305
261	306
261	307
262	287
262	288
262	289
262	290
262	291
262	292
262	293
262	294
262	295
262	296
262	297
262	298
262	299
262	300
262	301
262	302
262	303
262	304
262	305
262	306
262	307
263	287
263	288
263	289
263	290
263	291
263	292
263	293
263	294
263	295
263	296
263	297
263	298
263	299
263	300
263	301
263	302
263	303
263	304
263	305
263	306
263	307
264	308
264	309
264	310
264	311
264	312
264	313
264	314
264	315
264	316
264	317
264	318
264	319
264	320
264	321
264	322
264	323
264	324
264	325
264	326
264	327
264	328
264	329
264	330
264	331
264	332
264	333
264	334
265	335
265	336
265	337
265	338
265	339
265	340
265	341
265	342
265	343
265	344
265	345
265	346
265	347
265	348
266	335
266	336
266	337
266	338
266	339
266	340
266	341
266	342
266	343
266	344
266	345
266	346
266	347
266	348
267	349
267	350
267	351
267	352
267	353
267	354
267	355
267	356
267	357
267	358
267	359
267	360
267	361
267	362
267	363
267	364
267	365
267	366
267	367
267	368
267	369
267	370
267	371
267	372
267	373
267	374
267	375
267	376
267	377
267	378
267	379
267	380
267	381
267	382
267	383
267	384
267	385
267	386
267	387
267	388
267	389
267	390
267	391
267	392
267	393
267	394
267	395
267	396
267	397
267	398
267	399
267	400
267	401
267	402
267	403
267	404
267	405
267	406
267	407
267	408
267	409
267	410
267	411
267	412
267	413
267	414
267	415
267	416
267	417
267	418
267	419
267	420
267	421
267	422
267	423
267	424
267	425
267	426
267	427
267	428
267	429
267	430
267	431
267	432
267	433
267	434
267	435
267	436
267	437
267	438
267	439
267	440
267	441
267	442
267	443
267	444
267	445
267	446
267	447
267	448
267	449
267	450
267	451
267	452
267	453
267	454
267	455
267	456
267	457
267	458
267	459
267	460
267	461
267	462
267	463
267	464
267	465
267	466
267	467
267	468
267	469
267	470
267	471
267	472
267	473
267	474
267	475
267	476
267	477
267	478
267	479
267	480
267	481
267	482
267	483
267	484
267	485
267	486
267	487
267	488
267	489
267	490
267	491
267	492
267	493
267	494
267	495
267	496
267	497
267	498
267	499
267	500
267	501
267	502
267	503
267	504
267	505
268	506
268	507
268	508
268	509
268	510
268	511
268	512
268	513
268	514
268	515
268	516
268	517
268	518
268	519
268	520
268	521
268	522
268	523
268	524
268	525
268	526
268	527
268	528
268	529
268	530
268	531
268	532
268	533
268	534
268	535
268	536
268	537
268	538
268	539
268	540
268	541
268	542
268	543
268	544
268	545
268	546
269	506
269	507
269	508
269	509
269	510
269	511
269	512
269	513
269	514
269	515
269	516
269	517
269	518
269	519
269	520
269	521
269	522
269	523
269	524
269	525
269	526
269	527
269	528
269	529
269	530
269	531
269	532
269	533
269	534
269	535
269	536
269	537
269	538
269	539
269	540
269	541
269	542
269	543
269	544
269	545
269	546
270	506
270	507
270	508
270	509
270	510
270	511
270	512
270	513
270	514
270	515
270	516
270	517
270	518
270	519
270	520
270	521
270	522
270	523
270	524
270	525
270	526
270	527
270	528
270	529
270	530
270	531
270	532
270	533
270	534
270	535
270	536
270	537
270	538
270	539
270	540
270	541
270	542
270	543
270	544
270	545
270	546
271	506
271	507
271	508
271	509
271	510
271	511
271	512
271	513
271	514
271	515
271	516
271	517
271	518
271	519
271	520
271	521
271	522
271	523
271	524
271	525
271	526
271	527
271	528
271	529
271	530
271	531
271	532
271	533
271	534
271	535
271	536
271	537
271	538
271	539
271	540
271	541
271	542
271	543
271	544
271	545
271	546
272	506
272	507
272	508
272	509
272	510
272	511
272	512
272	513
272	514
272	515
272	516
272	517
272	518
272	519
272	520
272	521
272	522
272	523
272	524
272	525
272	526
272	527
272	528
272	529
272	530
272	531
272	532
272	533
272	534
272	535
272	536
272	537
272	538
272	539
272	540
272	541
272	542
272	543
272	544
272	545
272	546
273	506
273	507
273	508
273	509
273	510
273	511
273	512
273	513
273	514
273	515
273	516
273	517
273	518
273	519
273	520
273	521
273	522
273	523
273	524
273	525
273	526
273	527
273	528
273	529
273	530
273	531
273	532
273	533
273	534
273	535
273	536
273	537
273	538
273	539
273	540
273	541
273	542
273	543
273	544
273	545
273	546
274	547
274	548
274	549
274	550
274	551
274	552
274	553
274	554
274	555
274	556
274	557
274	558
274	559
274	560
274	561
274	562
274	563
274	564
274	565
274	566
274	567
274	568
274	569
274	570
274	571
274	572
274	573
274	574
274	575
274	576
274	577
274	578
274	579
274	580
274	581
274	582
274	583
274	584
274	585
274	586
274	587
274	588
274	589
274	590
274	591
274	592
274	593
274	594
274	595
274	596
274	597
275	598
275	599
275	600
275	601
275	602
275	603
275	604
275	605
275	606
275	607
275	608
275	609
275	610
275	611
275	612
275	613
275	614
275	615
275	616
275	617
275	618
275	619
275	620
275	621
275	622
275	623
275	624
275	625
275	626
275	627
275	628
275	629
275	630
275	631
275	632
275	633
275	634
275	635
275	636
275	637
275	638
275	639
275	640
275	641
275	642
275	643
275	644
275	645
275	646
275	647
275	648
275	649
275	650
275	651
275	652
275	653
275	654
275	655
275	656
275	657
275	658
275	659
275	660
275	661
275	662
275	663
275	664
275	665
275	666
275	667
275	668
275	669
275	670
275	671
275	672
275	673
275	674
275	675
275	676
275	677
275	678
275	679
275	680
275	681
275	682
275	683
276	598
276	599
276	600
276	601
276	602
276	603
276	604
276	605
276	606
276	607
276	608
276	609
276	610
276	611
276	612
276	613
276	614
276	615
276	616
276	617
276	618
276	619
276	620
276	621
276	622
276	623
276	624
276	625
276	626
276	627
276	628
276	629
276	630
276	631
276	632
276	633
276	634
276	635
276	636
276	637
276	638
276	639
276	640
276	641
276	642
276	643
276	644
276	645
276	646
276	647
276	648
276	649
276	650
276	651
276	652
276	653
276	654
276	655
276	656
276	657
276	658
276	659
276	660
276	661
276	662
276	663
276	664
276	665
276	666
276	667
276	668
276	669
276	670
276	671
276	672
276	673
276	674
276	675
276	676
276	677
276	678
276	679
276	680
276	681
276	682
276	683
277	598
277	599
277	600
277	601
277	602
277	603
277	604
277	605
277	606
277	607
277	608
277	609
277	610
277	611
277	612
277	613
277	614
277	615
277	616
277	617
277	618
277	619
277	620
277	621
277	622
277	623
277	624
277	625
277	626
277	627
277	628
277	629
277	630
277	631
277	632
277	633
277	634
277	635
277	636
277	637
277	638
277	639
277	640
277	641
277	642
277	643
277	644
277	645
277	646
277	647
277	648
277	649
277	650
277	651
277	652
277	653
277	654
277	655
277	656
277	657
277	658
277	659
277	660
277	661
277	662
277	663
277	664
277	665
277	666
277	667
277	668
277	669
277	670
277	671
277	672
277	673
277	674
277	675
277	676
277	677
277	678
277	679
277	680
277	681
277	682
277	683
278	684
278	685
278	686
278	687
278	688
278	689
278	690
278	691
278	692
278	693
278	694
278	695
278	696
278	697
278	698
278	699
278	700
278	701
278	702
278	703
278	704
278	705
278	706
278	707
278	708
278	709
278	710
278	711
278	712
278	713
278	714
278	715
278	716
278	717
279	718
279	719
279	720
279	721
279	722
279	723
279	724
279	725
279	726
279	727
279	728
279	729
279	730
279	731
279	732
279	733
279	734
279	735
279	736
279	737
279	738
279	739
279	740
279	741
279	742
279	743
279	744
279	745
279	746
279	747
279	748
279	749
279	750
279	751
279	752
279	753
279	754
279	755
279	756
279	757
279	758
279	759
279	760
279	761
279	762
279	763
280	764
280	765
280	766
280	767
280	768
280	769
280	770
280	771
280	772
280	773
280	774
280	775
280	776
280	777
280	778
280	779
280	780
280	781
280	782
280	783
280	784
280	785
280	786
280	787
280	788
280	789
280	790
280	791
280	792
280	793
280	794
281	764
281	765
281	766
281	767
281	768
281	769
281	770
281	771
281	772
281	773
281	774
281	775
281	776
281	777
281	778
281	779
281	780
281	781
281	782
281	783
281	784
281	785
281	786
281	787
281	788
281	789
281	790
281	791
281	792
281	793
281	794
282	795
282	796
282	797
282	798
282	799
282	800
282	801
282	802
282	803
282	804
282	805
282	806
282	807
282	808
282	809
282	810
282	811
282	812
282	813
282	814
282	815
282	816
282	817
282	818
282	819
282	820
282	821
282	822
282	823
282	824
282	825
282	826
282	827
282	828
282	829
282	830
282	831
283	795
283	796
283	797
283	798
283	799
283	800
283	801
283	802
283	803
283	804
283	805
283	806
283	807
283	808
283	809
283	810
283	811
283	812
283	813
283	814
283	815
283	816
283	817
283	818
283	819
283	820
283	821
283	822
283	823
283	824
283	825
283	826
283	827
283	828
283	829
283	830
283	831
284	795
284	796
284	797
284	798
284	799
284	800
284	801
284	802
284	803
284	804
284	805
284	806
284	807
284	808
284	809
284	810
284	811
284	812
284	813
284	814
284	815
284	816
284	817
284	818
284	819
284	820
284	821
284	822
284	823
284	824
284	825
284	826
284	827
284	828
284	829
284	830
284	831
285	795
285	796
285	797
285	798
285	799
285	800
285	801
285	802
285	803
285	804
285	805
285	806
285	807
285	808
285	809
285	810
285	811
285	812
285	813
285	814
285	815
285	816
285	817
285	818
285	819
285	820
285	821
285	822
285	823
285	824
285	825
285	826
285	827
285	828
285	829
285	830
285	831
286	832
286	833
286	834
286	835
286	836
286	837
286	838
286	839
286	840
286	841
286	842
286	843
286	844
286	845
286	846
286	847
286	848
286	849
286	54
286	55
286	850
286	851
286	852
286	853
286	854
286	855
286	856
286	857
286	68
286	69
286	858
286	859
287	832
287	833
287	834
287	835
287	836
287	837
287	838
287	839
287	840
287	841
287	842
287	843
287	844
287	845
287	846
287	847
287	848
287	849
287	54
287	55
287	850
287	851
287	852
287	853
287	854
287	855
287	856
287	857
287	68
287	69
287	858
287	859
288	860
288	861
288	862
288	863
288	864
288	865
288	866
288	867
288	868
288	869
288	870
288	871
288	872
288	873
288	874
288	875
288	876
288	877
288	878
288	879
288	880
288	881
288	882
288	883
288	884
288	885
288	886
289	887
289	888
289	889
289	890
289	891
289	892
289	893
289	894
289	895
289	896
289	897
289	898
289	899
289	900
289	901
289	902
289	903
289	904
289	905
289	906
289	907
289	908
289	909
289	910
289	911
289	912
289	913
289	914
289	915
289	916
289	917
289	918
289	919
289	920
289	921
289	922
289	923
289	924
289	925
289	926
289	927
289	928
289	929
289	930
289	931
289	932
289	933
289	934
289	935
289	936
289	937
289	938
289	939
289	940
289	941
289	942
289	943
290	887
290	888
290	889
290	890
290	891
290	892
290	893
290	894
290	895
290	896
290	897
290	898
290	899
290	900
290	901
290	902
290	903
290	904
290	905
290	906
290	907
290	908
290	909
290	910
290	911
290	912
290	913
290	914
290	915
290	916
290	917
290	918
290	919
290	920
290	921
290	922
290	923
290	924
290	925
290	926
290	927
290	928
290	929
290	930
290	931
290	932
290	933
290	934
290	935
290	936
290	937
290	938
290	939
290	940
290	941
290	942
290	943
291	944
291	945
291	946
291	947
291	948
291	949
291	950
291	951
291	952
291	953
291	954
291	955
291	956
291	957
291	958
291	959
291	960
291	961
291	962
291	963
291	964
291	965
291	966
292	967
292	968
292	969
292	970
292	971
292	972
292	973
292	974
292	975
292	976
292	977
292	978
292	979
292	980
292	981
292	982
292	983
292	984
292	985
292	986
292	987
292	988
293	967
293	968
293	969
293	970
293	971
293	972
293	973
293	974
293	975
293	976
293	977
293	978
293	979
293	980
293	981
293	982
293	983
293	984
293	985
293	986
293	987
293	988
294	967
294	968
294	969
294	970
294	971
294	972
294	973
294	974
294	975
294	976
294	977
294	978
294	979
294	980
294	981
294	982
294	983
294	984
294	985
294	986
294	987
294	988
295	967
295	968
295	969
295	970
295	971
295	972
295	973
295	974
295	975
295	976
295	977
295	978
295	979
295	980
295	981
295	982
295	983
295	984
295	985
295	986
295	987
295	988
296	989
296	990
296	991
296	992
296	993
296	994
296	995
296	996
296	997
296	998
296	999
296	1000
296	1001
296	1002
296	1003
296	1004
296	1005
296	1006
296	1007
296	1008
296	1009
296	1010
296	1011
296	1012
296	1013
296	1014
296	1015
296	1016
297	1017
297	1018
297	1019
297	1020
297	1021
297	1022
297	1023
297	1024
297	1025
297	1026
297	1027
298	1028
298	1029
298	1030
298	1031
298	1032
298	1033
298	1034
298	1035
298	1036
299	1037
299	1038
299	1039
299	1040
299	1041
299	1042
299	1043
299	1044
299	1045
300	1046
300	1047
300	1048
300	1049
300	1050
300	1051
300	1052
300	1053
300	1054
300	1055
300	1056
300	1057
300	1058
300	1059
300	1060
300	1061
300	1062
300	1063
300	1064
300	1065
300	1066
300	1067
300	1068
300	1069
300	1070
300	1071
301	1046
301	1047
301	1048
301	1049
301	1050
301	1051
301	1052
301	1053
301	1054
301	1055
301	1056
301	1057
301	1058
301	1059
301	1060
301	1061
301	1062
301	1063
301	1064
301	1065
301	1066
301	1067
301	1068
301	1069
301	1070
301	1071
302	1046
302	1047
302	1048
302	1049
302	1050
302	1051
302	1052
302	1053
302	1054
302	1055
302	1056
302	1057
302	1058
302	1059
302	1060
302	1061
302	1062
302	1063
302	1064
302	1065
302	1066
302	1067
302	1068
302	1069
302	1070
302	1071
303	1046
303	1047
303	1048
303	1049
303	1050
303	1051
303	1052
303	1053
303	1054
303	1055
303	1056
303	1057
303	1058
303	1059
303	1060
303	1061
303	1062
303	1063
303	1064
303	1065
303	1066
303	1067
303	1068
303	1069
303	1070
303	1071
304	1046
304	1047
304	1048
304	1049
304	1050
304	1051
304	1052
304	1053
304	1054
304	1055
304	1056
304	1057
304	1058
304	1059
304	1060
304	1061
304	1062
304	1063
304	1064
304	1065
304	1066
304	1067
304	1068
304	1069
304	1070
304	1071
\.


--
-- Data for Name: _metadata_taxon; Type: TABLE DATA; Schema: public; Owner: pochis01
--

COPY public._metadata_taxon (_metadata_id, taxon_id) FROM stdin;
1	882
2	882
16	1467
21	1467
22	1467
23	1467
24	1467
31	9606
32	9606
38	303
39	303
40	303
41	303
42	303
44	303
45	303
48	303
49	303
50	303
51	303
221	3702
222	3702
223	3702
224	3702
225	3702
226	3702
227	3702
228	3702
229	3702
230	3702
231	9606
232	9606
233	9606
234	9606
235	10090
236	9606
237	9606
238	9606
239	9606
238	10090
240	3702
241	9606
242	9606
243	10090
244	3702
245	10090
246	10117
247	3702
248	10090
249	7227
250	7227
251	562
252	562
253	562
254	562
255	562
256	562
257	562
258	562
259	562
260	562
261	562
262	562
263	562
264	562
265	562
266	562
267	562
268	562
269	562
270	562
271	562
272	562
273	562
274	562
275	562
276	562
277	562
278	562
279	562
280	562
281	562
282	562
283	562
284	562
285	562
286	562
287	562
288	562
289	562
290	562
291	562
292	562
293	562
294	562
295	562
296	562
297	562
298	562
299	562
300	562
301	562
302	562
303	562
304	562
\.


--
-- Data for Name: _metadata_variable; Type: TABLE DATA; Schema: public; Owner: pochis01
--

COPY public._metadata_variable (_metadata_id, variable_id) FROM stdin;
52	1
52	2
52	3
53	4
53	5
53	6
54	4
54	2
54	6
55	1
55	5
55	3
56	4
56	5
56	7
57	4
57	8
57	6
58	4
58	2
58	7
59	4
59	5
59	6
60	1
60	2
60	7
61	4
61	2
61	7
62	1
62	5
62	7
63	4
63	2
63	7
64	4
64	5
64	7
65	1
65	5
65	7
66	4
66	5
66	7
67	1
67	2
67	7
68	4
68	2
68	6
69	4
69	5
69	6
70	4
70	8
70	9
71	1
71	2
71	7
72	1
72	8
72	9
73	1
73	5
73	7
74	1
74	5
74	3
75	4
75	8
75	9
76	4
76	8
76	9
77	1
77	2
77	6
78	1
78	2
78	6
79	1
79	8
79	9
80	1
80	5
80	6
81	1
81	5
81	6
82	1
82	5
82	6
83	1
83	2
83	6
84	1
84	2
84	3
85	1
85	2
85	3
86	1
86	8
86	9
87	1
87	5
87	3
88	10
89	10
90	11
91	10
92	11
93	11
94	12
94	13
95	14
95	13
96	12
96	15
97	12
97	15
98	16
98	17
99	16
99	17
100	12
100	13
101	16
101	13
102	18
102	13
103	19
103	13
104	19
104	13
105	16
105	13
106	16
106	13
107	14
107	15
108	14
108	15
109	14
109	15
110	19
110	13
111	14
111	15
112	14
112	15
113	14
113	17
114	19
114	13
115	19
115	13
116	18
116	17
117	16
117	13
118	16
118	13
119	18
119	17
120	12
120	17
121	18
121	17
122	18
122	17
123	14
123	17
124	14
124	17
125	14
125	17
126	14
126	17
127	14
127	15
128	14
128	13
129	18
129	15
130	16
130	15
131	18
131	17
132	12
132	17
133	14
133	17
134	12
134	15
135	12
135	17
136	16
136	15
137	12
137	15
138	12
138	17
139	19
139	13
140	16
140	15
141	12
141	17
142	12
142	17
143	16
143	13
144	16
144	17
145	16
145	17
146	14
146	13
147	18
147	17
148	18
148	13
149	16
149	17
150	12
150	13
151	12
151	13
152	12
152	15
153	18
153	13
154	12
154	13
155	12
155	13
156	14
156	13
157	14
157	13
158	16
158	17
159	14
159	13
160	18
160	13
161	18
161	13
162	18
162	15
163	16
163	15
164	18
164	13
165	18
165	15
166	12
166	15
167	18
167	15
168	18
168	15
169	16
169	15
170	18
170	15
171	16
171	15
172	20
172	21
172	22
172	23
173	20
173	21
173	22
173	23
174	24
174	25
174	22
174	23
175	24
175	25
175	22
175	23
176	26
176	21
176	27
176	28
177	24
177	29
177	22
177	23
178	24
178	29
178	22
178	23
179	26
179	21
179	27
179	28
180	20
180	21
180	27
180	28
181	20
181	21
181	27
181	28
182	26
182	21
182	22
182	23
183	26
183	21
183	22
183	23
184	30
184	31
184	32
185	30
185	31
185	32
186	30
186	33
186	26
187	30
187	31
187	26
188	34
188	31
188	26
189	30
189	31
189	26
190	30
190	31
190	26
191	34
191	31
191	26
192	34
192	31
192	32
193	30
193	31
193	26
194	30
194	31
194	26
195	30
195	31
195	26
196	34
196	31
196	26
197	34
197	31
197	26
198	30
198	31
198	26
199	30
199	33
199	26
200	34
200	33
200	26
201	34
201	31
201	32
202	34
202	33
202	26
203	34
203	31
203	32
204	30
204	33
204	26
205	30
205	33
205	26
206	30
206	31
206	32
207	30
207	31
207	26
208	34
208	31
208	26
209	34
209	31
209	26
210	34
210	31
210	26
211	34
211	31
211	26
212	34
212	31
212	26
213	34
213	31
213	26
214	34
214	31
214	26
215	30
215	31
215	26
216	34
216	31
216	26
217	30
217	31
217	26
218	30
218	31
218	26
219	34
219	33
219	26
220	34
220	33
220	26
\.


--
-- Data for Name: abundance_data; Type: TABLE DATA; Schema: public; Owner: pochis01
--

COPY public.abundance_data (abundance_id, abundance, dataset_id, subunit_id, pax_load, uniprot_id) FROM stdin;
1	4535	957	1	1	Q72DH3
2	2084	957	2	1	Q72DH2
3	0	957	3	1	Q72DH5
4	1003	957	4	1	Q72DH4
5	256	957	5	1	Q72DH6
6	78	957	6	1	Q72DH8
7	591	957	7	1	Q725Q1
8	1593	957	8	1	Q72DH1
9	813	957	9	1	Q72B55
10	256	957	10	1	Q72G17
11	145	957	11	1	Q72G16
12	925	957	12	1	Q72B54
13	223	957	13	1	Q727R1
14	368	957	14	1	Q72E96
15	969	957	15	1	Q72E95
16	1192	957	16	1	Q72BL2
17	0	957	17	1	Q72BL3
18	1192	957	18	1	Q72E94
19	0	957	19	1	Q72E93
20	591	957	20	1	Q72E18
21	1448	957	21	1	Q72CT7
22	1638	957	22	1	Q72E15
23	0	957	23	1	Q72BK6
24	223	957	24	1	Q72E13
25	0	957	25	1	Q727N5
26	0	957	26	1	Q725H3
27	189	957	27	1	Q727B2
28	747	957	28	1	Q727B3
29	1036	957	29	1	Q725S5
30	145	957	30	1	Q72ET7
31	891	957	31	1	Q72ET1
32	858	957	32	1	Q72ET0
33	891	957	33	1	Q726Q3
34	412	957	34	1	Q72CB5
35	145	957	35	1	Q72C78
36	0	957	36	1	Q726Q1
37	0	957	37	1	Q72CC0
38	925	957	38	1	Q72CC3
39	301	957	39	1	Q72C76
40	0	957	40	1	Q72CB7
41	145	957	41	1	Q72CB6
42	0	957	42	1	Q72CB9
43	1783	957	43	1	Q72BR6
44	1894	957	44	1	Q72BR5
45	301	957	45	1	Q72CT6
46	301	957	46	1	Q726J4
47	145	957	47	1	Q72BS4
48	702	957	48	1	Q72F73
49	78	957	49	1	Q72BE8
50	189	957	50	1	Q72AZ7
51	0	957	51	1	Q72AZ8
52	301	957	52	1	Q72AZ9
53	0	957	53	1	Q72AD8
54	256	957	54	1	Q72AD9
55	111	957	55	1	Q72AE2
56	111	957	56	1	Q72AE0
57	0	957	57	1	Q72EY8
58	0	957	58	1	Q72EY6
59	0	957	59	1	Q72AR8
60	891	957	60	1	Q72AR5
61	0	957	61	1	Q728C0
62	111	957	62	1	P62060
63	9504	957	63	1	Q72AS0
64	446	957	64	1	Q726S9
65	5270	957	65	1	Q726T1
66	189	957	66	1	Q725V9
67	412	957	67	1	Q72CG4
68	2674	957	68	1	Q72CG5
69	1192	957	69	1	Q72CG6
70	702	957	70	1	Q72F29
71	2596	957	71	1	Q72CG8
72	0	957	72	1	Q72CG9
73	368	957	73	1	Q72CH0
74	858	957	74	1	Q72CH1
75	1003	957	75	1	Q72CH2
76	0	957	76	1	Q726S8
77	111	957	77	1	Q72FS0
78	813	957	78	1	Q72FS1
79	0	957	79	1	Q728I7
80	3788	957	80	1	Q727V2
81	3643	957	81	1	Q72FF3
82	111	957	82	1	Q72FF2
83	223	957	83	1	Q72B13
84	0	957	84	1	Q727U8
85	0	957	85	1	Q72FE9
86	2006	957	86	1	Q72FE8
87	0	957	87	1	Q727U9
88	1148	957	88	1	Q728S0
89	1370	957	89	1	Q728S3
90	334	957	90	1	Q728S2
91	189	957	91	1	Q72BE4
92	412	957	92	1	Q728R6
93	669	957	93	1	Q728R9
94	780	957	94	1	Q728R8
95	1036	957	95	1	Q728R5
96	0	957	96	1	Q729B3
97	0	957	97	1	Q726E6
98	189	957	98	1	Q726E7
99	1226	957	99	1	Q725K9
100	111	957	100	1	Q729X4
101	479	957	101	1	Q729C1
102	0	957	102	1	Q72E91
103	301	957	103	1	Q72ER8
104	111	957	104	1	Q72ER9
105	2596	957	105	1	Q72ER6
106	2707	957	106	1	Q72ER5
107	0	957	107	1	Q72CY7
108	524	957	108	1	Q72ER1
109	635	957	109	1	Q725Q7
110	1482	957	110	1	Q72CQ5
111	0	957	111	1	Q72FA2
112	78	957	112	1	Q72CR0
113	0	957	113	1	Q72CR1
114	3042	957	114	1	Q72F95
115	145	957	115	1	Q72A47
116	1003	957	116	1	Q729N2
117	0	957	117	1	Q72ED6
118	0	957	118	1	Q72E12
119	0	957	119	1	Q729W9
120	524	957	120	1	Q728R3
121	0	957	121	1	Q729X1
122	78	957	122	1	Q729X0
123	145	957	123	1	Q72E53
124	0	957	124	1	Q72E58
125	334	957	125	1	Q72AS8
126	0	957	126	1	Q72E56
127	446	957	127	1	Q72E57
128	223	957	128	1	Q72BG8
129	412	957	129	1	Q727T3
130	256	957	130	1	Q726X1
131	145	957	131	1	Q726X3
132	111	957	132	1	Q726X4
133	301	957	133	1	Q726X5
134	0	957	134	1	Q72CZ7
135	479	957	135	1	Q72D90
136	2117	957	136	1	Q726A2
137	557	957	137	1	Q725Y1
138	557	957	138	1	Q725Y0
139	1036	957	139	1	Q72D99
140	0	957	140	1	Q726L0
141	1816	957	141	1	P24931
142	145	957	142	1	Q72FQ2
143	0	957	143	1	Q726K8
144	3376	957	144	1	Q72DG3
145	1972	957	145	1	Q72DG5
146	189	957	146	1	Q72DG6
147	78	957	147	1	Q72DG8
148	78	957	148	1	Q726S5
149	446	957	149	1	P62214
150	223	957	150	1	Q72G28
151	334	957	151	1	Q72G27
152	78	957	152	1	Q72BQ2
153	78	957	153	1	Q727E1
154	111	957	154	1	Q727E3
155	0	957	155	1	Q72BL8
156	256	957	156	1	Q729P1
157	301	957	157	1	Q72EF4
158	223	957	158	1	Q72F19
159	2674	957	159	1	Q72EF3
160	223	957	160	1	Q72AN0
161	368	957	161	1	Q72BM0
162	145	957	162	1	Q72DR4
163	3900	957	163	1	Q72CI3
164	145	957	164	1	Q729P0
165	368	957	165	1	Q728F6
166	78	957	166	1	Q728G3
167	0	957	167	1	Q729N3
168	524	957	168	1	Q728G0
169	0	957	169	1	Q72EF0
170	256	957	170	1	Q72CI5
171	3677	957	171	1	Q72CI4
172	0	957	172	1	Q72F23
173	780	957	173	1	Q72CJ3
174	0	957	174	1	Q72B78
175	32456	957	175	1	Q72CI8
176	78	957	176	1	Q72BP0
177	2262	957	177	1	Q72FV6
178	0	957	178	1	P62636
179	1036	957	179	1	Q72C26
180	0	957	180	1	Q72C25
181	189	957	181	1	Q72BP1
182	0	957	182	1	Q72BP2
183	0	957	183	1	Q726P4
184	0	957	184	1	Q726P5
185	813	957	185	1	Q72C27
186	334	957	186	1	Q726G0
187	0	957	187	1	Q72BN7
188	189	957	188	1	Q726P1
189	111	957	189	1	Q72C31
190	78	957	190	1	Q72B46
191	111	957	191	1	Q72B47
192	446	957	192	1	Q72FQ5
193	3487	957	193	1	Q72B43
194	0	957	194	1	Q72B39
195	145	957	195	1	Q72AP1
196	669	957	196	1	Q05805
197	223	957	197	1	Q72CU7
198	111	957	198	1	Q728J5
199	1638	957	199	1	Q72EN0
200	223	957	200	1	Q72B21
201	111	957	201	1	Q72DW7
202	111	957	202	1	Q72CV3
203	111	957	203	1	P61452
204	145	957	204	1	Q729I3
205	0	957	205	1	Q726G8
206	145	957	206	1	Q72B22
207	1337	957	207	1	P04032
208	0	957	208	1	Q72DW0
209	813	957	209	1	Q72FW3
210	0	957	210	1	Q72EV5
211	223	957	211	1	Q72EV8
212	189	957	212	1	Q72F55
213	747	957	213	1	Q72C29
214	0	957	214	1	Q72F64
215	301	957	215	1	Q72F62
216	111	957	216	1	Q728X1
217	0	957	217	1	Q72F60
218	557	957	218	1	Q72F61
219	189	957	219	1	Q728A7
220	0	957	220	1	Q729T9
221	1638	957	221	1	Q72A89
222	111	957	222	1	Q726P0
223	0	957	223	1	Q728Y8
224	813	957	224	1	Q72EH0
225	78	957	225	1	Q72EG9
226	189	957	226	1	P62051
227	0	957	227	1	Q726P2
228	1749	957	228	1	Q72EH1
229	0	957	229	1	Q728U8
230	0	957	230	1	Q72D57
231	0	957	231	1	Q72EQ8
232	111	957	232	1	Q726D3
233	301	957	233	1	Q72D53
234	3421	957	234	1	Q725N2
235	2228	957	235	1	Q728T8
236	111	957	236	1	Q72D52
237	334	957	237	1	Q72DX1
238	145	957	238	1	Q726B2
239	702	957	239	1	Q72CV4
240	301	957	240	1	Q72CK5
241	0	957	241	1	Q72CK4
242	78	957	242	1	Q72CV9
243	0	957	243	1	Q725M0
244	0	957	244	1	Q729V7
245	1036	957	245	1	Q725K4
246	747	957	246	1	Q72DK2
247	0	957	247	1	Q725L9
248	111	957	248	1	Q72DK0
249	0	957	249	1	Q72DK1
250	1526	957	250	1	Q72E03
251	8914	957	251	1	Q72E02
252	9058	957	252	1	Q729Y2
253	18462	957	253	1	Q72E04
254	78	957	254	1	Q729Y5
255	111	957	255	1	Q72FY7
256	78	957	256	1	Q72E01
257	702	957	257	1	Q72E00
258	669	957	258	1	Q729C3
259	10362	957	259	1	Q72BJ9
260	1114	957	260	1	P61700
261	925	957	261	1	Q72EA3
262	78	957	262	1	Q72EA7
263	0	957	263	1	Q72C36
264	0	957	264	1	Q72DC2
265	145	957	265	1	Q72DC4
266	256	957	266	1	Q727P3
267	223	957	267	1	Q727A5
268	111	957	268	1	Q726I1
269	412	957	269	1	Q727G3
270	145	957	270	1	Q726J0
271	145	957	271	1	Q72C72
272	0	957	272	1	Q72C66
273	0	957	273	1	Q726I0
274	10551	957	274	1	Q72BS5
275	1448	957	275	1	Q726M4
276	0	957	276	1	Q729P7
277	223	957	277	1	Q727V0
278	0	957	278	1	Q726K7
279	0	957	279	1	Q726K6
280	0	957	280	1	Q72BT2
281	13927	957	281	1	Q726K3
282	412	957	282	1	Q726K0
283	256	957	283	1	Q72DZ0
284	334	957	284	1	Q728M3
285	111	957	285	1	Q72DZ9
286	256	957	286	1	Q72AZ0
287	368	957	287	1	Q72AY9
288	0	957	288	1	Q729N0
289	1783	957	289	1	Q727W6
290	0	957	290	1	Q729M4
291	111	957	291	1	Q729M5
292	1036	957	292	1	Q72AY3
293	111	957	293	1	Q727W9
294	446	957	294	1	Q729M1
295	0	957	295	1	Q72EI9
296	2150	957	296	1	Q72EZ5
297	111	957	297	1	Q72EZ7
298	223	957	298	1	Q72AT0
299	4234	957	299	1	Q72DS8
300	969	957	300	1	Q72DS9
301	1638	957	301	1	Q72DS2
302	669	957	302	1	Q72DS3
303	0	957	303	1	Q72DS4
304	145	957	304	1	Q72DS5
305	189	957	305	1	Q726S1
306	0	957	306	1	Q726S0
307	78	957	307	1	Q726R9
308	1114	957	308	1	Q726S6
309	2373	957	309	1	Q72CH4
310	1894	957	310	1	Q72FG1
311	669	957	311	1	Q726S3
312	3120	957	312	1	Q72CH9
313	969	957	313	1	Q72CH8
314	2707	957	314	1	Q72CH7
315	1304	957	315	1	Q72CH6
316	3086	957	316	1	Q72FF5
317	1894	957	317	1	Q72CI1
318	2262	957	318	1	Q72CI0
319	747	957	319	1	Q72FW8
320	78	957	320	1	Q72FX2
321	111	957	321	1	Q72FX3
322	0	957	322	1	Q72FQ7
323	858	957	323	1	Q72B20
324	256	957	324	1	Q72AK7
325	8167	957	325	1	Q72DW8
326	0	957	326	1	Q729J3
327	6875	957	327	1	Q729Z3
328	524	957	328	1	Q72DW9
329	0	957	329	1	Q729J6
330	446	957	330	1	Q72A59
331	78	957	331	1	Q726E3
332	2674	957	332	1	Q726E1
333	3978	957	333	1	Q727S1
334	145	957	334	1	Q727R8
335	256	957	335	1	Q729D1
336	0	957	336	1	Q72AZ3
337	223	957	337	1	Q729C9
338	479	957	338	1	Q725R8
339	334	957	339	1	Q729C4
340	256	957	340	1	Q725R5
341	189	957	341	1	Q72BQ4
342	189	957	342	1	Q729I6
343	256	957	343	1	Q72EW5
344	412	957	344	1	Q726K4
345	256	957	345	1	Q72AK6
346	0	957	346	1	Q725S2
347	189	957	347	1	Q725R9
348	591	957	348	1	Q72EQ9
349	145	957	349	1	Q72AL1
350	635	957	350	1	Q72CP5
351	479	957	351	1	Q72F91
352	6797	957	352	1	Q72F92
353	0	957	353	1	Q72DW2
354	0	957	354	1	Q72B26
355	78	957	355	1	Q72F87
356	0	957	356	1	Q72F88
357	334	957	357	1	Q72F89
358	189	957	358	1	Q72BL4
359	7944	957	359	1	Q726B7
360	256	957	360	1	Q72EE5
361	78	957	361	1	Q72EE7
362	78	957	362	1	Q725W1
363	0	957	363	1	Q728Q2
364	524	957	364	1	Q728Q1
365	635	957	365	1	Q72E47
366	412	957	366	1	Q729U7
367	223	957	367	1	Q729U8
368	0	957	368	1	Q72E43
369	1036	957	369	1	Q72E45
370	0	957	370	1	Q729U4
371	1003	957	371	1	P07603
372	0	957	372	1	Q72B63
373	925	957	373	1	Q72BG6
374	0	957	374	1	Q72BG5
375	0	957	375	1	Q726W0
376	78	957	376	1	Q726V9
377	1337	957	377	1	Q726W6
378	111	957	378	1	Q729Z1
379	0	957	379	1	Q726W4
380	256	957	380	1	Q72BF9
381	0	957	381	1	Q72D10
382	891	957	382	1	Q72D86
383	111	957	383	1	Q72FR5
384	223	957	384	1	Q72BV5
385	1304	957	385	1	Q72D85
386	111	957	386	1	Q72AL9
387	557	957	387	1	Q72FH2
388	1415	957	388	1	Q729Z4
389	1003	957	389	1	P00323
390	479	957	390	1	Q72DF1
391	4758	957	391	1	Q72DF0
392	0	957	392	1	Q72DF4
393	813	957	393	1	Q72FM7
394	111	957	394	1	Q729P2
395	7721	957	395	1	Q729Z6
396	412	957	396	1	Q72DV4
397	891	957	397	1	Q72DQ6
398	2006	957	398	1	Q72E34
399	223	957	399	1	Q72E37
400	111	957	400	1	Q72E38
401	1705	957	401	1	Q06173
402	78	957	402	1	Q727D4
403	15042	957	403	1	Q727D5
404	78	957	404	1	Q727D2
405	78	957	405	1	Q727D3
406	1928	957	406	1	Q727D0
407	635	957	407	1	P62433
408	8056	957	408	1	Q727C8
409	1148	957	409	1	Q727C9
410	2863	957	410	1	Q727C6
411	2485	957	411	1	Q727C7
412	334	957	412	1	Q72DN1
413	635	957	413	1	Q728D2
414	0	957	414	1	Q72DN3
415	78	957	415	1	Q728D0
416	446	957	416	1	Q72DN5
417	702	957	417	1	Q72DN6
418	813	957	418	1	Q72DN8
419	256	957	419	1	Q72DN9
420	111	957	420	1	Q72CE1
421	702	957	421	1	Q726Z0
422	368	957	422	1	Q72CD9
423	479	957	423	1	Q72CD8
424	0	957	424	1	Q728F3
425	1526	957	425	1	Q727T5
426	111	957	426	1	P00131
427	969	957	427	1	Q72C16
428	189	957	428	1	Q725K0
429	635	957	429	1	Q725K1
430	78	957	430	1	Q72BP9
431	0	957	431	1	Q72C23
432	78	957	432	1	Q72C24
433	111	957	433	1	Q72BP6
434	0	957	434	1	Q72BP5
435	111	957	435	1	Q72FB9
436	78	957	436	1	Q72C17
437	557	957	437	1	Q72FB8
438	479	957	438	1	Q72EB4
439	111	957	439	1	Q72B16
440	368	957	440	1	Q72EB3
441	78	957	441	1	Q72F27
442	1861	957	442	1	Q72CG1
443	111	957	443	1	Q72AC4
444	256	957	444	1	Q72B57
445	446	957	445	1	Q72B56
446	145	957	446	1	Q72AC7
447	1337	957	447	1	Q72AC0
448	0	957	448	1	Q72AC1
449	368	957	449	1	Q72B50
450	145	957	450	1	Q726Y7
451	0	957	451	1	P62637
452	78	957	452	1	Q72A22
453	0	957	453	1	Q72EM7
454	78	957	454	1	Q72EM6
455	2752	957	455	1	Q725V6
456	0	957	456	1	Q729H2
457	78	957	457	1	Q725W0
458	1783	957	458	1	Q72B19
459	223	957	459	1	Q729H5
460	78	957	460	1	Q72B17
461	368	957	461	1	Q729I1
462	111	957	462	1	Q72DX0
463	1036	957	463	1	Q729H8
464	1003	957	464	1	Q72F00
465	0	957	465	1	Q72F53
466	111	957	466	1	Q72F06
467	189	957	467	1	Q72F08
468	145	957	468	1	Q727U6
469	1226	957	469	1	Q72F03
470	858	957	470	1	Q72F04
471	0	957	471	1	Q727T4
472	0	957	472	1	Q72FP7
473	145	957	473	1	Q72FP8
474	1081	957	474	1	Q727T0
475	145	957	475	1	Q72FQ1
476	3933	957	476	1	P45573
477	1783	957	477	1	Q72CF4
478	6875	957	478	1	Q72FP4
479	111	957	479	1	Q728P9
480	189	957	480	1	Q72DP2
481	145	957	481	1	Q729Q1
482	189	957	482	1	Q729Q3
483	3008	957	483	1	Q729Q4
484	145	957	484	1	Q729Q6
485	780	957	485	1	Q729Q8
486	189	957	486	1	Q729Q9
487	2785	957	487	1	Q728T4
488	2930	957	488	1	Q728T3
489	18574	957	489	1	Q72A88
490	223	957	490	1	Q727V1
491	702	957	491	1	Q72A90
492	1304	957	492	1	Q72A92
493	3788	957	493	1	Q72A93
494	1861	957	494	1	Q72A94
495	145	957	495	1	Q728T7
496	111	957	496	1	Q728T6
497	591	957	497	1	Q72A97
498	0	957	498	1	Q72EP2
499	189	957	499	1	P62450
500	0	957	500	1	Q72EP7
501	635	957	501	1	Q725P0
502	1593	957	502	1	Q72FF0
503	0	957	503	1	Q72D45
504	256	957	504	1	Q726C9
505	0	957	505	1	Q726A9
506	0	957	506	1	Q727F8
507	0	957	507	1	Q727U7
508	0	957	508	1	Q72CP2
509	780	957	509	1	Q728M1
510	223	957	510	1	Q72CP1
511	1448	957	511	1	Q728L7
512	0	957	512	1	Q728L8
513	702	957	513	1	Q72CN4
514	479	957	514	1	Q72CN5
515	223	957	515	1	Q72CW8
516	557	957	516	1	Q72FD1
517	0	957	517	1	Q726B9
518	256	957	518	1	Q726B8
519	78	957	519	1	P35841
520	12958	957	520	1	P20418
521	813	957	521	1	Q72DJ4
522	4201	957	522	1	Q725K7
523	0	957	523	1	Q72FD3
524	0	957	524	1	Q72E76
525	111	957	525	1	Q72E77
526	1192	957	526	1	Q72E78
527	256	957	527	1	Q72E72
528	301	957	528	1	Q72BG0
529	78	957	529	1	Q72E75
530	479	957	530	1	Q72G01
531	111	957	531	1	Q728R7
532	591	957	532	1	Q72G03
533	189	957	533	1	Q72G02
534	0	957	534	1	Q72FZ9
535	78	957	535	1	Q726Z2
536	0	957	536	1	Q72BN3
537	223	957	537	1	Q72EB0
538	223	957	538	1	Q72BN1
539	78	957	539	1	Q726Z3
540	78	957	540	1	Q72BM6
541	78	957	541	1	Q72BM7
542	0	957	542	1	Q72EB8
543	145	957	543	1	Q72EB6
544	256	957	544	1	Q72EB5
545	2228	957	545	1	Q72DB7
546	7577	957	546	1	Q72DB6
547	78	957	547	1	Q72FV2
548	111	957	548	1	Q72AC5
549	78	957	549	1	Q726H3
550	2228	957	550	1	Q726H4
551	0	957	551	1	Q726H1
552	223	957	552	1	Q726H2
553	111	957	553	1	Q72C55
554	368	957	554	1	Q72DE9
555	0	957	555	1	Q72BU3
556	524	957	556	1	Q72C59
557	524	957	557	1	Q72C60
558	368	957	558	1	Q72C57
559	223	957	559	1	Q72C58
560	145	957	560	1	Q72C64
561	111	957	561	1	Q72C61
562	25370	957	562	1	Q72C62
563	301	957	563	1	Q72BQ5
564	813	957	564	1	P30820
565	1560	957	565	1	Q72AI0
566	223	957	566	1	Q72BU0
567	38997	957	567	1	Q72DY0
568	78	957	568	1	Q726M7
569	301	957	569	1	Q72D84
570	0	957	570	1	Q72DY8
571	334	957	571	1	Q72DY5
572	0	957	572	1	Q72DY4
573	111	957	573	1	P62457
574	368	957	574	1	Q72C56
575	0	957	575	1	Q729M0
576	334	957	576	1	Q72AT3
577	891	957	577	1	Q72AT6
578	223	957	578	1	Q72EI3
579	635	957	579	1	Q72AX1
580	0	957	580	1	Q72AT7
581	256	957	581	1	Q729L4
582	1749	957	582	1	Q72EI7
583	0	957	583	1	Q729L1
584	145	957	584	1	Q726H6
585	0	957	585	1	Q72EI0
586	2641	957	586	1	Q72DT1
587	5493	957	587	1	Q72DT0
588	301	957	588	1	Q72DT9
589	702	957	589	1	Q72DT8
590	223	957	590	1	Q72DT6
591	1114	957	591	1	Q72D62
592	6941	957	592	1	Q72DT3
593	34284	957	593	1	Q72DT2
594	78	957	594	1	Q72CE4
595	78	957	595	1	Q72FH0
596	301	957	596	1	Q726V3
597	0	957	597	1	Q726V4
598	78	957	598	1	Q726V1
599	111	957	599	1	Q72CF2
600	0	957	600	1	Q726U8
601	3933	957	601	1	Q72CE9
602	479	957	602	1	Q72CE6
603	111	957	603	1	Q72DE1
604	111	957	604	1	Q72FX9
605	0	957	605	1	Q72FX8
606	0	957	606	1	Q728U3
607	78	957	607	1	Q72FY3
608	0	957	608	1	Q72FY1
609	0	957	609	1	Q728G8
610	0	957	610	1	Q728G7
611	111	957	611	1	Q72FT8
612	1081	957	612	1	Q72A54
613	78	957	613	1	Q72A55
614	223	957	614	1	Q729D5
615	189	957	615	1	Q729E0
616	780	957	616	1	Q729E1
617	223	957	617	1	Q72AK2
618	747	957	618	1	Q72AJ9
619	368	957	619	1	Q725S7
620	111	957	620	1	Q726C5
621	256	957	621	1	Q727Q8
622	0	957	622	1	Q726C6
623	0	957	623	1	Q727R0
624	1526	957	624	1	Q727R3
625	0	957	625	1	Q725H6
626	145	957	626	1	Q725S6
627	1816	957	627	1	Q725H4
628	256	957	628	1	Q72CS8
629	1972	957	629	1	Q72CS9
630	145	957	630	1	Q72CS6
631	368	957	631	1	Q72CS7
632	1114	957	632	1	Q72EX7
633	2563	957	633	1	Q72CT0
634	0	957	634	1	Q72EL7
635	891	957	635	1	Q72EX0
636	1003	957	636	1	Q72EL2
637	5237	957	637	1	Q72EL3
638	145	957	638	1	Q72CV7
639	78	957	639	1	Q72FH6
640	702	957	640	1	Q72F75
641	0	957	641	1	Q72F84
642	0	957	642	1	Q72F83
643	78	957	643	1	Q72B29
644	1259	957	644	1	Q72C54
645	145	957	645	1	Q72EF8
646	0	957	646	1	Q72BI9
647	1671	957	647	1	Q72CH5
648	189	957	648	1	Q72F17
649	78	957	649	1	Q72EF2
650	0	957	650	1	Q728N7
651	189	957	651	1	Q728N4
652	1148	957	652	1	Q725L6
653	78	957	653	1	Q729V4
654	111	957	654	1	Q72BI8
655	858	957	655	1	Q729V1
656	189	957	656	1	Q72AV3
657	0	957	657	1	Q72AV4
658	368	957	658	1	Q72AV5
659	0	957	659	1	Q72FG3
660	145	957	660	1	Q72AV8
661	4201	957	661	1	D3UEB9
662	189	957	662	1	Q72C15
663	1003	957	663	1	Q72B71
664	189	957	664	1	Q72B74
665	0	957	665	1	Q72AV2
666	189	957	666	1	Q72D63
667	2150	957	667	1	Q72AL5
668	256	957	668	1	Q725L4
669	111	957	669	1	Q72EK0
670	301	957	670	1	Q728Y5
671	635	957	671	1	Q72DI0
672	111	957	672	1	Q72G07
673	2563	957	673	1	Q72DI8
674	0	957	674	1	Q729M7
675	0	957	675	1	Q72DI3
676	2863	957	676	1	Q72E84
677	301	957	677	1	Q72E81
678	223	957	678	1	Q72E85
679	301	957	679	1	Q72E24
680	301	957	680	1	Q72E80
681	813	957	681	1	Q72E27
682	301	957	682	1	Q727L8
683	1003	957	683	1	Q727B7
684	0	957	684	1	Q727B8
685	557	957	685	1	Q727C0
686	78	957	686	1	Q727C3
687	78	957	687	1	Q727C5
688	0	957	688	1	Q72ES6
689	0	957	689	1	Q72ES7
690	78	957	690	1	Q72AP3
691	0	957	691	1	Q72ES3
692	747	957	692	1	Q72ES5
693	145	957	693	1	Q72DP5
694	189	957	694	1	Q72AQ2
695	145	957	695	1	Q72AQ1
696	4936	957	696	1	Q72DP8
697	145	957	697	1	Q726R1
698	2117	957	698	1	Q72AQ5
699	0	957	699	1	Q726Q9
700	223	957	700	1	Q729L7
701	479	957	701	1	Q72C12
702	4089	957	702	1	Q72CA6
703	111	957	703	1	Q72FD4
704	0	957	704	1	Q72C13
705	635	957	705	1	Q72CA8
706	145	957	706	1	Q72CA7
707	368	957	707	1	Q3V892
708	256	957	708	1	Q726Q7
709	2195	957	709	1	Q726Q8
710	0	957	710	1	Q72CB0
711	925	957	711	1	Q72AX2
712	78	957	712	1	Q72AU0
713	891	957	713	1	Q725I1
714	0	957	714	1	Q72BQ7
715	145	957	715	1	Q725I2
716	0	957	716	1	Q72BQ9
717	635	957	717	1	Q72AT9
718	2195	957	718	1	Q725I7
719	145	957	719	1	Q72BR2
720	0	957	720	1	Q72BR3
721	780	957	721	1	Q72BR4
722	591	957	722	1	Q72FZ0
723	368	957	723	1	Q72AX6
724	446	957	724	1	Q72FZ1
725	368	957	725	1	Q729K3
726	0	957	726	1	Q725I4
727	223	957	727	1	Q728V2
728	479	957	728	1	Q72AD6
729	813	957	729	1	Q72B06
730	0	957	730	1	Q72AD3
731	2451	957	731	1	Q72B07
732	0	957	732	1	Q72AC9
733	189	957	733	1	Q72B02
734	1593	957	734	1	Q72B01
735	2150	957	735	1	Q729K1
736	189	957	736	1	Q725W7
737	891	957	737	1	Q72DU4
738	334	957	738	1	Q3V891
739	669	957	739	1	Q72AQ3
740	189	957	740	1	Q72F72
741	2039	957	741	1	P62229
742	557	957	742	1	Q72AQ6
743	780	957	743	1	Q729K8
744	145	957	744	1	Q72AQ9
745	5872	957	745	1	Q72AR0
746	145	957	746	1	Q72AR1
747	189	957	747	1	Q72AR2
748	0	957	748	1	Q72F10
749	2006	957	749	1	Q72F44
750	21393	957	750	1	Q0PIQ8
751	20167	957	751	1	Q0PIQ7
752	4980	957	752	1	Q46582
753	412	957	753	1	Q726S7
754	78	957	754	1	Q72C09
755	6095	957	755	1	Q728D6
756	0	957	756	1	Q72FD5
757	1370	957	757	1	Q72FN6
758	524	957	758	1	Q72FP3
759	256	957	759	1	Q72FP0
760	1638	957	760	1	Q72FE1
761	2674	957	761	1	Q728R0
762	0	957	762	1	Q728U6
763	334	957	763	1	Q72FD8
764	111	957	764	1	Q728D5
765	557	957	765	1	Q728D4
766	5237	957	766	1	Q72CF5
767	111	957	767	1	Q728S9
768	334	957	768	1	P62412
769	0	957	769	1	Q729R8
770	0	957	770	1	Q72E54
771	189	957	771	1	Q727H1
772	256	957	772	1	Q727H0
773	702	957	773	1	Q726A1
774	78	957	774	1	Q729A4
775	1861	957	775	1	Q729A3
776	256	957	776	1	Q729A8
777	111	957	777	1	Q72BF4
778	0	957	778	1	Q729B0
779	111	957	779	1	Q72BF2
780	0	957	780	1	Q729B1
781	301	957	781	1	Q729X2
782	1370	957	782	1	Q725P5
783	223	957	783	1	Q72FN8
784	256	957	784	1	Q72D36
785	780	957	785	1	P61522
786	301	957	786	1	Q72D35
787	0	957	787	1	Q72D34
788	223	957	788	1	Q72EN9
789	0	957	789	1	Q72D39
790	446	957	790	1	Q729M6
791	145	957	791	1	Q72D37
792	1448	957	792	1	Q728L3
793	189	957	793	1	Q72FA9
794	301	957	794	1	Q72FD6
795	0	957	795	1	Q72FB2
796	368	957	796	1	Q72CM5
797	412	957	797	1	Q72CM6
798	78	957	798	1	Q72EF1
799	1928	957	799	1	Q728Q5
800	145	957	800	1	Q72CN2
801	111	957	801	1	Q72FH1
802	747	957	802	1	Q72CT4
803	0	957	803	1	Q728C8
804	524	957	804	1	Q72C14
805	0	957	805	1	Q72DM9
806	223	957	806	1	Q729W6
807	0	957	807	1	Q729W7
808	2819	957	808	1	Q72E67
809	0	957	809	1	Q72B89
810	446	957	810	1	Q72AN9
811	111	957	811	1	Q72E63
812	412	957	812	1	Q727W0
813	223	957	813	1	Q72AP0
814	78	957	814	1	Q72EB9
815	0	957	815	1	Q726Y6
816	0	957	816	1	Q726Y0
817	78	957	817	1	Q72BL7
818	0	957	818	1	Q72BL6
819	0	957	819	1	Q72EC8
820	111	957	820	1	Q726X7
821	479	957	821	1	Q72BM3
822	145	957	822	1	Q72BM2
823	0	957	823	1	Q72BM4
824	1081	957	824	1	Q72DA8
825	223	957	825	1	Q72DA9
826	702	957	826	1	Q72CE0
827	1448	957	827	1	Q72DA4
828	2340	957	828	1	Q72CF3
829	145	957	829	1	Q72DA0
830	1928	957	830	1	Q725Z2
831	111	957	831	1	Q72CB2
832	334	957	832	1	Q728M4
833	78	957	833	1	Q72BH0
834	189	957	834	1	Q72DD7
835	0	957	835	1	Q726L8
836	78	957	836	1	Q72C46
837	702	957	837	1	Q72BV4
838	1638	957	838	1	Q72BU7
839	0	957	839	1	Q72DD2
840	2195	957	840	1	Q72DD4
841	0	957	841	1	Q726M6
842	1448	957	842	1	Q72BU5
843	145	957	843	1	Q72CE7
844	78	957	844	1	Q726M1
845	635	957	845	1	Q726M2
846	0	957	846	1	Q72C50
847	78	957	847	1	Q72G56
848	0	957	848	1	Q72G54
849	1304	957	849	1	Q72G53
850	925	957	850	1	Q72G58
851	111	957	851	1	Q72G57
852	0	957	852	1	Q727F1
853	2195	957	853	1	Q727F2
854	301	957	854	1	Q727F3
855	145	957	855	1	Q727F4
856	368	957	856	1	Q72DQ4
857	3120	957	857	1	Q72DQ5
858	412	957	858	1	Q72AW2
859	0	957	859	1	Q72DQ3
860	145	957	860	1	Q72DQ8
861	24769	957	861	1	Q079G1
862	111	957	862	1	Q72AL7
863	111	957	863	1	Q72BQ1
864	635	957	864	1	Q72AW7
865	0	957	865	1	Q72AW4
866	78	957	866	1	Q72DQ1
867	0	957	867	1	Q72AW6
868	0	957	868	1	Q72AW5
869	2262	957	869	1	Q72CF7
870	858	957	870	1	Q72CF6
871	111	957	871	1	Q72BQ3
872	1081	957	872	1	Q72CJ4
873	0	957	873	1	Q72CG0
874	2150	957	874	1	Q72CG3
875	0	957	875	1	Q72CG2
876	1192	957	876	1	Q72CJ6
877	446	957	877	1	Q72CK0
878	301	957	878	1	Q72CK1
879	1816	957	879	1	Q726F2
880	0	957	880	1	Q726F4
881	0	957	881	1	Q726F6
882	145	957	882	1	Q72DU1
883	4713	957	883	1	Q726F8
884	0	957	884	1	Q726T9
885	223	957	885	1	Q725J7
886	189	957	886	1	Q725Z9
887	0	957	887	1	Q726U6
888	223	957	888	1	Q72FS5
889	78	957	889	1	Q728H5
890	0	957	890	1	Q72FT3
891	368	957	891	1	Q72FT0
892	111	957	892	1	Q72DQ9
893	1928	957	893	1	Q729E9
894	2262	957	894	1	Q729E8
895	780	957	895	1	Q729F1
896	2228	957	896	1	Q729F0
897	256	957	897	1	Q729E7
898	50841	957	898	1	Q729E6
899	111	957	899	1	Q72AU2
900	4869	957	900	1	Q72BR0
901	78	957	901	1	Q72C18
902	145	957	902	1	Q729X5
903	0	957	903	1	Q72B30
904	0	957	904	1	Q72B31
905	3454	957	905	1	P31101
906	2039	957	906	1	Q729F2
907	2039	957	907	1	Q72C87
908	189	957	908	1	Q726C1
909	189	957	909	1	Q729N7
910	858	957	910	1	P61940
911	78	957	911	1	Q72CS3
912	256	957	912	1	Q72CS2
913	0	957	913	1	Q72EU1
914	0	957	914	1	Q72CU2
915	1036	957	915	1	Q72A53
916	78	957	916	1	Q72CT8
917	78	957	917	1	Q72EK2
918	0	957	918	1	Q72EK1
919	524	957	919	1	Q72F65
920	1337	957	920	1	Q72FI6
921	0	957	921	1	Q728V3
922	557	957	922	1	Q72F71
923	189	957	923	1	Q728V8
924	334	957	924	1	Q728V5
925	0	957	925	1	Q725Z4
926	0	957	926	1	Q72F70
927	0	957	927	1	Q729S7
928	189	957	928	1	Q72D22
929	669	957	929	1	Q72CH3
930	3008	957	930	1	Q729F3
931	0	957	931	1	Q728X5
932	256	957	932	1	Q72FD0
933	0	957	933	1	Q728X8
934	111	957	934	1	Q728Y0
935	1259	957	935	1	Q72BI1
936	0	957	936	1	Q728M6
937	702	957	937	1	Q72BH8
938	368	957	938	1	Q728M8
939	301	957	939	1	Q728N1
940	0	957	940	1	Q72EG8
941	2930	957	941	1	Q728N2
942	1192	957	942	1	Q72D64
943	925	957	943	1	Q72D65
944	368	957	944	1	Q72AU4
945	925	957	945	1	Q72AU3
946	301	957	946	1	Q72AV0
947	111	957	947	1	Q72AU9
948	111	957	948	1	Q72DM2
949	412	957	949	1	Q725M4
950	780	957	950	1	Q72AB2
951	145	957	951	1	Q72AB5
952	0	957	952	1	Q725M7
953	0	957	953	1	Q72CL6
954	0	957	954	1	Q72CL8
955	0	957	955	1	Q72CM3
956	145	957	956	1	Q72BI5
957	2774	1914	957	2	Q72DH3
958	79.9000000000000057	1914	958	2	Q72DH2
959	0	1914	959	2	Q72DH5
960	651	1914	960	2	Q72DH4
961	228	1914	961	2	Q72DH6
962	0	1914	962	2	Q72DH8
963	491	1914	963	2	Q725Q1
964	1256	1914	964	2	Q72DH1
965	879	1914	965	2	Q72B55
966	342	1914	966	2	Q72G17
967	0	1914	967	2	Q72G16
968	422	1914	968	2	Q72B54
969	148	1914	969	2	Q727R1
970	148	1914	970	2	Q72E96
971	537	1914	971	2	Q72E95
972	1256	1914	972	2	Q72BL2
973	114	1914	973	2	Q72BL3
974	833	1914	974	2	Q72E94
975	0	1914	975	2	Q72E93
976	491	1914	976	2	Q72E18
977	833	1914	977	2	Q72CT7
978	685	1914	978	2	Q72E15
979	228	1914	979	2	Q72BK6
980	148	1914	980	2	Q72E13
981	0	1914	981	2	Q727N5
982	0	1914	982	2	Q725H3
983	0	1914	983	2	Q727B2
984	605	1914	984	2	Q727B3
985	879	1914	985	2	Q725S5
986	194	1914	986	2	Q72ET7
987	879	1914	987	2	Q72ET1
988	685	1914	988	2	Q72ET0
989	342	1914	989	2	Q726Q3
990	308	1914	990	2	Q72CB5
991	457	1914	991	2	Q72C78
992	79.9000000000000057	1914	992	2	Q726Q1
993	0	1914	993	2	Q72CC0
994	1142	1914	994	2	Q72CC3
995	194	1914	995	2	Q72C76
996	79.9000000000000057	1914	996	2	Q72CB7
997	148	1914	997	2	Q72CB6
998	79.9000000000000057	1914	998	2	Q72CB9
999	1941	1914	999	2	Q72BR6
1000	1861	1914	1000	2	Q72BR5
1001	114	1914	1001	2	Q72CT6
1002	114	1914	1002	2	Q726J4
1003	0	1914	1003	2	Q72BS4
1004	422	1914	1004	2	Q72F73
1005	114	1914	1005	2	Q72BE8
1006	342	1914	1006	2	Q72AZ7
1007	0	1914	1007	2	Q72AZ8
1008	308	1914	1008	2	Q72AZ9
1009	0	1914	1009	2	Q72AD8
1010	0	1914	1010	2	Q72AD9
1011	457	1914	1011	2	Q72AE2
1012	0	1914	1012	2	Q72AE0
1013	79.9000000000000057	1914	1013	2	Q72EY8
1014	79.9000000000000057	1914	1014	2	Q72EY6
1015	0	1914	1015	2	Q72AR8
1016	491	1914	1016	2	Q72AR5
1017	0	1914	1017	2	Q728C0
1018	148	1914	1018	2	P62060
1019	13048	1914	1019	2	Q72AS0
1020	377	1914	1020	2	Q726S9
1021	5251	1914	1021	2	Q726T1
1022	228	1914	1022	2	Q725V9
1023	114	1914	1023	2	Q72CG4
1024	457	1914	1024	2	Q72CG5
1025	719	1914	1025	2	Q72CG6
1026	685	1914	1026	2	Q72F29
1027	1632	1914	1027	2	Q72CG8
1028	0	1914	1028	2	Q72CG9
1029	0	1914	1029	2	Q72CH0
1030	0	1914	1030	2	Q72CH1
1031	422	1914	1031	2	Q72CH2
1032	0	1914	1032	2	Q726S8
1033	228	1914	1033	2	Q72FS0
1034	765	1914	1034	2	Q72FS1
1035	0	1914	1035	2	Q728I7
1036	2660	1914	1036	2	Q727V2
1037	4110	1914	1037	2	Q72FF3
1038	79.9000000000000057	1914	1038	2	Q72FF2
1039	0	1914	1039	2	Q72B13
1040	0	1914	1040	2	Q727U8
1041	79.9000000000000057	1914	1041	2	Q72FE9
1042	1861	1914	1042	2	Q72FE8
1043	0	1914	1043	2	Q727U9
1044	1598	1914	1044	2	Q728S0
1045	1176	1914	1045	2	Q728S3
1046	342	1914	1046	2	Q728S2
1047	114	1914	1047	2	Q72BE4
1048	308	1914	1048	2	Q728R6
1049	651	1914	1049	2	Q728R9
1050	263	1914	1050	2	Q728R8
1051	719	1914	1051	2	Q728R5
1052	0	1914	1052	2	Q729B3
1053	0	1914	1053	2	Q726E6
1054	308	1914	1054	2	Q726E7
1055	1336	1914	1055	2	Q725K9
1056	79.9000000000000057	1914	1056	2	Q729X4
1057	194	1914	1057	2	Q729C1
1058	148	1914	1058	2	Q72E91
1059	263	1914	1059	2	Q72ER8
1060	422	1914	1060	2	Q72ER9
1061	1176	1914	1061	2	Q72ER6
1062	1290	1914	1062	2	Q72ER5
1063	0	1914	1063	2	Q72CY7
1064	537	1914	1064	2	Q72ER1
1065	308	1914	1065	2	Q725Q7
1066	1518	1914	1066	2	Q72CQ5
1067	0	1914	1067	2	Q72FA2
1068	0	1914	1068	2	Q72CR0
1069	79.9000000000000057	1914	1069	2	Q72CR1
1070	3048	1914	1070	2	Q72F95
1071	148	1914	1071	2	Q72A47
1072	1142	1914	1072	2	Q729N2
1073	0	1914	1073	2	Q72ED6
1074	0	1914	1074	2	Q72E12
1075	114	1914	1075	2	Q729W9
1076	537	1914	1076	2	Q728R3
1077	114	1914	1077	2	Q729X1
1078	114	1914	1078	2	Q729X0
1079	148	1914	1079	2	Q72E53
1080	0	1914	1080	2	Q72E58
1081	308	1914	1081	2	Q72AS8
1082	79.9000000000000057	1914	1082	2	Q72E56
1083	148	1914	1083	2	Q72E57
1084	194	1914	1084	2	Q72BG8
1085	114	1914	1085	2	Q727T3
1086	114	1914	1086	2	Q726X1
1087	194	1914	1087	2	Q726X3
1088	79.9000000000000057	1914	1088	2	Q726X4
1089	605	1914	1089	2	Q726X5
1090	0	1914	1090	2	Q72CZ7
1091	799	1914	1091	2	Q72D90
1092	2363	1914	1092	2	Q726A2
1093	308	1914	1093	2	Q725Y1
1094	422	1914	1094	2	Q725Y0
1095	2249	1914	1095	2	Q72D99
1096	0	1914	1096	2	Q726L0
1097	1450	1914	1097	2	P24931
1098	0	1914	1098	2	Q72FQ2
1099	0	1914	1099	2	Q726K8
1100	2432	1914	1100	2	Q72DG3
1101	2626	1914	1101	2	Q72DG5
1102	228	1914	1102	2	Q72DG6
1103	148	1914	1103	2	Q72DG8
1104	79.9000000000000057	1914	1104	2	Q726S5
1105	537	1914	1105	2	P62214
1106	194	1914	1106	2	Q72G28
1107	457	1914	1107	2	Q72G27
1108	0	1914	1108	2	Q72BQ2
1109	194	1914	1109	2	Q727E1
1110	0	1914	1110	2	Q727E3
1111	114	1914	1111	2	Q72BL8
1112	4760	1914	1112	2	Q729P1
1113	342	1914	1113	2	Q72EF4
1114	228	1914	1114	2	Q72F19
1115	3311	1914	1115	2	Q72EF3
1116	194	1914	1116	2	Q72AN0
1117	79.9000000000000057	1914	1117	2	Q72BM0
1118	0	1914	1118	2	Q72DR4
1119	3391	1914	1119	2	Q72CI3
1120	0	1914	1120	2	Q729P0
1121	228	1914	1121	2	Q728F6
1122	0	1914	1122	2	Q728G3
1123	0	1914	1123	2	Q729N3
1124	685	1914	1124	2	Q728G0
1125	148	1914	1125	2	Q72EF0
1126	114	1914	1126	2	Q72CI5
1127	1450	1914	1127	2	Q72CI4
1128	0	1914	1128	2	Q72F23
1129	913	1914	1129	2	Q72CJ3
1130	79.9000000000000057	1914	1130	2	Q72B78
1131	37821	1914	1131	2	Q72CI8
1132	148	1914	1132	2	Q72BP0
1133	2317	1914	1133	2	Q72FV6
1134	0	1914	1134	2	P62636
1135	993	1914	1135	2	Q72C26
1136	0	1914	1136	2	Q72C25
1137	457	1914	1137	2	Q72BP1
1138	491	1914	1138	2	Q72BP2
1139	79.9000000000000057	1914	1139	2	Q726P4
1140	0	1914	1140	2	Q726P5
1141	1336	1914	1141	2	Q72C27
1142	422	1914	1142	2	Q726G0
1143	0	1914	1143	2	Q72BN7
1144	263	1914	1144	2	Q726P1
1145	79.9000000000000057	1914	1145	2	Q72C31
1146	0	1914	1146	2	Q72B46
1147	79.9000000000000057	1914	1147	2	Q72B47
1148	263	1914	1148	2	Q72FQ5
1149	2363	1914	1149	2	Q72B43
1150	79.9000000000000057	1914	1150	2	Q72B39
1151	79.9000000000000057	1914	1151	2	Q72AP1
1152	799	1914	1152	2	Q05805
1153	194	1914	1153	2	Q72CU7
1154	79.9000000000000057	1914	1154	2	Q728J5
1155	1632	1914	1155	2	Q72EN0
1156	228	1914	1156	2	Q72B21
1157	79.9000000000000057	1914	1157	2	Q72DW7
1158	114	1914	1158	2	Q72CV3
1159	114	1914	1159	2	P61452
1160	0	1914	1160	2	Q729I3
1161	0	1914	1161	2	Q726G8
1162	228	1914	1162	2	Q72B22
1163	1564	1914	1163	2	P04032
1164	0	1914	1164	2	Q72DW0
1165	651	1914	1165	2	Q72FW3
1166	79.9000000000000057	1914	1166	2	Q72EV5
1167	308	1914	1167	2	Q72EV8
1168	114	1914	1168	2	Q72F55
1169	765	1914	1169	2	Q72C29
1170	0	1914	1170	2	Q72F64
1171	308	1914	1171	2	Q72F62
1172	0	1914	1172	2	Q728X1
1173	0	1914	1173	2	Q72F60
1174	571	1914	1174	2	Q72F61
1175	0	1914	1175	2	Q728A7
1176	0	1914	1176	2	Q729T9
1177	2477	1914	1177	2	Q72A89
1178	194	1914	1178	2	Q726P0
1179	0	1914	1179	2	Q728Y8
1180	1678	1914	1180	2	Q72EH0
1181	0	1914	1181	2	Q72EG9
1182	537	1914	1182	2	P62051
1183	79.9000000000000057	1914	1183	2	Q726P2
1184	1747	1914	1184	2	Q72EH1
1185	0	1914	1185	2	Q728U8
1186	0	1914	1186	2	Q72D57
1187	0	1914	1187	2	Q72EQ8
1188	0	1914	1188	2	Q726D3
1189	263	1914	1189	2	Q72D53
1190	2820	1914	1190	2	Q725N2
1191	4486	1914	1191	2	Q728T8
1192	0	1914	1192	2	Q72D52
1193	228	1914	1193	2	Q72DX1
1194	537	1914	1194	2	Q726B2
1195	377	1914	1195	2	Q72CV4
1196	308	1914	1196	2	Q72CK5
1197	114	1914	1197	2	Q72CK4
1198	0	1914	1198	2	Q72CV9
1199	228	1914	1199	2	Q725M0
1200	148	1914	1200	2	Q729V7
1201	1975	1914	1201	2	Q725K4
1202	308	1914	1202	2	Q72DK2
1203	0	1914	1203	2	Q725L9
1204	79.9000000000000057	1914	1204	2	Q72DK0
1205	0	1914	1205	2	Q72DK1
1206	1256	1914	1206	2	Q72E03
1207	5594	1914	1207	2	Q72E02
1208	6929	1914	1208	2	Q729Y2
1209	14464	1914	1209	2	Q72E04
1210	0	1914	1210	2	Q729Y5
1211	0	1914	1211	2	Q72FY7
1212	0	1914	1212	2	Q72E01
1213	537	1914	1213	2	Q72E00
1214	457	1914	1214	2	Q729C3
1215	14121	1914	1215	2	Q72BJ9
1216	1142	1914	1216	2	P61700
1217	879	1914	1217	2	Q72EA3
1218	0	1914	1218	2	Q72EA7
1219	148	1914	1219	2	Q72C36
1220	114	1914	1220	2	Q72DC2
1221	308	1914	1221	2	Q72DC4
1222	457	1914	1222	2	Q727P3
1223	114	1914	1223	2	Q727A5
1224	0	1914	1224	2	Q726I1
1225	308	1914	1225	2	Q727G3
1226	0	1914	1226	2	Q726J0
1227	263	1914	1227	2	Q72C72
1228	0	1914	1228	2	Q72C66
1229	114	1914	1229	2	Q726I0
1230	12592	1914	1230	2	Q72BS5
1231	308	1914	1231	2	Q726M4
1232	0	1914	1232	2	Q729P7
1233	308	1914	1233	2	Q727V0
1234	79.9000000000000057	1914	1234	2	Q726K7
1235	0	1914	1235	2	Q726K6
1236	0	1914	1236	2	Q72BT2
1237	14418	1914	1237	2	Q726K3
1238	148	1914	1238	2	Q726K0
1239	114	1914	1239	2	Q72DZ0
1240	194	1914	1240	2	Q728M3
1241	308	1914	1241	2	Q72DZ9
1242	457	1914	1242	2	Q72AZ0
1243	422	1914	1243	2	Q72AY9
1244	0	1914	1244	2	Q729N0
1245	1404	1914	1245	2	Q727W6
1246	0	1914	1246	2	Q729M4
1247	0	1914	1247	2	Q729M5
1248	1336	1914	1248	2	Q72AY3
1249	377	1914	1249	2	Q727W9
1250	422	1914	1250	2	Q729M1
1251	0	1914	1251	2	Q72EI9
1252	4304	1914	1252	2	Q72EZ5
1253	0	1914	1253	2	Q72EZ7
1254	308	1914	1254	2	Q72AT0
1255	2968	1914	1255	2	Q72DS8
1256	651	1914	1256	2	Q72DS9
1257	1176	1914	1257	2	Q72DS2
1258	685	1914	1258	2	Q72DS3
1259	0	1914	1259	2	Q72DS4
1260	194	1914	1260	2	Q72DS5
1261	342	1914	1261	2	Q726S1
1262	0	1914	1262	2	Q726S0
1263	263	1914	1263	2	Q726R9
1264	879	1914	1264	2	Q726S6
1265	879	1914	1265	2	Q72CH4
1266	2397	1914	1266	2	Q72FG1
1267	993	1914	1267	2	Q726S3
1268	2477	1914	1268	2	Q72CH9
1269	0	1914	1269	2	Q72CH8
1270	1107	1914	1270	2	Q72CH7
1271	491	1914	1271	2	Q72CH6
1272	7455	1914	1272	2	Q72FF5
1273	571	1914	1273	2	Q72CI1
1274	194	1914	1274	2	Q72CI0
1275	993	1914	1275	2	Q72FW8
1276	0	1914	1276	2	Q72FX2
1277	194	1914	1277	2	Q72FX3
1278	0	1914	1278	2	Q72FQ7
1279	457	1914	1279	2	Q72B20
1280	491	1914	1280	2	Q72AK7
1281	6815	1914	1281	2	Q72DW8
1282	377	1914	1282	2	Q729J3
1283	5365	1914	1283	2	Q729Z3
1284	537	1914	1284	2	Q72DW9
1285	308	1914	1285	2	Q729J6
1286	342	1914	1286	2	Q72A59
1287	0	1914	1287	2	Q726E3
1288	2055	1914	1288	2	Q726E1
1289	3733	1914	1289	2	Q727S1
1290	79.9000000000000057	1914	1290	2	Q727R8
1291	148	1914	1291	2	Q729D1
1292	263	1914	1292	2	Q72AZ3
1293	833	1914	1293	2	Q729C9
1294	457	1914	1294	2	Q725R8
1295	457	1914	1295	2	Q729C4
1296	491	1914	1296	2	Q725R5
1297	194	1914	1297	2	Q72BQ4
1298	0	1914	1298	2	Q729I6
1299	263	1914	1299	2	Q72EW5
1300	148	1914	1300	2	Q726K4
1301	537	1914	1301	2	Q72AK6
1302	148	1914	1302	2	Q725S2
1303	228	1914	1303	2	Q725R9
1304	651	1914	1304	2	Q72EQ9
1305	263	1914	1305	2	Q72AL1
1306	457	1914	1306	2	Q72CP5
1307	719	1914	1307	2	Q72F91
1308	9053	1914	1308	2	Q72F92
1309	0	1914	1309	2	Q72DW2
1310	0	1914	1310	2	Q72B26
1311	114	1914	1311	2	Q72F87
1312	114	1914	1312	2	Q72F88
1313	377	1914	1313	2	Q72F89
1314	148	1914	1314	2	Q72BL4
1315	6815	1914	1315	2	Q726B7
1316	148	1914	1316	2	Q72EE5
1317	148	1914	1317	2	Q72EE7
1318	114	1914	1318	2	Q725W1
1319	114	1914	1319	2	Q728Q2
1320	342	1914	1320	2	Q728Q1
1321	457	1914	1321	2	Q72E47
1322	651	1914	1322	2	Q729U7
1323	263	1914	1323	2	Q729U8
1324	114	1914	1324	2	Q72E43
1325	879	1914	1325	2	Q72E45
1326	0	1914	1326	2	Q729U4
1327	879	1914	1327	2	P07603
1328	0	1914	1328	2	Q72B63
1329	799	1914	1329	2	Q72BG6
1330	0	1914	1330	2	Q72BG5
1331	0	1914	1331	2	Q726W0
1332	148	1914	1332	2	Q726V9
1333	1062	1914	1333	2	Q726W6
1334	0	1914	1334	2	Q729Z1
1335	0	1914	1335	2	Q726W4
1336	148	1914	1336	2	Q72BF9
1337	0	1914	1337	2	Q72D10
1338	1941	1914	1338	2	Q72D86
1339	0	1914	1339	2	Q72FR5
1340	377	1914	1340	2	Q72BV5
1341	1222	1914	1341	2	Q72D85
1342	148	1914	1342	2	Q72AL9
1343	719	1914	1343	2	Q72FH2
1344	879	1914	1344	2	Q729Z4
1345	1336	1914	1345	2	P00323
1346	377	1914	1346	2	Q72DF1
1347	3573	1914	1347	2	Q72DF0
1348	194	1914	1348	2	Q72DF4
1349	833	1914	1349	2	Q72FM7
1350	0	1914	1350	2	Q729P2
1351	10537	1914	1351	2	Q729Z6
1352	342	1914	1352	2	Q72DV4
1353	1107	1914	1353	2	Q72DQ6
1354	1792	1914	1354	2	Q72E34
1355	148	1914	1355	2	Q72E37
1356	0	1914	1356	2	Q72E38
1357	1827	1914	1357	2	Q06173
1358	0	1914	1358	2	Q727D4
1359	12523	1914	1359	2	Q727D5
1360	0	1914	1360	2	Q727D2
1361	0	1914	1361	2	Q727D3
1362	605	1914	1362	2	Q727D0
1363	228	1914	1363	2	P62433
1364	7649	1914	1364	2	Q727C8
1365	993	1914	1365	2	Q727C9
1366	2591	1914	1366	2	Q727C6
1367	2283	1914	1367	2	Q727C7
1368	422	1914	1368	2	Q72DN1
1369	342	1914	1369	2	Q728D2
1370	0	1914	1370	2	Q72DN3
1371	0	1914	1371	2	Q728D0
1372	377	1914	1372	2	Q72DN5
1373	879	1914	1373	2	Q72DN6
1374	537	1914	1374	2	Q72DN8
1375	114	1914	1375	2	Q72DN9
1376	0	1914	1376	2	Q72CE1
1377	651	1914	1377	2	Q726Z0
1378	308	1914	1378	2	Q72CD9
1379	308	1914	1379	2	Q72CD8
1380	0	1914	1380	2	Q728F3
1381	1404	1914	1381	2	Q727T5
1382	263	1914	1382	2	P00131
1383	1222	1914	1383	2	Q72C16
1384	263	1914	1384	2	Q725K0
1385	571	1914	1385	2	Q725K1
1386	0	1914	1386	2	Q72BP9
1387	0	1914	1387	2	Q72C23
1388	0	1914	1388	2	Q72C24
1389	0	1914	1389	2	Q72BP6
1390	0	1914	1390	2	Q72BP5
1391	79.9000000000000057	1914	1391	2	Q72FB9
1392	0	1914	1392	2	Q72C17
1393	308	1914	1393	2	Q72FB8
1394	491	1914	1394	2	Q72EB4
1395	263	1914	1395	2	Q72B16
1396	228	1914	1396	2	Q72EB3
1397	79.9000000000000057	1914	1397	2	Q72F27
1398	1027	1914	1398	2	Q72CG1
1399	342	1914	1399	2	Q72AC4
1400	491	1914	1400	2	Q72B57
1401	1290	1914	1401	2	Q72B56
1402	114	1914	1402	2	Q72AC7
1403	1678	1914	1403	2	Q72AC0
1404	114	1914	1404	2	Q72AC1
1405	148	1914	1405	2	Q72B50
1406	605	1914	1406	2	Q726Y7
1407	148	1914	1407	2	P62637
1408	0	1914	1408	2	Q72A22
1409	0	1914	1409	2	Q72EM7
1410	308	1914	1410	2	Q72EM6
1411	2660	1914	1411	2	Q725V6
1412	194	1914	1412	2	Q729H2
1413	0	1914	1413	2	Q725W0
1414	1107	1914	1414	2	Q72B19
1415	194	1914	1415	2	Q729H5
1416	0	1914	1416	2	Q72B17
1417	765	1914	1417	2	Q729I1
1418	114	1914	1418	2	Q72DX0
1419	491	1914	1419	2	Q729H8
1420	879	1914	1420	2	Q72F00
1421	79.9000000000000057	1914	1421	2	Q72F53
1422	194	1914	1422	2	Q72F06
1423	114	1914	1423	2	Q72F08
1424	0	1914	1424	2	Q727U6
1425	1027	1914	1425	2	Q72F03
1426	537	1914	1426	2	Q72F04
1427	114	1914	1427	2	Q727T4
1428	0	1914	1428	2	Q72FP7
1429	194	1914	1429	2	Q72FP8
1430	1861	1914	1430	2	Q727T0
1431	114	1914	1431	2	Q72FQ1
1432	3196	1914	1432	2	P45573
1433	1484	1914	1433	2	Q72CF4
1434	6884	1914	1434	2	Q72FP4
1435	79.9000000000000057	1914	1435	2	Q728P9
1436	0	1914	1436	2	Q72DP2
1437	194	1914	1437	2	Q729Q1
1438	0	1914	1438	2	Q729Q3
1439	148	1914	1439	2	Q729Q4
1440	0	1914	1440	2	Q729Q6
1441	422	1914	1441	2	Q729Q8
1442	228	1914	1442	2	Q729Q9
1443	1404	1914	1443	2	Q728T4
1444	799	1914	1444	2	Q728T3
1445	18916	1914	1445	2	Q72A88
1446	194	1914	1446	2	Q727V1
1447	1142	1914	1447	2	Q72A90
1448	1975	1914	1448	2	Q72A92
1449	3733	1914	1449	2	Q72A93
1450	4829	1914	1450	2	Q72A94
1451	79.9000000000000057	1914	1451	2	Q728T7
1452	228	1914	1452	2	Q728T6
1453	2055	1914	1453	2	Q72A97
1454	148	1914	1454	2	Q72EP2
1455	148	1914	1455	2	P62450
1456	79.9000000000000057	1914	1456	2	Q72EP7
1457	342	1914	1457	2	Q725P0
1458	1518	1914	1458	2	Q72FF0
1459	148	1914	1459	2	Q72D45
1460	0	1914	1460	2	Q726C9
1461	0	1914	1461	2	Q726A9
1462	194	1914	1462	2	Q727F8
1463	79.9000000000000057	1914	1463	2	Q727U7
1464	148	1914	1464	2	Q72CP2
1465	719	1914	1465	2	Q728M1
1466	228	1914	1466	2	Q72CP1
1467	1256	1914	1467	2	Q728L7
1468	0	1914	1468	2	Q728L8
1469	833	1914	1469	2	Q72CN4
1470	765	1914	1470	2	Q72CN5
1471	194	1914	1471	2	Q72CW8
1472	1632	1914	1472	2	Q72FD1
1473	0	1914	1473	2	Q726B9
1474	719	1914	1474	2	Q726B8
1475	0	1914	1475	2	P35841
1476	13585	1914	1476	2	P20418
1477	1370	1914	1477	2	Q72DJ4
1478	3311	1914	1478	2	Q725K7
1479	0	1914	1479	2	Q72FD3
1480	79.9000000000000057	1914	1480	2	Q72E76
1481	148	1914	1481	2	Q72E77
1482	1256	1914	1482	2	Q72E78
1483	79.9000000000000057	1914	1483	2	Q72E72
1484	194	1914	1484	2	Q72BG0
1485	0	1914	1485	2	Q72E75
1486	491	1914	1486	2	Q72G01
1487	0	1914	1487	2	Q728R7
1488	377	1914	1488	2	Q72G03
1489	114	1914	1489	2	Q72G02
1490	0	1914	1490	2	Q72FZ9
1491	263	1914	1491	2	Q726Z2
1492	79.9000000000000057	1914	1492	2	Q72BN3
1493	4943	1914	1493	2	Q72EB0
1494	308	1914	1494	2	Q72BN1
1495	0	1914	1495	2	Q726Z3
1496	148	1914	1496	2	Q72BM6
1497	0	1914	1497	2	Q72BM7
1498	0	1914	1498	2	Q72EB8
1499	263	1914	1499	2	Q72EB6
1500	422	1914	1500	2	Q72EB5
1501	1518	1914	1501	2	Q72DB7
1502	6427	1914	1502	2	Q72DB6
1503	114	1914	1503	2	Q72FV2
1504	0	1914	1504	2	Q72AC5
1505	263	1914	1505	2	Q726H3
1506	5331	1914	1506	2	Q726H4
1507	79.9000000000000057	1914	1507	2	Q726H1
1508	114	1914	1508	2	Q726H2
1509	0	1914	1509	2	Q72C55
1510	537	1914	1510	2	Q72DE9
1511	0	1914	1511	2	Q72BU3
1512	651	1914	1512	2	Q72C59
1513	457	1914	1513	2	Q72C60
1514	228	1914	1514	2	Q72C57
1515	79.9000000000000057	1914	1515	2	Q72C58
1516	194	1914	1516	2	Q72C64
1517	114	1914	1517	2	Q72C61
1518	27821	1914	1518	2	Q72C62
1519	605	1914	1519	2	Q72BQ5
1520	1222	1914	1520	2	P30820
1521	1142	1914	1521	2	Q72AI0
1522	148	1914	1522	2	Q72BU0
1523	26633	1914	1523	2	Q72DY0
1524	0	1914	1524	2	Q726M7
1525	148	1914	1525	2	Q72D84
1526	79.9000000000000057	1914	1526	2	Q72DY8
1527	491	1914	1527	2	Q72DY5
1528	114	1914	1528	2	Q72DY4
1529	377	1914	1529	2	P62457
1530	228	1914	1530	2	Q72C56
1531	0	1914	1531	2	Q729M0
1532	194	1914	1532	2	Q72AT3
1533	1792	1914	1533	2	Q72AT6
1534	228	1914	1534	2	Q72EI3
1535	799	1914	1535	2	Q72AX1
1536	79.9000000000000057	1914	1536	2	Q72AT7
1537	342	1914	1537	2	Q729L4
1538	1827	1914	1538	2	Q72EI7
1539	114	1914	1539	2	Q729L1
1540	719	1914	1540	2	Q726H6
1541	0	1914	1541	2	Q72EI0
1542	1747	1914	1542	2	Q72DT1
1543	3802	1914	1543	2	Q72DT0
1544	148	1914	1544	2	Q72DT9
1545	571	1914	1545	2	Q72DT8
1546	194	1914	1546	2	Q72DT6
1547	1222	1914	1547	2	Q72D62
1548	5822	1914	1548	2	Q72DT3
1549	28277	1914	1549	2	Q72DT2
1550	0	1914	1550	2	Q72CE4
1551	0	1914	1551	2	Q72FH0
1552	228	1914	1552	2	Q726V3
1553	0	1914	1553	2	Q726V4
1554	114	1914	1554	2	Q726V1
1555	0	1914	1555	2	Q72CF2
1556	0	1914	1556	2	Q726U8
1557	3196	1914	1557	2	Q72CE9
1558	263	1914	1558	2	Q72CE6
1559	114	1914	1559	2	Q72DE1
1560	228	1914	1560	2	Q72FX9
1561	79.9000000000000057	1914	1561	2	Q72FX8
1562	263	1914	1562	2	Q728U3
1563	194	1914	1563	2	Q72FY3
1564	114	1914	1564	2	Q72FY1
1565	0	1914	1565	2	Q728G8
1566	79.9000000000000057	1914	1566	2	Q728G7
1567	0	1914	1567	2	Q72FT8
1568	1404	1914	1568	2	Q72A54
1569	114	1914	1569	2	Q72A55
1570	194	1914	1570	2	Q729D5
1571	194	1914	1571	2	Q729E0
1572	1370	1914	1572	2	Q729E1
1573	263	1914	1573	2	Q72AK2
1574	799	1914	1574	2	Q72AJ9
1575	194	1914	1575	2	Q725S7
1576	114	1914	1576	2	Q726C5
1577	148	1914	1577	2	Q727Q8
1578	0	1914	1578	2	Q726C6
1579	0	1914	1579	2	Q727R0
1580	1678	1914	1580	2	Q727R3
1581	114	1914	1581	2	Q725H6
1582	79.9000000000000057	1914	1582	2	Q725S6
1583	2477	1914	1583	2	Q725H4
1584	228	1914	1584	2	Q72CS8
1585	1222	1914	1585	2	Q72CS9
1586	148	1914	1586	2	Q72CS6
1587	377	1914	1587	2	Q72CS7
1588	1107	1914	1588	2	Q72EX7
1589	2283	1914	1589	2	Q72CT0
1590	79.9000000000000057	1914	1590	2	Q72EL7
1591	1370	1914	1591	2	Q72EX0
1592	1792	1914	1592	2	Q72EL2
1593	9167	1914	1593	2	Q72EL3
1594	79.9000000000000057	1914	1594	2	Q72CV7
1595	263	1914	1595	2	Q72FH6
1596	685	1914	1596	2	Q72F75
1597	228	1914	1597	2	Q72F84
1598	79.9000000000000057	1914	1598	2	Q72F83
1599	194	1914	1599	2	Q72B29
1600	799	1914	1600	2	Q72C54
1601	308	1914	1601	2	Q72EF8
1602	0	1914	1602	2	Q72BI9
1603	308	1914	1603	2	Q72CH5
1604	194	1914	1604	2	Q72F17
1605	0	1914	1605	2	Q72EF2
1606	114	1914	1606	2	Q728N7
1607	194	1914	1607	2	Q728N4
1608	1222	1914	1608	2	Q725L6
1609	148	1914	1609	2	Q729V4
1610	0	1914	1610	2	Q72BI8
1611	3231	1914	1611	2	Q729V1
1612	0	1914	1612	2	Q72AV3
1613	148	1914	1613	2	Q72AV4
1614	377	1914	1614	2	Q72AV5
1615	0	1914	1615	2	Q72FG3
1616	0	1914	1616	2	Q72AV8
1617	3733	1914	1617	2	D3UEB9
1618	79.9000000000000057	1914	1618	2	Q72C15
1619	765	1914	1619	2	Q72B71
1620	148	1914	1620	2	Q72B74
1621	79.9000000000000057	1914	1621	2	Q72AV2
1622	263	1914	1622	2	Q72D63
1623	1975	1914	1623	2	Q72AL5
1624	342	1914	1624	2	Q725L4
1625	194	1914	1625	2	Q72EK0
1626	228	1914	1626	2	Q728Y5
1627	719	1914	1627	2	Q72DI0
1628	308	1914	1628	2	Q72G07
1629	2546	1914	1629	2	Q72DI8
1630	0	1914	1630	2	Q729M7
1631	0	1914	1631	2	Q72DI3
1632	2055	1914	1632	2	Q72E84
1633	114	1914	1633	2	Q72E81
1634	228	1914	1634	2	Q72E85
1635	571	1914	1635	2	Q72E24
1636	148	1914	1636	2	Q72E80
1637	1062	1914	1637	2	Q72E27
1638	457	1914	1638	2	Q727L8
1639	833	1914	1639	2	Q727B7
1640	148	1914	1640	2	Q727B8
1641	1027	1914	1641	2	Q727C0
1642	228	1914	1642	2	Q727C3
1643	0	1914	1643	2	Q727C5
1644	0	1914	1644	2	Q72ES6
1645	0	1914	1645	2	Q72ES7
1646	114	1914	1646	2	Q72AP3
1647	0	1914	1647	2	Q72ES3
1648	491	1914	1648	2	Q72ES5
1649	148	1914	1649	2	Q72DP5
1650	377	1914	1650	2	Q72AQ2
1651	263	1914	1651	2	Q72AQ1
1652	4989	1914	1652	2	Q72DP8
1653	263	1914	1653	2	Q726R1
1654	1975	1914	1654	2	Q72AQ5
1655	79.9000000000000057	1914	1655	2	Q726Q9
1656	377	1914	1656	2	Q729L7
1657	833	1914	1657	2	Q72C12
1658	5171	1914	1658	2	Q72CA6
1659	0	1914	1659	2	Q72FD4
1660	0	1914	1660	2	Q72C13
1661	1027	1914	1661	2	Q72CA8
1662	148	1914	1662	2	Q72CA7
1663	491	1914	1663	2	Q3V892
1664	263	1914	1664	2	Q726Q7
1665	2135	1914	1665	2	Q726Q8
1666	0	1914	1666	2	Q72CB0
1667	1222	1914	1667	2	Q72AX2
1668	0	1914	1668	2	Q72AU0
1669	1027	1914	1669	2	Q725I1
1670	0	1914	1670	2	Q72BQ7
1671	194	1914	1671	2	Q725I2
1672	194	1914	1672	2	Q72BQ9
1673	719	1914	1673	2	Q72AT9
1674	2591	1914	1674	2	Q725I7
1675	457	1914	1675	2	Q72BR2
1676	0	1914	1676	2	Q72BR3
1677	993	1914	1677	2	Q72BR4
1678	537	1914	1678	2	Q72FZ0
1679	308	1914	1679	2	Q72AX6
1680	342	1914	1680	2	Q72FZ1
1681	308	1914	1681	2	Q729K3
1682	0	1914	1682	2	Q725I4
1683	879	1914	1683	2	Q728V2
1684	1062	1914	1684	2	Q72AD6
1685	1176	1914	1685	2	Q72B06
1686	0	1914	1686	2	Q72AD3
1687	3847	1914	1687	2	Q72B07
1688	0	1914	1688	2	Q72AC9
1689	228	1914	1689	2	Q72B02
1690	1747	1914	1690	2	Q72B01
1691	3002	1914	1691	2	Q729K1
1692	114	1914	1692	2	Q725W7
1693	194	1914	1693	2	Q72DU4
1694	308	1914	1694	2	Q3V891
1695	1142	1914	1695	2	Q72AQ3
1696	194	1914	1696	2	Q72F72
1697	765	1914	1697	2	P62229
1698	342	1914	1698	2	Q72AQ6
1699	719	1914	1699	2	Q729K8
1700	0	1914	1700	2	Q72AQ9
1701	8870	1914	1701	2	Q72AR0
1702	114	1914	1702	2	Q72AR1
1703	79.9000000000000057	1914	1703	2	Q72AR2
1704	148	1914	1704	2	Q72F10
1705	377	1914	1705	2	Q72F44
1706	21234	1914	1706	2	Q0PIQ8
1707	23631	1914	1707	2	Q0PIQ7
1708	6850	1914	1708	2	Q46582
1709	765	1914	1709	2	Q726S7
1710	457	1914	1710	2	Q72C09
1711	5251	1914	1711	2	Q728D6
1712	0	1914	1712	2	Q72FD5
1713	765	1914	1713	2	Q72FN6
1714	422	1914	1714	2	Q72FP3
1715	457	1914	1715	2	Q72FP0
1716	1598	1914	1716	2	Q72FE1
1717	3767	1914	1717	2	Q728R0
1718	0	1914	1718	2	Q728U6
1719	537	1914	1719	2	Q72FD8
1720	228	1914	1720	2	Q728D5
1721	537	1914	1721	2	Q728D4
1722	2774	1914	1722	2	Q72CF5
1723	194	1914	1723	2	Q728S9
1724	948	1914	1724	2	P62412
1725	79.9000000000000057	1914	1725	2	Q729R8
1726	114	1914	1726	2	Q72E54
1727	0	1914	1727	2	Q727H1
1728	263	1914	1728	2	Q727H0
1729	571	1914	1729	2	Q726A1
1730	0	1914	1730	2	Q729A4
1731	2317	1914	1731	2	Q729A3
1732	228	1914	1732	2	Q729A8
1733	114	1914	1733	2	Q72BF4
1734	79.9000000000000057	1914	1734	2	Q729B0
1735	79.9000000000000057	1914	1735	2	Q72BF2
1736	0	1914	1736	2	Q729B1
1737	228	1914	1737	2	Q729X2
1738	833	1914	1738	2	Q725P5
1739	308	1914	1739	2	Q72FN8
1740	148	1914	1740	2	Q72D36
1741	457	1914	1741	2	P61522
1742	342	1914	1742	2	Q72D35
1743	79.9000000000000057	1914	1743	2	Q72D34
1744	0	1914	1744	2	Q72EN9
1745	0	1914	1745	2	Q72D39
1746	457	1914	1746	2	Q729M6
1747	79.9000000000000057	1914	1747	2	Q72D37
1748	1176	1914	1748	2	Q728L3
1749	228	1914	1749	2	Q72FA9
1750	342	1914	1750	2	Q72FD6
1751	0	1914	1751	2	Q72FB2
1752	879	1914	1752	2	Q72CM5
1753	0	1914	1753	2	Q72CM6
1754	79.9000000000000057	1914	1754	2	Q72EF1
1755	4532	1914	1755	2	Q728Q5
1756	114	1914	1756	2	Q72CN2
1757	148	1914	1757	2	Q72FH1
1758	263	1914	1758	2	Q72CT4
1759	0	1914	1759	2	Q728C8
1760	799	1914	1760	2	Q72C14
1761	79.9000000000000057	1914	1761	2	Q72DM9
1762	114	1914	1762	2	Q729W6
1763	79.9000000000000057	1914	1763	2	Q729W7
1764	3881	1914	1764	2	Q72E67
1765	148	1914	1765	2	Q72B89
1766	263	1914	1766	2	Q72AN9
1767	114	1914	1767	2	Q72E63
1768	719	1914	1768	2	Q727W0
1769	114	1914	1769	2	Q72AP0
1770	0	1914	1770	2	Q72EB9
1771	0	1914	1771	2	Q726Y6
1772	114	1914	1772	2	Q726Y0
1773	0	1914	1773	2	Q72BL7
1774	263	1914	1774	2	Q72BL6
1775	0	1914	1775	2	Q72EC8
1776	194	1914	1776	2	Q726X7
1777	377	1914	1777	2	Q72BM3
1778	0	1914	1778	2	Q72BM2
1779	114	1914	1779	2	Q72BM4
1780	537	1914	1780	2	Q72DA8
1781	194	1914	1781	2	Q72DA9
1782	719	1914	1782	2	Q72CE0
1783	1176	1914	1783	2	Q72DA4
1784	913	1914	1784	2	Q72CF3
1785	114	1914	1785	2	Q72DA0
1786	2283	1914	1786	2	Q725Z2
1787	0	1914	1787	2	Q72CB2
1788	79.9000000000000057	1914	1788	2	Q728M4
1789	0	1914	1789	2	Q72BH0
1790	491	1914	1790	2	Q72DD7
1791	0	1914	1791	2	Q726L8
1792	79.9000000000000057	1914	1792	2	Q72C46
1793	148	1914	1793	2	Q72BV4
1794	1222	1914	1794	2	Q72BU7
1795	114	1914	1795	2	Q72DD2
1796	2249	1914	1796	2	Q72DD4
1797	0	1914	1797	2	Q726M6
1798	1290	1914	1798	2	Q72BU5
1799	263	1914	1799	2	Q72CE7
1800	79.9000000000000057	1914	1800	2	Q726M1
1801	685	1914	1801	2	Q726M2
1802	79.9000000000000057	1914	1802	2	Q72C50
1803	0	1914	1803	2	Q72G56
1804	114	1914	1804	2	Q72G54
1805	879	1914	1805	2	Q72G53
1806	1062	1914	1806	2	Q72G58
1807	0	1914	1807	2	Q72G57
1808	0	1914	1808	2	Q727F1
1809	2363	1914	1809	2	Q727F2
1810	0	1914	1810	2	Q727F3
1811	79.9000000000000057	1914	1811	2	Q727F4
1812	308	1914	1812	2	Q72DQ4
1813	1598	1914	1813	2	Q72DQ5
1814	194	1914	1814	2	Q72AW2
1815	114	1914	1815	2	Q72DQ3
1816	263	1914	1816	2	Q72DQ8
1817	22375	1914	1817	2	Q079G1
1818	377	1914	1818	2	Q72AL7
1819	0	1914	1819	2	Q72BQ1
1820	571	1914	1820	2	Q72AW7
1821	79.9000000000000057	1914	1821	2	Q72AW4
1822	114	1914	1822	2	Q72DQ1
1823	1336	1914	1823	2	Q72AW6
1824	148	1914	1824	2	Q72AW5
1825	685	1914	1825	2	Q72CF7
1826	457	1914	1826	2	Q72CF6
1827	228	1914	1827	2	Q72BQ3
1828	571	1914	1828	2	Q72CJ4
1829	0	1914	1829	2	Q72CG0
1830	1176	1914	1830	2	Q72CG3
1831	0	1914	1831	2	Q72CG2
1832	1027	1914	1832	2	Q72CJ6
1833	948	1914	1833	2	Q72CK0
1834	194	1914	1834	2	Q72CK1
1835	1290	1914	1835	2	Q726F2
1836	0	1914	1836	2	Q726F4
1837	571	1914	1837	2	Q726F6
1838	263	1914	1838	2	Q72DU1
1839	2203	1914	1839	2	Q726F8
1840	0	1914	1840	2	Q726T9
1841	148	1914	1841	2	Q725J7
1842	422	1914	1842	2	Q725Z9
1843	148	1914	1843	2	Q726U6
1844	422	1914	1844	2	Q72FS5
1845	0	1914	1845	2	Q728H5
1846	79.9000000000000057	1914	1846	2	Q72FT3
1847	342	1914	1847	2	Q72FT0
1848	79.9000000000000057	1914	1848	2	Q72DQ9
1849	2055	1914	1849	2	Q729E9
1850	3196	1914	1850	2	Q729E8
1851	1222	1914	1851	2	Q729F1
1852	2660	1914	1852	2	Q729F0
1853	491	1914	1853	2	Q729E7
1854	66783	1914	1854	2	Q729E6
1855	228	1914	1855	2	Q72AU2
1856	3345	1914	1856	2	Q72BR0
1857	194	1914	1857	2	Q72C18
1858	0	1914	1858	2	Q729X5
1859	0	1914	1859	2	Q72B30
1860	79.9000000000000057	1914	1860	2	Q72B31
1861	3539	1914	1861	2	P31101
1862	3231	1914	1862	2	Q729F2
1863	2591	1914	1863	2	Q72C87
1864	308	1914	1864	2	Q726C1
1865	228	1914	1865	2	Q729N7
1866	993	1914	1866	2	P61940
1867	0	1914	1867	2	Q72CS3
1868	79.9000000000000057	1914	1868	2	Q72CS2
1869	0	1914	1869	2	Q72EU1
1870	0	1914	1870	2	Q72CU2
1871	1404	1914	1871	2	Q72A53
1872	0	1914	1872	2	Q72CT8
1873	194	1914	1873	2	Q72EK2
1874	422	1914	1874	2	Q72EK1
1875	228	1914	1875	2	Q72F65
1876	993	1914	1876	2	Q72FI6
1877	342	1914	1877	2	Q728V3
1878	491	1914	1878	2	Q72F71
1879	114	1914	1879	2	Q728V8
1880	114	1914	1880	2	Q728V5
1881	0	1914	1881	2	Q725Z4
1882	0	1914	1882	2	Q72F70
1883	0	1914	1883	2	Q729S7
1884	0	1914	1884	2	Q72D22
1885	263	1914	1885	2	Q72CH3
1886	4110	1914	1886	2	Q729F3
1887	308	1914	1887	2	Q728X5
1888	263	1914	1888	2	Q72FD0
1889	0	1914	1889	2	Q728X8
1890	263	1914	1890	2	Q728Y0
1891	1290	1914	1891	2	Q72BI1
1892	79.9000000000000057	1914	1892	2	Q728M6
1893	879	1914	1893	2	Q72BH8
1894	194	1914	1894	2	Q728M8
1895	308	1914	1895	2	Q728N1
1896	0	1914	1896	2	Q72EG8
1897	2888	1914	1897	2	Q728N2
1898	685	1914	1898	2	Q72D64
1899	765	1914	1899	2	Q72D65
1900	79.9000000000000057	1914	1900	2	Q72AU4
1901	879	1914	1901	2	Q72AU3
1902	79.9000000000000057	1914	1902	2	Q72AV0
1903	342	1914	1903	2	Q72AU9
1904	114	1914	1904	2	Q72DM2
1905	194	1914	1905	2	Q725M4
1906	879	1914	1906	2	Q72AB2
1907	0	1914	1907	2	Q72AB5
1908	79.9000000000000057	1914	1908	2	Q725M7
1909	0	1914	1909	2	Q72CL6
1910	0	1914	1910	2	Q72CL8
1911	0	1914	1911	2	Q72CM3
1912	79.9000000000000057	1914	1912	2	Q72BI5
\.


--
-- Data for Name: abundance_dataset; Type: TABLE DATA; Schema: public; Owner: pochis01
--

COPY public.abundance_dataset (dataset_id, file_name, score, weight, coverage) FROM stdin;
957	882/882-Desulfo_Form_Exp_SC_zhang_2006.txt	2.4700000000000002	100	28
1914	882/882-Desulfo_Form_Stat_SC_zhang_2006.txt	0.0299999999999999989	10	28
\.


--
-- Data for Name: cell_compartment; Type: TABLE DATA; Schema: public; Owner: pochis01
--

COPY public.cell_compartment (id, name) FROM stdin;
1	cell_surface
2	membrane
3	cytosol
4	Cytosol
5	Extra-organism
6	Periplasm
7	Cytoplasm
8	Outer membrane
9	Inner membrane
\.


--
-- Data for Name: cell_line; Type: TABLE DATA; Schema: public; Owner: pochis01
--

COPY public.cell_line (id, name) FROM stdin;
1	variant DSAI (N76D/N87S/S103A/V104I)
2	S156E of subtilisin DSAI (N76D/N87S/S103A/V104I)
3	S166E of subtilisin DSAI (N76D/N87S/S103A/V104I)
4	S156E/S166D of subtilisin DSAI (N76D/N87S/S103A/V104I)
5	S99R/N204T of subtilisin DSAI (N76D/N87S/S103A/V104I)
6	
7	MDH
8	MDH G81A
9	MDH G81S
10	MDH G81V
11	MDH G81D
12	chimeric MDH-GOX2
13	G81A of chimeric MDH-GOX2
14	None
15	K12 NCM3722
16	BW25113
17	BL21 DE3
18	K12
\.


--
-- Data for Name: characteristic; Type: TABLE DATA; Schema: public; Owner: pochis01
--

COPY public.characteristic (id, category, value) FROM stdin;
1	organism	Leptidea sinapis
2	strain	Swedish
3	growth condition	long-day (22 hours daylight + 2 hours dark)
4	sex	female
5	developmental stage	adult
6	growth condition	short-day (12 hours daylight + 12 hours dark)
7	sex	male
8	developmental stage	pupa
9	developmental stage	fifth instar larva stage
10	sex	unkown
11	developmental stage	third instar larva stage
12	organism	Homo sapiens
13	individual	5
14	age	73
15	disease	colorectal cancer
16	organism part	colon
17	biopsy site	normal tissue adjacent to tumour
18	individual	4
19	age	56
20	biopsy site	neoplasm
21	individual	2
22	age	82
23	organism	Mus musculus
24	age	5
25	strain	C57BL/6J
26	organism part	heart left ventricle
27	injury	none
28	disease	normal
29	genotype	wild type genotype
30	age	7
31	injury	ligation of left anterior descending coronary artery
32	age	10
33	injury	sham
34	age	3
35	age	1
36	organism	Schizosaccharomyces pombe
37	genotype	6uORF_mutant
38	growth condition	EMM2 growth
39	replicate	1
40	replicate	2
41	genotype	nmt1-fil1
42	growth condition	nmt induction
43	growth condition	nmt induction mock
44	genotype	gcn2delta
45	rna_source	rRNA-depleted total RNA
46	rna_source	Ribosome protected fragments (RPF)
\.


--
-- Data for Name: compound; Type: TABLE DATA; Schema: public; Owner: pochis01
--

COPY public.compound (compound_id, compound_name, description, comment, _is_name_ambiguous, structure_id) FROM stdin;
1927	Peptide	\N	\N	t	1926
1929	H2O	\N	\N	t	1928
1931	N-(Carbobenzoxy)-Leu-Leu-Phe-trifluoromethylketone	\N	\N	f	\N
1937	Plasminogen	\N	\N	f	\N
1938	Plasmin	\N	\N	f	\N
1940	Integrin alphaMbeta2	\N	\N	f	\N
1944	(S)-Mandelate	\N	\N	f	1943
1946	Riboflavin-5-phosphate	\N	\N	f	1945
1948	alpha-Oxo-benzeneacetic acid	\N	\N	f	1947
1950	Reduced FMN	\N	\N	f	1949
1960	O2	\N	\N	f	1959
1962	H2O2	\N	\N	f	1961
2265	2-Ketobutyric acid	2-Ketobutyric acid (alpha ketobutyric acid) is involved in the metabolism of many amino acids (glycine, cysteine, methionine, valine, leucine, serine, threonine, isoleucine).  It also plays a role in  propanoate metabolism and C-5 branched dibasic acid metabolism.  More specifically, alpha-ketobutyric acid can be produced through the lysis of cystathionine (via cystathionine gamma lyase) leading to the production of cysteine and alpha-ketobutyric acid. It is also one of the degradation products of threonine. It can be converted to propionyl-CoA (and subsequently methylmalonyl CoA, which can be converted to succinyl CoA, a citric acid cycle intermediate), and thus enter the citric acid cycle.	\N	\N	2264
2267	Deoxyuridine	2'-Deoxyuridine is a naturally occurring nucleoside. It is similar in chemical structure to uridine, but without the 2'-hydroxyl group.  It is considered to be an antimetabolite that is converted to deoxyuridine triphosphate during DNA synthesis.	\N	\N	2266
2269	Deoxycytidine	Deoxycytidine is one of the principal nucleosides of DNA composed of cytosine and deoxyribose. A nucleoside consists of only a pentose sugar linked to a purine or pyrimidine base, without a phosphate group. When N1 is linked to the C1 of deoxyribose, deoxynucleosides and nucleotides are formed from cytosine and deoxyribose; deoxycytidine monophosphate (dCMP), deoxycytidine diphosphate (dCDP), deoxycytidine triphosphate (dCTP). CTP is the source of the cytidine in RNA (ribonucleic acid) and deoxycytidine triphosphate (dCTP) is the source of the deoxycytidine in DNA (deoxyribonucleic acid).	\N	\N	2268
2271	a-Ketoisovaleric acid	a-Ketoisovaleric acid is a precursor of valine, leucine and pantothenate. It can be synthesized in E. coli. anabolically (via dihydroxyacid dehydrase) and catabolically (branched-chain amino acid transaminase and alanine-valine transaminase) (PMID: 7040341)	\N	\N	2270
2273	3-Hydroxyisobutyric acid	3-Hydroxyisobutyric acid is a member of the chemical class known as Beta Hydroxy Acids and Derivatives. These are compounds containing a carboxylic acid substituted with a hydroxyl group on the C3 carbon atom.  3-Hydroxyisobutyric acid (or 3-hydroxy-2-methylpropanoic acid) is an intermediate in the metabolism of valine. (WikiPedia)	\N	\N	2272
2275	Ureidopropionic acid	Ureidopropionic acid is an intermediate in the metabolism of uracil. More specifically it is a breakdown product of dihydrouracil and is produced by the enzyme dihydropyrimidase.  It is further decomposed to beta-alanine via the enzyme beta-ureidopropionase.  Ureidopropionic acid is essentially a urea derivative of beta-alanine. High levels of Ureidopropionic acid are found in individuals with beta-ureidopropionase (UP) deficiency [PMID: 11675655].  Enzyme deficiencies in pyrimidine metabolism are associated with a risk for severe toxicity against the antineoplastic agent 5-fluorouracil.	\N	\N	2274
2277	Biotin	Biotin is an enzyme co-factor present in minute amounts in every living cell. Biotin is also known as vitamin H or B7 or coenzyme R. It occurs mainly bound to proteins or polypeptides. The utilization of biotin for covalent attachment to carboxylases and its reutilization through the release of carboxylase biotin after proteolytic degradation constitutes the 'biotin cycle'. Biotin acts as a carboxyl carrier in carboxylation reactions. The biotin moiety is covalently bound to the epsilon amino group of a Lysine residue in each of these carboxylases in a domain 60-80 amino acids long. The domain is structurally similar among carboxylases from bacteria to mammals. The biotin moiety is covalently bound to the epsilon amino group of a Lys residue in carboxylases in a domain 60-80 amino acids long. The domain is structurally similar among carboxylases from bacteria to mammals.  Posttranscriptional events related to ribosomal activity and protein folding may further contribute to effects of biotin on gene expression.	\N	\N	2276
2279	Adenine	Adenine is a purine base. Adenine is found in both DNA and RNA. Adenine is a fundamental component of adenine nucleotides. Adenine forms adenosine, a nucleoside, when attached to ribose, and deoxyadenosine when attached to deoxyribose; it forms adenosine triphosphate (ATP), a nucleotide, when three phosphate groups are added to adenosine. Adenosine triphosphate is used in cellular metabolism as one of the basic methods of transferring chemical energy between chemical reactions.	\N	\N	2278
2286	Butyric acid	Butyric acid, also known under the systematic name butanoic acid, is a carboxylic acid with the structural formula CH3CH2CH2-COOH. Salts and esters of butyric acid are known as butyrates or butanoates. Butyrate is produced as end-product of a fermentation process solely performed by obligate anaerobic bacteria.	\N	\N	2285
2288	Acetic acid	Acetic acid is one of the simplest carboxylic acids. The acetyl group, derived from acetic acid, is fundamental to the biochemistry of virtually all forms of life. When bound to coenzyme A it forms acetyl-CoA, which is central to the metabolism of carbohydrates and fats. However, the concentration of free acetic acid in cells is kept at a low level to avoid disrupting the control of the pH of the cell contents. Acetic acid is produced and excreted by certain bacteria, notably the Acetobacter genus and Clostridium acetobutylicum. These bacteria are found universally in foodstuffs, water, and soil, and acetic acid is produced naturally as fruits and some other foods spoil. (Wikipedia)  Acetic acid, or more accurately, acetate, a derivative of acetic acid, can be produced by E. coli through fermentation in glucose metabolism. (KEGG, PMID 18600996)	\N	\N	2287
2291	Ascorbic acid	Ascorbic acid is the biologically active form of vitamin C. Ascorbic acid is an electron donor for enzymes involved in the biosynthesis of carnitine and  tyrosine metabolism. The ability of vitamin C to donate electrons also makes it a potent water-soluble antioxidant that readily scavenges free radicals such as molecular oxygen, superoxide, hydroxyl radical, and hypochlorous acid.	\N	\N	2290
2293	Adenosine monophosphate	Adenosine monophosphate, also known as 5'-adenylic acid and abbreviated AMP, is a nucleotide that is found in RNA. It is an ester of phosphoric acid with the nucleoside adenosine. AMP consists of the phosphate group, the pentose sugar ribose, and the nucleobase adenine. AMP can be produced during ATP synthesis by the enzyme adenylate kinase. AMP has recently been approved as a 'Bitter Blocker' additive to foodstuffs. When AMP is added to bitter foods or foods with a bitter aftertaste it makes them seem   'sweeter'.  This potentially makes lower calorie food products more palatable	\N	\N	2292
2300	Melibiose	Melibiose is a disaccharide consisting of one galactose and one glucose moiety in an alpha (1-6) glycosidic linkage. This sugar is produced and metabolized only by enteric and lactic acid bacteria and other microbes. Melibiose can be broken down by gut microflora such as E. coli. Melibiose is first imported by the melibiose permease, MelB, and then converted to alpha-D-glucose and alpha-D-galactose by the galactosidase encoded by melA. (HMDB) In fact, E. coli K-12 is able to utilize melibiose as a sole source of carbon. (PMID 786627)	\N	\N	2299
2302	Adenosine	Adenosine is nucleoside that is composed of adenine and d-ribose. Adenosine or adenosine derivatives play many important biological roles in addition to being components of DNA and RNA. Adenosine itself is a neurotransmitter.	\N	\N	2301
2306	Ammonia	Ammonia is a colorless alkaline gas with a characteristic sharp smell. Ammonia is one of the most abundant nitrogen-containing compounds in the atmosphere. It is an irritant with a characteristic pungent odor, which is widely used in industry. Because of its many uses, ammonia is one of the most highly produced inorganic chemicals.	\N	\N	2305
2308	Cellobiose	Cellobiose is a disaccharide consisting of two glucose units in a beta (1-4) glycosidic linkage. It is an intermediate of starch and sucrose metabolism. It is formed through the action of endo-1,4-D-glucanase and converted to beta-D-glucose by beta-D-glucoside glucohydrolase (EC:3.2.1.21). (KEGG)	\N	\N	2307
2310	beta-Alanine	Beta-alanine is the only naturally occurring beta-amino acid. However, it is not used in the biosynthesis of any major proteins or enzymes. It is formed in vivo by the degradation of dihydrouracil and carnosine. It is a component of  pantothenic acid (vitamin B5), which itself is a component of coenzyme A. Under normal conditions, beta-alanine is metabolized into acetic acid.	\N	\N	2309
2313	Cyclic AMP	Cyclic AMP is an adenine nucleotide containing one phosphate group which is esterified to both the 3'- and 5'-positions of the sugar moiety. It is a second messenger and a key intracellular regulator. cAMP is synthesized from ATP by adenylate cyclase. Adenylate cyclase is located at the cell membranes. cAMP decomposition into AMP is catalyzed by the enzyme phosphodiesterase.	\N	\N	2312
2318	Acetoacetic acid	Acetoacetic acid is a member of the chemical class known as Beta Keto-Acids and Derivatives. These are organic compounds containing an aldehyde substituted with a keto group on the C3 carbon atom.  Acetoacetic acid (also called diacetic acid) is the organic compound with the formula CH3C(O)CH2CO2H. It is the simplest beta-keto acid group and like other members of this class is unstable. (WikiPedia)	\N	\N	2317
2321	Adenosine 3',5'-diphosphate	Adenosine 3', 5'-diphosphate or PAP is a nucleotide that is closely related to ADP. It has two phosphate groups attached to the 5' and 3' positions of the pentose sugar ribose (instead of pyrophosphoric acid at the 5' position, as found in ADP), and the nucleobase adenine. PAP is converted to 3'-phosphoadenosine 5'-phosphosulfate (PAPS) by Sulfotransferase and then back to PAP after the sulfotransferase reaction. Sulfotransferase (STs) catalyze the transfer reaction of the sulfate group from the ubiquitous donor 3'-phosphoadenosine 5'-phosphosulfate (PAPS) to an acceptor group of numerous substrates. This reaction, often referred to as sulfuryl transfer, sulfation, or sulfonation plays a key role in various biological processes such as cell communication, growth and development, and defense. (HMDB)  PAP is involved in sulfur metabolism in E. coli, and can be converted into AMP and subsequently ADP by enzymes. (PMID 10939241)	\N	\N	2320
2323	Carnitine	Carnitine is a quaternary ammonium compound biosynthesized from the amino acids lysine and methionine.  In living cells, it is required for the transport of fatty acids during the breakdown of lipids (fats) for the generation of metabolic energy.  Carnitine was originally found as a growth factor for mealworms and labeled vitamin Bt. Carnitine exists in two stereoisomers: Its biologically active form is L-carnitine, whereas its enantiomer, D-carnitine, is biologically inactive. E. coli converts carnitine, via crotonobetaine, to gamma-butyrobetaine in the presence of C and N sources and under anaerobic conditions. This two-step pathway requires L-(-)-carnitine dehydratase and  crotonobetaine reductase. Anaerobic carnitine metabolism in Escherichia coli involves six genes organized in the cai operon and located at the first minute on the E. coli chromosome.	\N	\N	2322
2326	Deoxyinosine	Deoxyinosine is a nucleoside that is formed when hypoxanthine is attached to a deoxyribose ring (also known as a ribofuranose) via a beta-N9-glycosidic bond. Deoxyinosine is found in DNA while Inosine is found in RNA. Inosine is a nucleic acid important for RNA editing. Adenosine deaminase (ADA) catalyzes the conversion of adenosine and deoxyadenosine to inosine and deoxyinosine, respectively.	\N	\N	2325
2328	cis-Aconitic acid	cis-Aconitic acid is an intermediate in the tricarboxylic acid cycle produced by the dehydration of citric acid.   The enzyme aconitase (aconitate hydratase; EC 4.2.1.3) catalyses the stereo-specific isomerization of citrate to isocitrate via cis-aconitate in the tricarboxylic acid cycle	\N	\N	2327
2333	Dopamine	Dopamine is synthesized first by the hydration of the amino acid tyrosine to DOPA by tyrosine hydroxylase and then by the decarboxylation of DOPA by aromatic-L-amino-acid decarboxylase.	\N	\N	2332
2335	Dihydrouracil	Dihydrohuracil is an intermediate breakdown product of uracil.  Dihydropyrimidine dehydrogenase catalyzes the reduction of uracil to 5, 6-dihydrouracil then dihydropyrimidinase hydrolyzes 5, 6-dihydrouracil to N-carbamyl-b-alanine. Finally, beta-ureidopropionase catalyzes the conversion of N-carbamyl-b-alanine to beta-alanine.	\N	\N	2334
2337	Cysteinylglycine	Cysteinylglycine is a naturally occurring dipeptide.  It is derived from the breakdown of glutathione (a tripeptide).	\N	\N	2336
2339	Dihydrothymine	Dihydrothymine is an intermediate breakdown product of thymine.  Dihydropyrimidine dehydrogenase catalyzes the reduction of thymine to 5, 6-dihydrothymine then dihydropyrimidinase hydrolyzes 5, 6-dihydrothymine to N-carbamyl-b-alanine. Finally, beta-ureidopropionase catalyzes the conversion of N-carbamyl-b-alanine to beta-alanine.	\N	\N	2338
2341	Cytidine triphosphate	Cytidine 5'-(tetrahydrogen triphosphate) or CTP is a cytosine nucleotide containing three phosphate groups esterified to a ribose moiety at the 5' position. CTP is integral to the synthesis or mRNA, rRNA and tRNA through RNA polymerases.  Cytidine triphosphate (CTP) is also critical to the synthesis of phosphatidylcholine via the enzyme CTP: phosphocholine cytidyltransferase. This reaction is the rate-limiting step in the synthesis of phosphatidylcholine.	\N	\N	2340
\.


--
-- Data for Name: concentration; Type: TABLE DATA; Schema: public; Owner: pochis01
--

COPY public.concentration (concentration_id, compound_id, value, error, units) FROM stdin;
2280	2279	1.46999999999999997	0	uM
2281	2279	1.46999999999999997	0	uM
2282	2279	1.46999999999999997	0	uM
2283	2279	102	0	uM
2284	2279	34.5	10	uM
2289	2288	658	25	uM
2294	2293	2510	183	uM
2295	2293	281	0	uM
2296	2293	156	0	uM
2297	2293	101	0	uM
2298	2293	700	0	uM
2303	2302	0.130000000000000004	0	uM
2304	2302	62.2000000000000028	0	uM
2311	2310	11.5	0	uM
2314	2313	35.2000000000000028	0	uM
2315	2313	83	0	uM
2316	2313	146	0	uM
2319	2318	36.6000000000000014	9	uM
2324	2323	3.99000000000000021	0	uM
2329	2328	16.1000000000000014	0	uM
2330	2328	16.1000000000000014	0	uM
2331	2328	95.9000000000000057	0	uM
2342	2341	2730	0	uM
2343	2341	1400	0	uM
2344	2341	1150	0	uM
2345	2341	282	0	uM
\.


--
-- Data for Name: conditions; Type: TABLE DATA; Schema: public; Owner: pochis01
--

COPY public.conditions (id, growth_status, media, temperature, ph, growth_system) FROM stdin;
1	\N	50 mM potassium phosphate, 4 % DMSO	25	7.5	\N
2	\N	10 mM HEPES, 150 mM NaCl, 1 mM MnCl2, 0.07 % N-octylglucopyranoside, 0.02 % BSA	37	7.40000000000000036	\N
3	\N	0.1 M potassium phosphate, 1 mg/ml BSA, 1 mM phenazine methosulfate, 100-150 M sodium dichloroindophenol	20	7.5	\N
4	\N	0.1 M potassium phosphate, 14 g/ml horseradish peroxidase, 0.27 mg/ml o-dianisidine, (S)-mandelate (saturated with N2/O2 mix)	20	7.5	\N
5	Mid-Log Phase	Gutnick minimal complete medium (4.7 g/L KH2PO4; 13.5 g/L K2HPO4; 1 g/L K2SO4; 0.1 g/L MgSO4-7H2O; 10 mM NH4Cl) with 4 g/L glucose	37	\N	Shake flask and filter culture
6	Mid-Log Phase	Gutnick minimal complete medium (4.7 g/L KH2PO4; 13.5 g/L K2HPO4; 1 g/L K2SO4; 0.1 g/L MgSO4-7H2O; 10 mM NH4Cl) with 4 g/L glycerol	37	\N	Shake flask and filter culture
7	Mid-Log Phase	Gutnick minimal complete medium (4.7 g/L KH2PO4; 13.5 g/L K2HPO4; 1 g/L K2SO4; 0.1 g/L MgSO4-7H2O; 10 mM NH4Cl) with 4 g/L acetate	37	\N	Shake flask and filter culture
8	Stationary Phase, glucose limited	48 mM Na2HPO4, 22 mM KH2PO4, 10 mM NaCl, 45 mM (NH4)2SO4, supplemented with 1 mM MgSO4, 1 mg/l thiamineHCl, 5.6 mg/l CaCl2, 8 mg/l FeCl3, 1 mg/l MnCl24H2O, 1.7 mg/l ZnCl2, 0.43 mg/l CuCl22H2O, 0.6 mg/l CoCl22H2O and 0.6 mg/l Na2MoO42H2O.  4 g/L Gluco	37	\N	Bioreactor, pH controlled, O2 and CO2 controlled, dilution rate: 0.2/h
9	Stationary phase cultures (overnight culture)	Luria-Bertani (LB) media	37	\N	Shake flask
10	Stationary Phase, glucose limited	0.2 g/L NH4Cl, 2.0 g/L (NH4)2SO4, 3.25 g/L KH2PO4, 2.5 g/L K2HPO4, 1.5 g/L NaH2PO4, 0.5 g/L MgSO4; trace substances: 10 mg/L CaCl2, 0.5 mg/L ZnSO4, 0.25 mg/L CuCl2, 0.25 mg/L  MnSO4, 0.175 mg/L CoCl2, 0.125 mg/L H3BO3, 2.5 mg/L AlCl3, 0.5 mg/L Na2MoO4, 10	37	\N	Bioreactor, pH controlled, aerated, dilution rate=0.125 L/h
\.


--
-- Data for Name: data_format; Type: TABLE DATA; Schema: public; Owner: pochis01
--

COPY public.data_format (_id, name, bio_assay_data_cubes) FROM stdin;
1	scan	120
2	scan	12
3	scan	117
4	scan	37
\.


--
-- Data for Name: dna_binding_data; Type: TABLE DATA; Schema: public; Owner: pochis01
--

COPY public.dna_binding_data (position_id, "position", frequency_a, frequency_c, frequency_g, frequency_t, jaspar_id, dataset_id) FROM stdin;
1	1	0	94	1	2	9229	2243
2	2	3	75	0	19	9229	2243
3	3	79	4	3	11	9229	2243
4	4	40	3	4	50	9229	2243
5	5	66	1	1	29	9229	2243
6	6	48	2	0	47	9229	2243
7	7	65	5	5	22	9229	2243
8	8	11	2	3	81	9229	2243
9	9	65	3	28	1	9229	2243
10	10	0	3	88	6	9229	2243
11	1	10	2	3	11	9230	2245
12	2	12	2	1	11	9230	2245
13	3	4	7	1	14	9230	2245
14	4	1	1	0	24	9230	2245
15	5	2	0	23	1	9230	2245
16	6	2	8	0	16	9230	2245
17	7	0	0	26	0	9230	2245
18	8	0	0	26	0	9230	2245
19	9	0	1	0	25	9230	2245
20	10	8	2	0	16	9230	2245
21	11	13	2	4	7	9230	2245
22	1	0	0	185	0	9231	2247
23	2	0	185	0	0	9231	2247
24	3	0	185	0	0	9231	2247
25	4	22	71	46	46	9231	2247
26	5	19	57	61	48	9231	2247
27	6	55	44	67	19	9231	2247
28	7	53	30	91	11	9231	2247
29	8	19	16	137	13	9231	2247
30	9	9	78	79	19	9231	2247
31	1	4	16	0	0	9232	2249
32	2	19	0	1	0	9232	2249
33	3	0	20	0	0	9232	2249
34	4	0	0	20	0	9232	2249
35	5	0	0	0	20	9232	2249
36	6	0	0	20	0	9232	2249
37	1	0	87	2	1	9233	2251
38	2	2	86	0	2	9233	2251
39	3	38	9	7	36	9233	2251
40	4	61	5	2	22	9233	2251
41	5	73	1	1	15	9233	2251
42	6	31	3	4	52	9233	2251
43	7	23	16	17	34	9233	2251
44	8	20	13	26	31	9233	2251
45	9	22	0	64	4	9233	2251
46	10	1	0	82	7	9233	2251
47	11	27	25	9	29	9233	2251
48	1	3	8	2	11	9234	2253
49	2	0	0	23	1	9234	2253
50	3	0	23	0	1	9234	2253
51	4	0	0	23	1	9234	2253
52	5	0	0	0	24	9234	2253
53	6	0	0	24	0	9234	2253
54	1	9	7	2	6	9235	2255
55	2	9	2	3	10	9235	2255
56	3	11	3	3	7	9235	2255
57	4	16	1	7	0	9235	2255
58	5	0	0	22	2	9235	2255
59	6	12	6	1	5	9235	2255
60	7	21	2	0	1	9235	2255
61	8	0	24	0	0	9235	2255
62	9	15	0	8	1	9235	2255
63	10	4	9	2	9	9235	2255
64	11	5	11	2	6	9235	2255
65	12	6	9	9	0	9235	2255
66	13	3	5	1	15	9235	2255
67	14	0	0	24	0	9235	2255
68	15	4	0	0	20	9235	2255
69	16	11	5	1	7	9235	2255
70	17	1	22	1	0	9235	2255
71	18	3	16	1	4	9235	2255
72	19	6	7	5	6	9235	2255
73	20	6	5	9	4	9235	2255
74	21	10	11	0	3	9235	2255
75	22	5	11	6	2	9235	2255
76	1	3	13	4	5	9236	2257
77	2	21	1	0	3	9236	2257
78	3	25	0	0	0	9236	2257
79	4	0	0	0	25	9236	2257
80	5	0	5	0	20	9236	2257
81	6	24	0	1	0	9236	2257
82	7	1	0	0	24	9236	2257
83	8	0	0	2	23	9236	2257
84	1	2	28	8	2	9237	2259
85	2	1	1	0	38	9237	2259
86	3	40	0	0	0	9237	2259
87	4	0	0	40	0	9237	2259
88	5	0	0	40	0	9237	2259
89	6	0	0	0	40	9237	2259
90	7	0	0	40	0	9237	2259
91	8	0	2	0	38	9237	2259
92	9	1	7	28	4	9237	2259
93	10	40	0	0	0	9237	2259
94	11	31	5	0	4	9237	2259
95	1	3	1	4	1	9238	2261
96	2	1	1	1	6	9238	2261
97	3	5	2	1	1	9238	2261
98	4	7	0	1	1	9238	2261
99	5	3	0	0	6	9238	2261
100	6	6	0	0	3	9238	2261
101	7	4	1	4	0	9238	2261
102	8	7	0	1	1	9238	2261
103	9	1	8	0	0	9238	2261
104	10	9	0	0	0	9238	2261
105	11	8	0	1	0	9238	2261
106	12	5	0	3	1	9238	2261
107	13	4	0	0	5	9238	2261
108	14	2	3	2	2	9238	2261
109	1	3	1	1	7	9239	2263
110	2	5	2	1	4	9239	2263
111	3	0	10	0	2	9239	2263
112	4	0	1	0	11	9239	2263
113	5	12	0	0	0	9239	2263
114	6	1	1	2	8	9239	2263
115	7	2	0	1	9	9239	2263
116	8	1	2	1	8	9239	2263
\.


--
-- Data for Name: dna_binding_dataset; Type: TABLE DATA; Schema: public; Owner: pochis01
--

COPY public.dna_binding_dataset (dataset_id, version, complex_id, subunit_id) FROM stdin;
2243	1	\N	2242
2245	1	\N	2244
2247	1	\N	2246
2249	1	\N	2248
2251	1	\N	2250
2253	1	2252	\N
2255	1	\N	2254
2257	1	\N	2256
2259	1	\N	2258
2261	1	\N	2260
2263	1	\N	2262
\.


--
-- Data for Name: experiment; Type: TABLE DATA; Schema: public; Owner: pochis01
--

COPY public.experiment (id, _experimentmetadata_id) FROM stdin;
1	1
2	2
3	3
4	4
5	5
\.


--
-- Data for Name: experiment_design; Type: TABLE DATA; Schema: public; Owner: pochis01
--

COPY public.experiment_design (id, name) FROM stdin;
1	growth condition design
2	sex design
3	time series design
4	cell type comparison design
5	injury design
6	compound treatment design
7	genotype design
8	replicate design
\.


--
-- Data for Name: experiment_type; Type: TABLE DATA; Schema: public; Owner: pochis01
--

COPY public.experiment_type (id, name) FROM stdin;
1	RNA-seq of coding RNA
\.


--
-- Data for Name: kinetic_law; Type: TABLE DATA; Schema: public; Owner: pochis01
--

COPY public.kinetic_law (kinetic_law_id, enzyme_id, enzyme_type, tissue, mechanism, equation) FROM stdin;
1932	1930		\N	\N	\N
1933	1930		\N	\N	\N
1934	1930		\N	\N	\N
1935	1930		\N	\N	\N
1936	1930		\N	\N	\N
1941	1939	Modifier-Catalyst	\N	Michaelis-Menten	Vmax * S / (Km + S)
1942	1939	Modifier-Catalyst	\N	Michaelis-Menten	Vmax * S / (Km + S)
1952	1951	Modifier-Catalyst	\N	\N	\N
1953	1951	Modifier-Catalyst	\N	\N	\N
1954	1951	Modifier-Catalyst	\N	\N	\N
1955	1951	Modifier-Catalyst	\N	\N	\N
1956	1951	Modifier-Catalyst	\N	\N	\N
1957	1951	Modifier-Catalyst	\N	\N	\N
1958	1951	Modifier-Catalyst	\N	\N	\N
1963	1951	Modifier-Catalyst	\N	\N	\N
1964	1951	Modifier-Catalyst	\N	\N	\N
1965	1951	Modifier-Catalyst	\N	\N	\N
1966	1951	Modifier-Catalyst	\N	\N	\N
\.


--
-- Data for Name: method; Type: TABLE DATA; Schema: public; Owner: pochis01
--

COPY public.method (id, name, comments, performer, hardware, software) FROM stdin;
1	phage display	\N	\N	\N	\N
2	sample collection protocol	Three mated female L. sinapis (Swedish ecotype) were collected in south central Sweden (Uppsala region) during spring 2016 and kept in captivity in separate 50*50*50 cm cages in a common garden with constant day light (18 hours light, 6 hours dark) and access to sugar water and stands of a commonly utilized host plant, birdsfoot trefoil (Lotus corniculatus), for egg laying. Eggs collected from each of the three unrelated females (families, from here on) were divided into two cohorts and reared in growth chambers with constant temperature (23degreesC), under either short-day (12 hours daylight + 12 hours dark) or long-day (22 hours daylight + 2 hours dark) light conditions (Supplementary Figure 1). Lights-off switch time was synchronized between treatments. Based on previous data in other butterfly species with a pupal overwintering stage, including the related pierid, green-veined white (Pieris napi), the critical point for diapause or direct development induction takes place during larval instar-IV (Friberg et al. 2011). Developing individuals were therefore monitored daily and samples were harvested the day after molting into larval stages instar-III and instar-V, and one day after pupation. Adult samples were also collected for the long-day light treatment the day after eclosion. Apart from instar-III, six samples (three males and three females, one from each family) were collected for each developmental stage and light treatment. Only three samples were collected for instar-III larvae (one from each family) since sexing based on morphology is impracticable at that stage (Friberg & Wiklund, personal observation). Hence, in total 36 samples were harvested representing three (short-day treatment) or four (long-day treatment) developmental stages (Supplementary Figure 1). At least ten additional individuals from the same families were raised under each light treatment to control that short-day and long-day treatments triggered diapause induction and direct development, respectively. All ten individuals raised under long-day light conditions went into direct development and eclosed after 7-10 days as pupae. All ten individuals reared under short-day light conditions entered diapause upon arriving to the pupal stage (and remained in diapause for several months).	\N	\N	\N
3	nucleic acid extraction protocol	Total RNA was extracted from the whole body using a modified acid phenol-chloroform protocol (Chomczynski & Mackey 1995; Chomczynski & Sacchi 1987).	\N	\N	\N
4	nucleic acid library construction protocol	Individual libraries were generated using the Illumina TruSeq Stranded mRNA protocol (Illumina Inc.) with Poly-A selection and using dUTP for second strand cDNA synthesis.	\N	\N	\N
5	nucleic acid sequencing protocol	Libraries were sequenced on an Illumina HiSeq 2500 platform using a 126 bp paired-end approach. Technical replicates were run on separate lanes.	\N	Illumina HiSeq 2500	\N
6	dissection protocol	whole body of the butterfly at the particular stage was used for the analysis.	\N	\N	\N
7	growth protocol	Sacrificed at instar 3	\N	\N	\N
8	treatment protocol	Short day treatment (12 hours daylight + 12 hours dark)	\N	\N	\N
9	growth protocol	sacrificed at 5th instar	\N	\N	\N
10	growth protocol	sacrificed at pupal stage	\N	\N	\N
11	growth protocol	Sacrificed at adult stage	\N	\N	\N
12	treatment protocol	long-day (22 hours daylight + 2 hours dark)	\N	\N	\N
13	sample collection protocol	Fresh tissues from 3 colorectal cancer patients were collected at the Anhui medical university first affiliated hospital, Anhui, China. All samples were examined by one experienced pathologist. After collected, samples were put in liquid nitrogen quickly, and preserved in a low temperature environment.	\N	\N	\N
14	nucleic acid extraction protocol	Liquid nitrogen quick-frozen tissues were used to extract total RNA. Total RNA was extracted using TRIzol reagent (Invitrogen) and resuspend in RNase free water.	\N	\N	\N
15	nucleic acid library construction protocol	Total RNA was extract with TRIzol Reagent . And about 50 g total RNA was incubated with streptavidin dynabeads coated with biotinylated GsuI-oligo (dT) primer. The first strand cDNA was synthesized with SuperScript III (Invitrogen) and dNTP mix containing 5-methylated-dCTP instead of dCTP. Then the resulting DNA/RNA hybrids were treated with RNase H and DNA polymerase I before dsDNA was generated and dNTP mix containing dUTP instead of dTTP was used in this step. Next, the resulting dsDNA was fragmentated to ~200500 bp with fragmentase (NEB). 3' terminal fragments were released from beads through Gsu I digestion, which were subjected to deep sequencing by Illumina HiSeq X Ten.	\N	\N	\N
16	nucleic acid sequencing protocol	Sequence library with PE 150 strategy to 30 million reads.	\N	HiSeq X Ten	\N
17	sample collection protocol	P0.5 neonatal C57BL6J mice were used for the LAD-ligation model described previously (Haubner et al., 2012). Following hypothermia anaesthesia animals were taped to a cooling bag in the right lateral position. Skin was cut few millimetres below the left foreleg. Next, the Mm. pectorals major and minor were dissected and the thorax opened in the 4th intercostal space. Ligation of the LAD artery was performed with 10.0 ethilon suture (Ethicon). The musculoskeletal thorax and the skin were closed with 8.0 vicryl suture (Ethicon). Finally, mice were placed onto a 38oC heated pad and, after confirmation of spontaneous breathing; a dose of subcutaneous buprenorphine (0.05 mg/kg) was applied. The overall procedure took approximately 10 minutes per animal. Animal survival rates were above 90 % for sham-operated and LAD-ligated mice. Left ventricular tissue distal to the ligature corresponding to the apical third of the left ventricle was harvested after three, five, seven and 10 days following the surgery in 3 animals at each time point. For all the timepoints we also performed sham operation, in which the thorax was opened and the needle was passed under the LAD without its ligature. We also harvested physiological, uninjured left ventricular tissue from the same anatomical location as the samples described above, from one, three, five, seven, and 10 day old mice. All animal experiments were approved by the Austrian Ethical Board.	\N	\N	\N
18	nucleic acid extraction protocol	RNA was extracted from 3 mg of LV tissue from three P1, P3, P5, P7, P10, sham-operated and LAD-ligated LVs using Trizol (Invitrogen) according to manufacturers instructions with an additional purification step by on-column DNase treatment using the RNase-free DNase Kit (Qiagen) to ensure elimination of any genomic DNA. The integrity and quantity of RNA was determined using Qubit (Invitrogen) and Agilent 2100 Bioanalyzer (Agilent Technologies).	\N	\N	\N
19	nucleic acid library construction protocol	1 g of total RNA was used to generate RNA-Seq libraries using TruSeq Stranded total RNA sample preparation kit (Illumina) according to the manufacturers instructions. Briefly, cytoplasmic and mitochondrial rRNA was removed using biotinylated, target specific oligos combined with Ribo-Zero rRNA removal beads. Following purification, RNA was fragmented using divalent cations under elevated temperature and cleaved fragments were copied onto first strand cDNA using reverse transcriptase and random primers. Next, the second strand was synthesised using DNA Polymersae I and RNase H. cDNA 3 ends were adenylated and indexed adapters ligated followed by 10 cycles of library amplification. Finally, the libraries were purified using AMPue XP Beads (Beckman Coulter) and quality was evaluated using Agilent 2100 Bioanalyzer. Three libraries were run on a single lane of the HiSeq 2000 platform (Illumina) to generate 100 bp paired-end reads.	\N	\N	\N
20	nucleic acid sequencing protocol	Three libraries were run on a single lane of the HiSeq 2000 platform (Illumina) to generate 100 bp paired-end reads	\N	Illumina HiSeq 2000	\N
21	nucleic acid library construction protocol	Small RNA libraries were prepared using TruSeq Small RNA sample preparation kit (Illumina). Briefly, 3` and 5` indexed adapters were ligated to 1 g of total RNA and the product of this reaction was RT-PCR amplified. Small RNA library was size selected using Pippin Prep elution system (Sage Science). The quality of the libraries was evaluated using Agilent 2100 Bioanalyzer. All the libraries were pooled together and run on two lanes of the HiSeq 2000 platform to generate 50 bp single-end reads.	\N	\N	\N
22	nucleic acid sequencing protocol	The quality of the libraries was evaluated using Agilent 2100 Bioanalyzer. All the libraries were pooled together and run on two lanes of the HiSeq 2000 platform to generate 50 bp single-end reads.	\N	Illumina HiSeq 2000	\N
23	sample collection protocol	Samples were collected by filtration and fast-frozen in liquid nitrogen	\N	\N	\N
24	nucleic acid extraction protocol	Cells were fixed by the addition of formaldehyde to a final concentration of 1%, followed by incubation for 30 minutes at 32C.  The reaction was stopped with 10 ml of 2.5 M glycine.  Cells were washed extensively in phosphate-buffered saline solution (PBS), resuspended in lysis buffer (50 mM HEPES pH 7.6, 140 mM NaCl, 1 mM EDTA, 0.1% Triton X-100, 1 mM PMSF, and 1 complete protease inhibitor cocktail [Roche]), and lysed with a Fastprep 24 bead-beater (5 cycles of 20 seconds at level 6.5).  Chromatin was sheared by sonication with a Bioruptor (Diagenode; 6 cycles of 5 minutes with 30 seconds on / 30 seconds off at high intensity).  The lysates were cleared by centrifugation at 20,000 g for 10 minutes, and adjusted to 500 l at 6 g/l total protein, as determined by the BCA assay.  100 l of magnetic beads (Pan Mouse IgG or protein G, Life Technologies) were blocked with bovine serum albumin (BSA), and coated with 5 g of mouse monoclonal antibodies against methylated H3K9 (H3K9me2, Abcam ab1120) or with anti-histone H3 rabbit polyclonal antibodies (Abcam ab1791), respectively.  The extracts were incubated overnight with the coated beads at 4C with rotation.  Next, the beads were washed twice with 0.8 ml of 50 mM HEPES pH 7.6, 150 mM NaCl, 1 mM EDTA, 1% Triton X-100, and 0.1% sodium deoxycholate, twice in the same buffer containing 500 mM NaCl, twice in 10 mM Tris-HCl pH 8, 250 mM LiCl, 1 mM EDTA, 0.5% NP-40, and 0.5% sodium deoxycholate, and once in Tris-EDTA solution.  Elution and crosslinking reversal were performed by incubating the beads in 200 l of 10 mM Tris-HCl pH 8, 1 mM EDTA, and 1% SDS overnight at 65C.  DNA was purified with Qiagen's a MinElute PCR purification kit (Qiagen) following the manufacturers protocol, and eluted in 10 l.	\N	\N	\N
25	nucleic acid library construction protocol	Libraries were prepared using the Next ChIP-seq Library Prep Master Mix Set for Illumina (New England Biolabs) according to the manufacturers instructions	\N	\N	\N
26	nucleic acid sequencing protocol	Samples were sequenced using sequenced using an Illumina NextSeq 500 system and standard protocols	\N	NextSeq 500	\N
27	growth protocol	Cells were grown at 32C in EMM2 (Moreno et al. Methods Enzymology 194: 795).	\N	\N	\N
28	treatment protocol	Cells were grown in EMM2 (Moreno et al. Methods Enzymology 194: 795) in the presence of 10 mM 3-Amino-1,2,4-triazole (3-AT) for 60 minutes at 32C.  This treatment mimics histidine starvation.	\N	\N	\N
29	treatment protocol	Cells were grown in EMM2 containing 15 uM thiamine, washed three times in EMM2 without thiamine, resuspended in EMM2 without thiamine, and incubated at 32C for 18 hours.  This treatment activates the thiamine-repressible nmt1 promoter.	\N	\N	\N
30	treatment protocol	Cells were grown in EMM2 containing 15 uM thiamine, washed three times in EMM2 containing 15 uM thiamine, resuspended in EMM2 containing 15 uM thiamine, and incubated at 32C for 18 hours.  This treatment is used as a control for cells in which the thiamine-repressible nmt1 promoter is induced (see nmt induction protocol)	\N	\N	\N
31	treatment protocol	Cells were grown in EMM2 (Moreno et al. Methods Enzymology 194: 795) in the presence of 10 mM 3-AT for 60 minutes at 32C.  This treatment mimics histidine starvation.	\N	\N	\N
32	nucleic acid extraction protocol	Between 3x10E8 and 12x10E8 cells were resuspended in 100 ul of lysis buffer (20 mM Tris-HCl pH 8.0, 140 mM KCl, 5 mM Mg2Cl, 1 % Triton X-100, 100 ug/ml cycloheximide) with 1 g of chilled glass beads (Biospec) and lysed using a Fastprep 24 bead-beater (MP Biomedicals) at level 6 for 13 seconds. The extract was diluted with 400 ul of lysis buffer and cleared by centrifugation in two steps at 4 degrees C at 16,000 g (5 minutes followed by 15 minutes). 600 A260 units of cell extract were digested with 750 units of RNase I (Life Technologies) for 45 minutes. Reactions were quenched with 600 units of SUPERaseIn (Life Technologies). Digested extracts in 500 ul were loaded onto a 14 ml linear 10-50% (w/v) sucrose gradient prepared with a Gradient Master (Biocomp), and separated by centrifugation for 160 min at 35,000 rpm in a SW 40Ti rotor (Beckman). The gradients were then fractionated by upward displacement with 55% (w/v) sucrose, and fractions containing monosomes selected for further processing. RNAs were then purified by phenol extraction, passed through amicon ultra 100 kDa columns (Millipore), and run on 15% TBE-urea gels (Life Technologies). Fragments of around 28 nucleotides were extracted from the gel.	\N	\N	\N
33	nucleic acid library construction protocol	Gel purified RNA fragments were treated with 10 units of T4 PNK (Thermo Fisher) in a low pH buffer (700 mM Tris pH 7, 50 mM DTT, 100 mM MgCl2) for 30 min at 37C.  ATP and buffer A (Thermo Fisher) were then added for an additional 30 min incubation.  RNA fragments were column-purified (PureLink RNA micro-columns, Life Technologies).  100 ng were used as input for the NEXTflex Small RNA Sequencing Kit v2 (Bioo Scientific), following manufacturers protocol.	\N	\N	\N
34	nucleic acid extraction protocol	Total RNA was extracted using a hot phenol extraction method as described in Lyne et al. (2003) BMC Genomics 4:27. Clean up and DNase treatment were performed on with Purelink RNA microcolumns (Life Technologies) following the manufacturers instructions.  Samples were ribo-depleted using Ribo-Zero Gold rRNA Removal Kit Yeast (Illumina) with a 4 ug input.	\N	\N	\N
35	nucleic acid library construction protocol	30 ng of ribo-depleted RNA was used as starting material for the NEXTflex Rapid Directional qRNA-Seq Kit (Bioo Scientific).	\N	\N	\N
36	nucleic acid sequencing protocol	'Samples were sequenced in an Illumina HiSeq2000 instrument following the manufaturer''s instructions.'	\N	Illumina HiSeq 2000	\N
37	nucleic acid sequencing protocol	'Samples were sequenced in an Illumina NextSeq 550 instrument following the manufaturer''s instructions.'	\N	NextSeq 550	\N
38	nucleic acid library construction protocol	RNA samples were purified using Purelink RNA microcolumns (Life Technologies) as described by the manufacturer, except that the samples were initially passed through the column in the presence of 70% ethanol (to favour binding of small RNAs).  Samples were then treated with poly nucleotide kinase (PNK, Fermentas) and polyadenylated using 12 units of poly-(A) polymerase (NEB) at 37C for 45 minutes.  Reverse transcription reactions were performed using custom primers containing an anchored oligo(dT), 4 nucleotides of known sequence used for multiplexing, and 5 random nucleotides that serve as unique molecular identifiers.  Reverse transcription products were gel-purified and circularised using CircLigase II (Epicentre), and amplified by PCR with custom library primers for 12 or 15 cycles	\N	\N	\N
39	sample collection protocol	Cells were incubated with CHX at 100 ug/ul for 5 minutes before collection	\N	\N	\N
40	purification	MI:0007- anti tag coimmunoprecipitation	\N	\N	\N
41	purification	MI:0004-affinity chromatography technologies;MI:0018-two hybrid	\N	\N	\N
42	purification	MI:0019- coimmunoprecipitation	\N	\N	\N
43	purification	MI:0004-affinity chromatography technologies;MI:0019-coimmunoprecipitation	\N	\N	\N
44	purification	MI:0019- coimmunoprecipitation; MI:0029- cosedimentation through density gradients	\N	\N	\N
45	purification	MI:0019- coimmunoprecipitation; MI:0029- cosedimentation through density gradients; MI:0071- molecular sieving	\N	\N	\N
46	purification	MI:0004- affinity chromatography technologies	\N	\N	\N
47	SELEX	\N	\N	\N	\N
48	COMPILED	\N	\N	\N	\N
\.


--
-- Data for Name: observation; Type: TABLE DATA; Schema: public; Owner: pochis01
--

COPY public.observation (id, _metadata_id) FROM stdin;
1	1
2	1
3	1
4	1
5	1
6	1
7	1
8	1
9	1
10	1
11	1
12	1
13	1
14	1
15	1
16	1
17	1
18	1
19	1
20	1
21	1
22	1
23	1
24	1
25	1
26	1
27	1
28	1
29	1
30	1
31	1
32	1
33	1
34	1
35	1
36	1
37	1
38	1
39	1
40	1
41	1
42	1
43	1
44	1
45	1
46	1
47	1
48	1
49	1
50	1
51	1
52	1
53	1
54	1
55	1
56	1
57	1
58	1
59	1
60	1
61	1
62	1
63	1
64	1
65	1
66	1
67	1
68	1
69	1
70	1
71	1
72	1
73	1
74	1
75	1
76	1
77	1
78	1
79	1
80	1
81	1
82	1
83	1
84	1
85	1
86	1
87	1
88	1
89	1
90	1
91	1
92	1
93	1
94	1
95	1
96	1
97	1
98	1
99	1
100	1
101	1
102	1
103	1
104	1
105	1
106	1
107	1
108	1
109	1
110	1
111	1
112	1
113	1
114	1
115	1
116	1
117	1
118	1
119	1
120	1
121	1
122	1
123	1
124	1
125	1
126	1
127	1
128	1
129	1
130	1
131	1
132	1
133	1
134	1
135	1
136	1
137	1
138	1
139	1
140	1
141	1
142	1
143	1
144	1
145	1
146	1
147	1
148	1
149	1
150	1
151	1
152	1
153	1
154	1
155	1
156	1
157	1
158	1
159	1
160	1
161	1
162	1
163	1
164	1
165	1
166	1
167	1
168	1
169	1
170	1
171	1
172	1
173	1
957	2
174	1
175	1
176	1
177	1
178	1
179	1
180	1
181	1
182	1
183	1
184	1
185	1
186	1
187	1
188	1
189	1
190	1
191	1
192	1
193	1
194	1
195	1
196	1
197	1
198	1
199	1
200	1
201	1
202	1
203	1
204	1
205	1
206	1
207	1
208	1
209	1
210	1
211	1
212	1
213	1
214	1
215	1
216	1
217	1
218	1
219	1
220	1
221	1
222	1
223	1
224	1
225	1
226	1
227	1
228	1
229	1
230	1
231	1
232	1
233	1
234	1
235	1
236	1
237	1
238	1
239	1
240	1
241	1
242	1
243	1
244	1
245	1
246	1
247	1
248	1
249	1
250	1
251	1
252	1
253	1
254	1
255	1
256	1
257	1
258	1
259	1
260	1
261	1
262	1
263	1
264	1
265	1
266	1
267	1
268	1
269	1
270	1
271	1
272	1
273	1
274	1
275	1
276	1
277	1
278	1
279	1
280	1
281	1
282	1
283	1
284	1
285	1
286	1
287	1
288	1
289	1
290	1
291	1
292	1
293	1
294	1
295	1
296	1
297	1
298	1
299	1
300	1
301	1
302	1
303	1
304	1
305	1
306	1
307	1
308	1
309	1
310	1
311	1
312	1
313	1
314	1
315	1
316	1
317	1
318	1
319	1
320	1
321	1
322	1
323	1
324	1
325	1
326	1
327	1
328	1
329	1
330	1
331	1
332	1
333	1
334	1
335	1
336	1
337	1
338	1
339	1
340	1
341	1
342	1
343	1
344	1
345	1
346	1
347	1
348	1
349	1
350	1
351	1
352	1
353	1
354	1
355	1
356	1
357	1
358	1
359	1
360	1
361	1
362	1
363	1
364	1
365	1
366	1
367	1
368	1
369	1
370	1
371	1
372	1
373	1
374	1
375	1
376	1
377	1
378	1
379	1
380	1
381	1
382	1
383	1
384	1
385	1
386	1
387	1
388	1
389	1
390	1
391	1
392	1
393	1
394	1
395	1
396	1
397	1
398	1
399	1
400	1
401	1
402	1
403	1
404	1
405	1
406	1
407	1
408	1
409	1
410	1
411	1
412	1
413	1
414	1
415	1
416	1
417	1
418	1
419	1
420	1
421	1
422	1
423	1
424	1
425	1
426	1
427	1
428	1
429	1
430	1
431	1
432	1
433	1
434	1
435	1
436	1
437	1
438	1
439	1
440	1
441	1
442	1
443	1
444	1
445	1
446	1
447	1
448	1
449	1
450	1
451	1
452	1
453	1
454	1
455	1
456	1
457	1
458	1
459	1
460	1
461	1
462	1
463	1
464	1
465	1
466	1
467	1
468	1
469	1
470	1
471	1
472	1
473	1
474	1
475	1
476	1
477	1
478	1
479	1
480	1
481	1
482	1
483	1
484	1
485	1
486	1
487	1
488	1
489	1
490	1
491	1
492	1
493	1
494	1
495	1
496	1
497	1
498	1
499	1
500	1
501	1
502	1
503	1
504	1
505	1
506	1
507	1
508	1
509	1
510	1
511	1
512	1
513	1
514	1
515	1
516	1
517	1
518	1
519	1
520	1
521	1
522	1
523	1
524	1
525	1
526	1
527	1
528	1
529	1
530	1
531	1
532	1
533	1
534	1
535	1
536	1
537	1
538	1
539	1
540	1
541	1
542	1
543	1
544	1
545	1
546	1
547	1
548	1
549	1
550	1
551	1
552	1
553	1
554	1
555	1
556	1
557	1
558	1
559	1
560	1
561	1
562	1
563	1
564	1
565	1
566	1
567	1
568	1
569	1
570	1
571	1
572	1
573	1
574	1
575	1
576	1
577	1
578	1
579	1
580	1
581	1
582	1
583	1
584	1
585	1
586	1
587	1
588	1
589	1
590	1
591	1
592	1
593	1
594	1
595	1
596	1
597	1
598	1
599	1
600	1
601	1
602	1
603	1
604	1
605	1
606	1
607	1
608	1
609	1
610	1
611	1
612	1
613	1
614	1
615	1
616	1
617	1
618	1
619	1
620	1
621	1
622	1
623	1
624	1
625	1
626	1
627	1
628	1
629	1
630	1
631	1
632	1
633	1
634	1
635	1
636	1
637	1
638	1
639	1
640	1
641	1
642	1
643	1
644	1
645	1
646	1
647	1
648	1
649	1
650	1
651	1
652	1
653	1
654	1
655	1
656	1
657	1
658	1
659	1
660	1
661	1
662	1
663	1
664	1
665	1
666	1
667	1
668	1
669	1
670	1
671	1
672	1
673	1
674	1
675	1
676	1
677	1
678	1
679	1
680	1
681	1
682	1
683	1
684	1
685	1
686	1
687	1
688	1
689	1
690	1
691	1
692	1
693	1
694	1
695	1
696	1
697	1
698	1
699	1
700	1
701	1
702	1
703	1
704	1
705	1
706	1
707	1
708	1
709	1
710	1
711	1
712	1
713	1
714	1
715	1
716	1
717	1
718	1
719	1
720	1
721	1
722	1
723	1
724	1
725	1
726	1
727	1
728	1
729	1
730	1
731	1
732	1
733	1
734	1
735	1
736	1
737	1
738	1
739	1
740	1
741	1
742	1
743	1
744	1
745	1
746	1
747	1
748	1
749	1
750	1
751	1
752	1
753	1
754	1
755	1
756	1
757	1
758	1
759	1
760	1
761	1
762	1
763	1
764	1
765	1
766	1
767	1
768	1
769	1
770	1
771	1
772	1
773	1
774	1
775	1
776	1
777	1
778	1
779	1
780	1
781	1
782	1
783	1
784	1
785	1
786	1
787	1
788	1
789	1
790	1
791	1
792	1
793	1
794	1
795	1
796	1
797	1
798	1
799	1
800	1
801	1
802	1
803	1
804	1
805	1
806	1
807	1
808	1
809	1
810	1
811	1
812	1
813	1
814	1
815	1
816	1
817	1
818	1
819	1
820	1
821	1
822	1
823	1
824	1
825	1
826	1
827	1
828	1
829	1
830	1
831	1
832	1
833	1
834	1
835	1
836	1
837	1
838	1
839	1
840	1
841	1
842	1
843	1
844	1
845	1
846	1
847	1
848	1
849	1
850	1
851	1
852	1
853	1
854	1
855	1
856	1
857	1
858	1
859	1
860	1
861	1
862	1
863	1
864	1
865	1
866	1
867	1
868	1
869	1
870	1
871	1
872	1
873	1
874	1
875	1
876	1
877	1
878	1
879	1
880	1
881	1
882	1
883	1
884	1
885	1
886	1
887	1
888	1
889	1
890	1
891	1
892	1
893	1
894	1
895	1
896	1
897	1
898	1
899	1
900	1
901	1
902	1
903	1
904	1
905	1
906	1
907	1
908	1
909	1
910	1
911	1
912	1
913	1
914	1
915	1
916	1
917	1
918	1
919	1
920	1
921	1
922	1
923	1
924	1
925	1
926	1
927	1
928	1
929	1
930	1
931	1
932	1
933	1
934	1
935	1
936	1
937	1
938	1
939	1
940	1
941	1
942	1
943	1
944	1
945	1
946	1
947	1
948	1
949	1
950	1
951	1
952	1
953	1
954	1
955	1
956	1
1913	\N
1914	2
958	2
959	2
960	2
961	2
962	2
963	2
964	2
965	2
966	2
967	2
968	2
969	2
970	2
971	2
972	2
973	2
974	2
975	2
976	2
977	2
978	2
979	2
980	2
981	2
982	2
983	2
984	2
985	2
986	2
987	2
988	2
989	2
990	2
991	2
992	2
993	2
994	2
995	2
996	2
997	2
998	2
999	2
1000	2
1001	2
1002	2
1003	2
1004	2
1005	2
1006	2
1007	2
1008	2
1009	2
1010	2
1011	2
1012	2
1013	2
1014	2
1015	2
1016	2
1017	2
1018	2
1019	2
1020	2
1021	2
1022	2
1023	2
1024	2
1025	2
1026	2
1027	2
1028	2
1029	2
1030	2
1031	2
1032	2
1033	2
1034	2
1035	2
1036	2
1037	2
1038	2
1039	2
1040	2
1041	2
1042	2
1043	2
1044	2
1045	2
1046	2
1047	2
1048	2
1049	2
1050	2
1051	2
1052	2
1053	2
1054	2
1055	2
1056	2
1057	2
1058	2
1059	2
1060	2
1061	2
1062	2
1063	2
1064	2
1065	2
1066	2
1067	2
1068	2
1069	2
1070	2
1071	2
1072	2
1073	2
1074	2
1075	2
1076	2
1077	2
1078	2
1079	2
1080	2
1081	2
1082	2
1083	2
1084	2
1085	2
1086	2
1087	2
1088	2
1089	2
1090	2
1091	2
1092	2
1093	2
1094	2
1095	2
1096	2
1097	2
1098	2
1099	2
1100	2
1101	2
1102	2
1103	2
1104	2
1105	2
1106	2
1107	2
1108	2
1109	2
1110	2
1111	2
1112	2
1113	2
1114	2
1115	2
1116	2
1117	2
1118	2
1119	2
1120	2
1121	2
1122	2
1123	2
1124	2
1125	2
1126	2
1127	2
1128	2
1129	2
1130	2
1131	2
1132	2
1133	2
1134	2
1135	2
1136	2
1137	2
1138	2
1139	2
1140	2
1141	2
1142	2
1143	2
1144	2
1145	2
1146	2
1147	2
1148	2
1149	2
1150	2
1151	2
1152	2
1153	2
1154	2
1155	2
1156	2
1157	2
1158	2
1159	2
1160	2
1161	2
1162	2
1163	2
1164	2
1165	2
1166	2
1167	2
1168	2
1169	2
1170	2
1171	2
1172	2
1173	2
1174	2
1175	2
1176	2
1177	2
1178	2
1179	2
1180	2
1181	2
1182	2
1183	2
1184	2
1185	2
1186	2
1187	2
1188	2
1189	2
1190	2
1191	2
1192	2
1193	2
1194	2
1195	2
1196	2
1197	2
1198	2
1199	2
1200	2
1201	2
1202	2
1203	2
1204	2
1205	2
1206	2
1207	2
1208	2
1209	2
1210	2
1211	2
1212	2
1213	2
1214	2
1215	2
1216	2
1217	2
1218	2
1219	2
1220	2
1221	2
1222	2
1223	2
1224	2
1225	2
1226	2
1227	2
1228	2
1229	2
1230	2
1231	2
1232	2
1233	2
1234	2
1235	2
1236	2
1237	2
1238	2
1239	2
1240	2
1241	2
1242	2
1243	2
1244	2
1245	2
1246	2
1247	2
1248	2
1249	2
1250	2
1251	2
1252	2
1253	2
1254	2
1255	2
1256	2
1257	2
1258	2
1259	2
1260	2
1261	2
1262	2
1263	2
1264	2
1265	2
1266	2
1267	2
1268	2
1269	2
1270	2
1271	2
1272	2
1273	2
1274	2
1275	2
1276	2
1277	2
1278	2
1279	2
1280	2
1281	2
1282	2
1283	2
1284	2
1285	2
1286	2
1287	2
1288	2
1289	2
1290	2
1291	2
1292	2
1293	2
1294	2
1295	2
1296	2
1297	2
1298	2
1299	2
1300	2
1301	2
1302	2
1303	2
1304	2
1305	2
1306	2
1307	2
1308	2
1309	2
1310	2
1311	2
1312	2
1313	2
1314	2
1315	2
1316	2
1317	2
1318	2
1319	2
1320	2
1321	2
1322	2
1323	2
1324	2
1325	2
1326	2
1327	2
1328	2
1329	2
1330	2
1331	2
1332	2
1333	2
1334	2
1335	2
1336	2
1337	2
1338	2
1339	2
1340	2
1341	2
1342	2
1343	2
1344	2
1345	2
1346	2
1347	2
1348	2
1349	2
1350	2
1351	2
1352	2
1353	2
1354	2
1355	2
1356	2
1357	2
1358	2
1359	2
1360	2
1361	2
1362	2
1363	2
1364	2
1365	2
1366	2
1367	2
1368	2
1369	2
1370	2
1371	2
1372	2
1373	2
1374	2
1375	2
1376	2
1377	2
1378	2
1379	2
1380	2
1381	2
1382	2
1383	2
1384	2
1385	2
1386	2
1387	2
1388	2
1389	2
1390	2
1391	2
1392	2
1393	2
1394	2
1395	2
1396	2
1397	2
1398	2
1399	2
1400	2
1401	2
1402	2
1403	2
1404	2
1405	2
1406	2
1407	2
1408	2
1409	2
1410	2
1411	2
1412	2
1413	2
1414	2
1415	2
1416	2
1417	2
1418	2
1419	2
1420	2
1421	2
1422	2
1423	2
1424	2
1425	2
1426	2
1427	2
1428	2
1429	2
1430	2
1431	2
1432	2
1433	2
1434	2
1435	2
1436	2
1437	2
1438	2
1439	2
1440	2
1441	2
1442	2
1443	2
1444	2
1445	2
1446	2
1447	2
1448	2
1449	2
1450	2
1451	2
1452	2
1453	2
1454	2
1455	2
1456	2
1457	2
1458	2
1459	2
1460	2
1461	2
1462	2
1463	2
1464	2
1465	2
1466	2
1467	2
1468	2
1469	2
1470	2
1471	2
1472	2
1473	2
1474	2
1475	2
1476	2
1477	2
1478	2
1479	2
1480	2
1481	2
1482	2
1483	2
1484	2
1485	2
1486	2
1487	2
1488	2
1489	2
1490	2
1491	2
1492	2
1493	2
1494	2
1495	2
1496	2
1497	2
1498	2
1499	2
1500	2
1501	2
1502	2
1503	2
1504	2
1505	2
1506	2
1507	2
1508	2
1509	2
1510	2
1511	2
1512	2
1513	2
1514	2
1515	2
1516	2
1517	2
1518	2
1519	2
1520	2
1521	2
1522	2
1523	2
1524	2
1525	2
1526	2
1527	2
1528	2
1529	2
1530	2
1531	2
1532	2
1533	2
1534	2
1535	2
1536	2
1537	2
1538	2
1539	2
1540	2
1541	2
1542	2
1543	2
1544	2
1545	2
1546	2
1547	2
1548	2
1549	2
1550	2
1551	2
1552	2
1553	2
1554	2
1555	2
1556	2
1557	2
1558	2
1559	2
1560	2
1561	2
1562	2
1563	2
1564	2
1565	2
1566	2
1567	2
1568	2
1569	2
1570	2
1571	2
1572	2
1573	2
1574	2
1575	2
1576	2
1577	2
1578	2
1579	2
1580	2
1581	2
1582	2
1583	2
1584	2
1585	2
1586	2
1587	2
1588	2
1589	2
1590	2
1591	2
1592	2
1593	2
1594	2
1595	2
1596	2
1597	2
1598	2
1599	2
1600	2
1601	2
1602	2
1603	2
1604	2
1605	2
1606	2
1607	2
1608	2
1609	2
1610	2
1611	2
1612	2
1613	2
1614	2
1615	2
1616	2
1617	2
1618	2
1619	2
1620	2
1621	2
1622	2
1623	2
1624	2
1625	2
1626	2
1627	2
1628	2
1629	2
1630	2
1631	2
1632	2
1633	2
1634	2
1635	2
1636	2
1637	2
1638	2
1639	2
1640	2
1641	2
1642	2
1643	2
1644	2
1645	2
1646	2
1647	2
1648	2
1649	2
1650	2
1651	2
1652	2
1653	2
1654	2
1655	2
1656	2
1657	2
1658	2
1659	2
1660	2
1661	2
1662	2
1663	2
1664	2
1665	2
1666	2
1667	2
1668	2
1669	2
1670	2
1671	2
1672	2
1673	2
1674	2
1675	2
1676	2
1677	2
1678	2
1679	2
1680	2
1681	2
1682	2
1683	2
1684	2
1685	2
1686	2
1687	2
1688	2
1689	2
1690	2
1691	2
1692	2
1693	2
1694	2
1695	2
1696	2
1697	2
1698	2
1699	2
1700	2
1701	2
1702	2
1703	2
1704	2
1705	2
1706	2
1707	2
1708	2
1709	2
1710	2
1711	2
1712	2
1713	2
1714	2
1715	2
1716	2
1717	2
1718	2
1719	2
1720	2
1721	2
1722	2
1723	2
1724	2
1725	2
1726	2
1727	2
1728	2
1729	2
1730	2
1731	2
1732	2
1733	2
1734	2
1735	2
1736	2
1737	2
1738	2
1739	2
1740	2
1741	2
1742	2
1743	2
1744	2
1745	2
1746	2
1747	2
1748	2
1749	2
1750	2
1751	2
1752	2
1753	2
1754	2
1755	2
1756	2
1757	2
1758	2
1759	2
1760	2
1761	2
1762	2
1763	2
1764	2
1765	2
1766	2
1767	2
1768	2
1769	2
1770	2
1771	2
1772	2
1773	2
1774	2
1775	2
1776	2
1777	2
1778	2
1779	2
1780	2
1781	2
1782	2
1783	2
1784	2
1785	2
1786	2
1787	2
1788	2
1789	2
1790	2
1791	2
1792	2
1793	2
1794	2
1795	2
1796	2
1797	2
1798	2
1799	2
1800	2
1801	2
1802	2
1803	2
1804	2
1805	2
1806	2
1807	2
1808	2
1809	2
1810	2
1811	2
1812	2
1813	2
1814	2
1815	2
1816	2
1817	2
1818	2
1819	2
1820	2
1821	2
1822	2
1823	2
1824	2
1825	2
1826	2
1827	2
1828	2
1829	2
1830	2
1831	2
1832	2
1833	2
1834	2
1835	2
1836	2
1837	2
1838	2
1839	2
1840	2
1841	2
1842	2
1843	2
1844	2
1845	2
1846	2
1847	2
1848	2
1849	2
1850	2
1851	2
1852	2
1853	2
1854	2
1855	2
1856	2
1857	2
1858	2
1859	2
1860	2
1861	2
1862	2
1863	2
1864	2
1865	2
1866	2
1867	2
1868	2
1869	2
1870	2
1871	2
1872	2
1873	2
1874	2
1875	2
1876	2
1877	2
1878	2
1879	2
1880	2
1881	2
1882	2
1883	2
1884	2
1885	2
1886	2
1887	2
1888	2
1889	2
1890	2
1891	2
1892	2
1893	2
1894	2
1895	2
1896	2
1897	2
1898	2
1899	2
1900	2
1901	2
1902	2
1903	2
1904	2
1905	2
1906	2
1907	2
1908	2
1909	2
1910	2
1911	2
1912	2
1915	\N
1916	\N
1917	3
1918	4
1919	5
1920	6
1921	7
1922	8
1923	9
1924	10
1925	11
1926	12
1927	12
1928	13
1929	13
1930	14
1931	15
1932	16
1933	21
1934	22
1935	23
1936	24
1937	27
1938	28
1939	29
1940	30
1941	31
1942	32
1943	33
1944	33
1945	34
1946	34
1947	35
1948	35
1949	36
1950	36
1951	37
1952	38
1953	39
1954	40
1955	41
1956	42
1957	44
1958	45
1959	46
1960	46
1961	47
1962	47
1963	48
1964	49
1965	50
1966	51
1967	52
1968	53
1969	54
1970	55
1971	56
1972	57
1973	58
1974	59
1975	60
1976	61
1977	62
1978	63
1979	64
1980	65
1981	66
1982	67
1983	68
1984	69
1985	70
1986	71
1987	72
1988	73
1989	74
1990	75
1991	76
1992	77
1993	78
1994	79
1995	80
1996	81
1997	82
1998	83
1999	84
2000	85
2001	86
2002	87
2003	88
2004	\N
2005	89
2006	90
2007	91
2008	92
2009	93
2010	94
2011	\N
2012	95
2013	96
2014	97
2015	98
2016	99
2017	100
2018	101
2019	102
2020	103
2021	104
2022	105
2023	106
2024	107
2025	108
2026	109
2027	110
2028	111
2029	112
2030	113
2031	114
2032	115
2033	116
2034	117
2035	118
2036	119
2037	120
2038	121
2039	122
2040	123
2041	124
2042	125
2043	126
2044	127
2045	128
2046	129
2047	130
2048	131
2049	132
2050	133
2051	134
2052	135
2053	136
2054	137
2055	138
2056	139
2057	140
2058	141
2059	142
2060	143
2061	144
2062	145
2063	146
2064	147
2065	148
2066	149
2067	150
2068	151
2069	152
2070	153
2071	154
2072	155
2073	156
2074	157
2075	158
2076	159
2077	160
2078	161
2079	162
2080	163
2081	164
2082	165
2083	166
2084	167
2085	168
2086	169
2087	170
2088	171
2089	172
2090	173
2091	174
2092	175
2093	176
2094	177
2095	178
2096	179
2097	180
2098	181
2099	182
2100	183
2101	184
2102	185
2103	186
2104	187
2105	188
2106	189
2107	190
2108	191
2109	192
2110	193
2111	194
2112	195
2113	196
2114	197
2115	198
2116	199
2117	200
2118	201
2119	202
2120	203
2121	204
2122	205
2123	206
2124	207
2125	208
2126	209
2127	210
2128	211
2129	212
2130	213
2131	214
2132	215
2133	216
2134	217
2135	218
2136	219
2137	220
2138	221
2139	221
2140	221
2141	221
2142	221
2143	221
2144	221
2145	221
2146	221
2147	222
2148	222
2149	222
2150	222
2151	222
2152	222
2153	222
2154	222
2155	222
2156	223
2157	223
2158	223
2159	223
2160	223
2161	223
2162	223
2163	223
2164	223
2165	224
2166	224
2167	224
2168	224
2169	224
2170	224
2171	224
2172	224
2173	224
2174	225
2175	225
2176	225
2177	225
2178	225
2179	225
2180	225
2181	225
2182	225
2183	226
2184	226
2185	226
2186	226
2187	226
2188	226
2189	226
2190	226
2191	226
2192	227
2193	227
2194	227
2195	227
2196	227
2197	227
2198	227
2199	227
2200	227
2201	228
2202	228
2203	228
2204	228
2205	228
2206	228
2207	228
2208	228
2209	229
2210	229
2211	229
2212	229
2213	229
2214	229
2215	229
2216	229
2217	229
2218	230
2219	230
2220	230
2221	230
2222	231
2223	232
2224	233
2225	234
2226	235
2227	236
2228	237
2229	238
2230	239
2231	238
2232	231
2233	231
2234	232
2235	232
2236	233
2237	233
2238	234
2239	234
2240	234
2241	234
2242	240
2243	240
2244	241
2245	241
2246	242
2247	242
2248	243
2249	243
2250	244
2251	244
2252	245
2253	245
2254	246
2255	246
2256	247
2257	247
2258	248
2259	248
2260	249
2261	249
2262	250
2263	250
2264	251
2265	251
2266	252
2267	252
2268	253
2269	253
2270	254
2271	254
2272	255
2273	255
2274	256
2275	256
2276	257
2277	257
2278	258
2279	258
2280	259
2281	260
2282	261
2283	262
2284	263
2285	264
2286	264
2287	265
2288	265
2289	266
2290	267
2291	267
2292	268
2293	268
2294	269
2295	270
2296	271
2297	272
2298	273
2299	274
2300	274
2301	275
2302	275
2303	276
2304	277
2305	278
2306	278
2307	279
2308	279
2309	280
2310	280
2311	281
2312	282
2313	282
2314	283
2315	284
2316	285
2317	286
2318	286
2319	287
2320	288
2321	288
2322	289
2323	289
2324	290
2325	291
2326	291
2327	292
2328	292
2329	293
2330	294
2331	295
2332	296
2333	296
2334	297
2335	297
2336	298
2337	298
2338	299
2339	299
2340	300
2341	300
2342	301
2343	302
2344	303
2345	304
\.


--
-- Data for Name: parameter; Type: TABLE DATA; Schema: public; Owner: pochis01
--

COPY public.parameter (parameter_id, kinetic_law_id, sabio_type, compound_id, value, error, units, observed_name, observed_sabio_type, observed_value, observed_error, observed_units) FROM stdin;
1	1932	\N	1927	\N	\N	\N	kcat/Km	302	120000	\N	M^(-1)*s^(-1)
2	1932	25	\N	220	\N	s^(-1)	kcat	25	220	\N	s^(-1)
3	1932	27	1927	0.0019	\N	M	Km	27	0.0019	\N	M
4	1932	261	1931	1.79999999999999991e-08	0	M	Ki	261	1.79999999999999991e-08	0	M
5	1933	261	1931	5.70000000000000009e-08	\N	M	Ki	261	5.70000000000000009e-08	\N	M
6	1933	27	1927	0.00339999999999999981	\N	M	Km	27	0.00339999999999999981	\N	M
7	1933	25	\N	200	\N	s^(-1)	kcat	25	200	\N	s^(-1)
8	1933	\N	1927	\N	\N	\N	kcat/Km	302	5800000	\N	M^(-1)*s^(-1)
9	1934	25	\N	33	\N	s^(-1)	kcat	25	33	\N	s^(-1)
10	1934	\N	1927	\N	\N	\N	kcat/Km	302	1100000	\N	M^(-1)*s^(-1)
11	1934	27	1927	0.00329999999999999998	\N	M	Km	27	0.00329999999999999998	\N	M
12	1934	261	1931	4.5999999999999999e-07	\N	M	Ki	261	4.5999999999999999e-07	\N	M
13	1935	\N	1927	\N	\N	\N	kcat/Km	302	20000000	\N	M^(-1)*s^(-1)
14	1935	27	1927	0.00400000000000000008	\N	M	Km	27	0.00400000000000000008	\N	M
15	1935	261	1931	2.0999999999999998e-06	\N	M	Ki	261	2.0999999999999998e-06	\N	M
16	1935	25	\N	9	\N	s^(-1)	kcat	25	9	\N	s^(-1)
17	1936	27	1927	0.00179999999999999995	\N	M	Km	27	0.00179999999999999995	\N	M
18	1936	\N	1927	\N	\N	\N	kcat/Km	302	160000	\N	M^(-1)*s^(-1)
19	1936	25	\N	294	\N	s^(-1)	kcat	25	294	\N	s^(-1)
20	1941	\N	\N	\N	\N	\N	Vmax	186	9.21999999999999918e-09	\N	M*s^(-1)
21	1941	27	1937	9.99999999999999955e-08	\N	M	Km	27	9.99999999999999955e-08	\N	M
22	1941	\N	1937	\N	\N	\N	Kcat/Km	302	4070000	\N	M^(-1)*s^(-1)
23	1941	25	\N	0.405000000000000027	\N	s^(-1)	Kcat	25	0.405000000000000027	\N	s^(-1)
24	1942	\N	\N	\N	\N	\N	Vmax	186	2.79999999999999984e-09	\N	M*s^(-1)
25	1942	25	\N	0.135000000000000009	\N	s^(-1)	Kcat	25	0.135000000000000009	\N	s^(-1)
26	1942	\N	1937	\N	\N	\N	Kcat/Km	302	67000	\N	M^(-1)*s^(-1)
27	1942	27	1937	1.99999999999999991e-06	\N	M	Km	27	1.99999999999999991e-06	\N	M
28	1952	25	\N	360	8	s^(-1)	kcat	25	360	8	s^(-1)
29	1952	27	1944	0.000129999999999999989	1.00000000000000008e-05	M	Km	27	0.000129999999999999989	1.00000000000000008e-05	M
30	1953	27	1944	0.000149999999999999987	1.00000000000000008e-05	M	Km	27	0.000149999999999999987	1.00000000000000008e-05	M
31	1953	25	\N	19.1999999999999993	0.400000000000000022	s^(-1)	kcat	25	19.1999999999999993	0.400000000000000022	s^(-1)
32	1954	25	\N	2.79999999999999982	0.100000000000000006	s^(-1)	kcat	25	2.79999999999999982	0.100000000000000006	s^(-1)
33	1954	27	1944	0.00229999999999999996	0.00020000000000000001	M	Km	27	0.00229999999999999996	0.00020000000000000001	M
34	1955	25	\N	0.0500000000000000028	0.00400000000000000008	s^(-1)	kcat	25	0.0500000000000000028	0.00400000000000000008	s^(-1)
35	1955	27	1944	0.000170000000000000012	6.00000000000000015e-05	M	Km	27	0.000170000000000000012	6.00000000000000015e-05	M
36	1956	25	\N	0.110000000000000001	0.00400000000000000008	s^(-1)	kcat	25	0.110000000000000001	0.00400000000000000008	s^(-1)
37	1956	27	1944	0.00200000000000000004	0.00020000000000000001	M	Km	27	0.00200000000000000004	0.00020000000000000001	M
38	1957	27	1944	9.00000000000000057e-05	1.00000000000000008e-05	M	Km	27	9.00000000000000057e-05	1.00000000000000008e-05	M
39	1957	25	\N	205	4	s^(-1)	kcat	25	205	4	s^(-1)
40	1958	27	1944	4.00000000000000033e-05	5.00000000000000041e-06	M	Km	27	4.00000000000000033e-05	5.00000000000000041e-06	M
41	1958	25	\N	2.29999999999999982	0.0700000000000000067	s^(-1)	kcat	25	2.29999999999999982	0.0700000000000000067	s^(-1)
42	1963	25	\N	1.19999999999999996	0.699999999999999956	s^(-1)	kcat	25	1.19999999999999996	0.699999999999999956	s^(-1)
43	1963	27	1960	0.00320000000000000015	\N	M	Km	27	0.00320000000000000015	\N	M
44	1964	25	\N	3.39999999999999991	0.699999999999999956	s^(-1)	kcat	25	3.39999999999999991	0.699999999999999956	s^(-1)
45	1964	27	1960	0.00110000000000000007	0.000250000000000000005	M	Km	27	0.00110000000000000007	0.000250000000000000005	M
46	1965	25	\N	0.609999999999999987	0.450000000000000011	s^(-1)	kcat	25	0.609999999999999987	0.450000000000000011	s^(-1)
47	1965	27	1960	0.00139999999999999999	0.00100000000000000002	M	Km	27	0.00139999999999999999	0.00100000000000000002	M
48	1966	25	\N	0.0700000000000000067	\N	s^(-1)	kcat	25	0.0700000000000000067	\N	s^(-1)
49	1966	27	1960	4.00000000000000033e-05	1.00000000000000008e-05	M	Km	27	4.00000000000000033e-05	1.00000000000000008e-05	M
\.


--
-- Data for Name: physical_entity; Type: TABLE DATA; Schema: public; Owner: pochis01
--

COPY public.physical_entity (observation_id, type, name) FROM stdin;
3	Protein Subunit	\N
6	Protein Subunit	\N
9	Protein Subunit	\N
10	Protein Subunit	\N
11	Protein Subunit	\N
12	Protein Subunit	\N
13	Protein Subunit	\N
14	Protein Subunit	\N
15	Protein Subunit	\N
17	Protein Subunit	\N
18	Protein Subunit	\N
19	Protein Subunit	\N
20	Protein Subunit	\N
22	Protein Subunit	\N
23	Protein Subunit	\N
24	Protein Subunit	\N
25	Protein Subunit	\N
26	Protein Subunit	\N
27	Protein Subunit	\N
28	Protein Subunit	\N
29	Protein Subunit	\N
31	Protein Subunit	\N
32	Protein Subunit	\N
33	Protein Subunit	\N
34	Protein Subunit	\N
35	Protein Subunit	\N
36	Protein Subunit	\N
37	Protein Subunit	\N
38	Protein Subunit	\N
39	Protein Subunit	\N
40	Protein Subunit	\N
42	Protein Subunit	\N
43	Protein Subunit	\N
44	Protein Subunit	\N
47	Protein Subunit	\N
48	Protein Subunit	\N
49	Protein Subunit	\N
50	Protein Subunit	\N
51	Protein Subunit	\N
53	Protein Subunit	\N
54	Protein Subunit	\N
55	Protein Subunit	\N
56	Protein Subunit	\N
57	Protein Subunit	\N
58	Protein Subunit	\N
59	Protein Subunit	\N
61	Protein Subunit	\N
63	Protein Subunit	\N
64	Protein Subunit	\N
65	Protein Subunit	\N
66	Protein Subunit	\N
70	Protein Subunit	\N
76	Protein Subunit	\N
77	Protein Subunit	\N
78	Protein Subunit	\N
79	Protein Subunit	\N
80	Protein Subunit	\N
81	Protein Subunit	\N
82	Protein Subunit	\N
83	Protein Subunit	\N
84	Protein Subunit	\N
85	Protein Subunit	\N
86	Protein Subunit	\N
87	Protein Subunit	\N
89	Protein Subunit	\N
90	Protein Subunit	\N
91	Protein Subunit	\N
96	Protein Subunit	\N
97	Protein Subunit	\N
98	Protein Subunit	\N
100	Protein Subunit	\N
101	Protein Subunit	\N
102	Protein Subunit	\N
103	Protein Subunit	\N
104	Protein Subunit	\N
107	Protein Subunit	\N
110	Protein Subunit	\N
111	Protein Subunit	\N
112	Protein Subunit	\N
113	Protein Subunit	\N
114	Protein Subunit	\N
115	Protein Subunit	\N
116	Protein Subunit	\N
117	Protein Subunit	\N
118	Protein Subunit	\N
119	Protein Subunit	\N
120	Protein Subunit	\N
121	Protein Subunit	\N
122	Protein Subunit	\N
124	Protein Subunit	\N
125	Protein Subunit	\N
127	Protein Subunit	\N
128	Protein Subunit	\N
129	Protein Subunit	\N
133	Protein Subunit	\N
134	Protein Subunit	\N
135	Protein Subunit	\N
136	Protein Subunit	\N
137	Protein Subunit	\N
138	Protein Subunit	\N
139	Protein Subunit	\N
140	Protein Subunit	\N
142	Protein Subunit	\N
143	Protein Subunit	\N
144	Protein Subunit	\N
145	Protein Subunit	\N
147	Protein Subunit	\N
148	Protein Subunit	\N
150	Protein Subunit	\N
151	Protein Subunit	\N
152	Protein Subunit	\N
155	Protein Subunit	\N
156	Protein Subunit	\N
157	Protein Subunit	\N
158	Protein Subunit	\N
159	Protein Subunit	\N
160	Protein Subunit	\N
161	Protein Subunit	\N
162	Protein Subunit	\N
164	Protein Subunit	\N
165	Protein Subunit	\N
166	Protein Subunit	\N
167	Protein Subunit	\N
169	Protein Subunit	\N
172	Protein Subunit	\N
173	Protein Subunit	\N
174	Protein Subunit	\N
175	Protein Subunit	\N
176	Protein Subunit	\N
177	Protein Subunit	\N
179	Protein Subunit	\N
181	Protein Subunit	\N
182	Protein Subunit	\N
183	Protein Subunit	\N
184	Protein Subunit	\N
185	Protein Subunit	\N
186	Protein Subunit	\N
187	Protein Subunit	\N
188	Protein Subunit	\N
189	Protein Subunit	\N
191	Protein Subunit	\N
192	Protein Subunit	\N
193	Protein Subunit	\N
194	Protein Subunit	\N
195	Protein Subunit	\N
197	Protein Subunit	\N
198	Protein Subunit	\N
199	Protein Subunit	\N
200	Protein Subunit	\N
202	Protein Subunit	\N
204	Protein Subunit	\N
205	Protein Subunit	\N
206	Protein Subunit	\N
208	Protein Subunit	\N
209	Protein Subunit	\N
210	Protein Subunit	\N
211	Protein Subunit	\N
212	Protein Subunit	\N
213	Protein Subunit	\N
214	Protein Subunit	\N
215	Protein Subunit	\N
216	Protein Subunit	\N
217	Protein Subunit	\N
218	Protein Subunit	\N
219	Protein Subunit	\N
221	Protein Subunit	\N
222	Protein Subunit	\N
223	Protein Subunit	\N
224	Protein Subunit	\N
225	Protein Subunit	\N
227	Protein Subunit	\N
230	Protein Subunit	\N
234	Protein Subunit	\N
235	Protein Subunit	\N
236	Protein Subunit	\N
238	Protein Subunit	\N
239	Protein Subunit	\N
240	Protein Subunit	\N
241	Protein Subunit	\N
242	Protein Subunit	\N
243	Protein Subunit	\N
244	Protein Subunit	\N
245	Protein Subunit	\N
252	Protein Subunit	\N
254	Protein Subunit	\N
255	Protein Subunit	\N
258	Protein Subunit	\N
259	Protein Subunit	\N
261	Protein Subunit	\N
262	Protein Subunit	\N
263	Protein Subunit	\N
264	Protein Subunit	\N
265	Protein Subunit	\N
267	Protein Subunit	\N
268	Protein Subunit	\N
270	Protein Subunit	\N
271	Protein Subunit	\N
272	Protein Subunit	\N
273	Protein Subunit	\N
274	Protein Subunit	\N
275	Protein Subunit	\N
276	Protein Subunit	\N
277	Protein Subunit	\N
278	Protein Subunit	\N
279	Protein Subunit	\N
280	Protein Subunit	\N
281	Protein Subunit	\N
282	Protein Subunit	\N
283	Protein Subunit	\N
284	Protein Subunit	\N
285	Protein Subunit	\N
286	Protein Subunit	\N
287	Protein Subunit	\N
288	Protein Subunit	\N
289	Protein Subunit	\N
290	Protein Subunit	\N
291	Protein Subunit	\N
292	Protein Subunit	\N
293	Protein Subunit	\N
294	Protein Subunit	\N
295	Protein Subunit	\N
296	Protein Subunit	\N
297	Protein Subunit	\N
298	Protein Subunit	\N
299	Protein Subunit	\N
300	Protein Subunit	\N
301	Protein Subunit	\N
302	Protein Subunit	\N
303	Protein Subunit	\N
304	Protein Subunit	\N
305	Protein Subunit	\N
306	Protein Subunit	\N
307	Protein Subunit	\N
310	Protein Subunit	\N
311	Protein Subunit	\N
316	Protein Subunit	\N
319	Protein Subunit	\N
320	Protein Subunit	\N
321	Protein Subunit	\N
322	Protein Subunit	\N
323	Protein Subunit	\N
324	Protein Subunit	\N
326	Protein Subunit	\N
328	Protein Subunit	\N
329	Protein Subunit	\N
330	Protein Subunit	\N
331	Protein Subunit	\N
332	Protein Subunit	\N
333	Protein Subunit	\N
334	Protein Subunit	\N
335	Protein Subunit	\N
336	Protein Subunit	\N
337	Protein Subunit	\N
338	Protein Subunit	\N
339	Protein Subunit	\N
340	Protein Subunit	\N
341	Protein Subunit	\N
342	Protein Subunit	\N
343	Protein Subunit	\N
345	Protein Subunit	\N
346	Protein Subunit	\N
347	Protein Subunit	\N
348	Protein Subunit	\N
350	Protein Subunit	\N
353	Protein Subunit	\N
354	Protein Subunit	\N
355	Protein Subunit	\N
356	Protein Subunit	\N
357	Protein Subunit	\N
358	Protein Subunit	\N
359	Protein Subunit	\N
360	Protein Subunit	\N
361	Protein Subunit	\N
362	Protein Subunit	\N
363	Protein Subunit	\N
366	Protein Subunit	\N
367	Protein Subunit	\N
368	Protein Subunit	\N
369	Protein Subunit	\N
373	Protein Subunit	\N
374	Protein Subunit	\N
375	Protein Subunit	\N
376	Protein Subunit	\N
377	Protein Subunit	\N
378	Protein Subunit	\N
379	Protein Subunit	\N
381	Protein Subunit	\N
383	Protein Subunit	\N
384	Protein Subunit	\N
385	Protein Subunit	\N
386	Protein Subunit	\N
387	Protein Subunit	\N
388	Protein Subunit	\N
390	Protein Subunit	\N
391	Protein Subunit	\N
392	Protein Subunit	\N
393	Protein Subunit	\N
394	Protein Subunit	\N
395	Protein Subunit	\N
398	Protein Subunit	\N
399	Protein Subunit	\N
400	Protein Subunit	\N
404	Protein Subunit	\N
405	Protein Subunit	\N
412	Protein Subunit	\N
414	Protein Subunit	\N
415	Protein Subunit	\N
417	Protein Subunit	\N
418	Protein Subunit	\N
419	Protein Subunit	\N
420	Protein Subunit	\N
421	Protein Subunit	\N
424	Protein Subunit	\N
425	Protein Subunit	\N
427	Protein Subunit	\N
428	Protein Subunit	\N
429	Protein Subunit	\N
430	Protein Subunit	\N
432	Protein Subunit	\N
433	Protein Subunit	\N
434	Protein Subunit	\N
435	Protein Subunit	\N
437	Protein Subunit	\N
438	Protein Subunit	\N
439	Protein Subunit	\N
440	Protein Subunit	\N
441	Protein Subunit	\N
443	Protein Subunit	\N
444	Protein Subunit	\N
445	Protein Subunit	\N
446	Protein Subunit	\N
447	Protein Subunit	\N
448	Protein Subunit	\N
449	Protein Subunit	\N
450	Protein Subunit	\N
452	Protein Subunit	\N
453	Protein Subunit	\N
454	Protein Subunit	\N
455	Protein Subunit	\N
456	Protein Subunit	\N
457	Protein Subunit	\N
458	Protein Subunit	\N
459	Protein Subunit	\N
460	Protein Subunit	\N
461	Protein Subunit	\N
464	Protein Subunit	\N
465	Protein Subunit	\N
466	Protein Subunit	\N
467	Protein Subunit	\N
468	Protein Subunit	\N
470	Protein Subunit	\N
471	Protein Subunit	\N
472	Protein Subunit	\N
473	Protein Subunit	\N
474	Protein Subunit	\N
475	Protein Subunit	\N
478	Protein Subunit	\N
479	Protein Subunit	\N
480	Protein Subunit	\N
481	Protein Subunit	\N
482	Protein Subunit	\N
483	Protein Subunit	\N
484	Protein Subunit	\N
485	Protein Subunit	\N
486	Protein Subunit	\N
489	Protein Subunit	\N
490	Protein Subunit	\N
491	Protein Subunit	\N
492	Protein Subunit	\N
493	Protein Subunit	\N
494	Protein Subunit	\N
495	Protein Subunit	\N
496	Protein Subunit	\N
497	Protein Subunit	\N
502	Protein Subunit	\N
503	Protein Subunit	\N
504	Protein Subunit	\N
505	Protein Subunit	\N
506	Protein Subunit	\N
507	Protein Subunit	\N
508	Protein Subunit	\N
509	Protein Subunit	\N
510	Protein Subunit	\N
511	Protein Subunit	\N
512	Protein Subunit	\N
513	Protein Subunit	\N
515	Protein Subunit	\N
516	Protein Subunit	\N
517	Protein Subunit	\N
518	Protein Subunit	\N
521	Protein Subunit	\N
522	Protein Subunit	\N
523	Protein Subunit	\N
525	Protein Subunit	\N
526	Protein Subunit	\N
527	Protein Subunit	\N
528	Protein Subunit	\N
529	Protein Subunit	\N
530	Protein Subunit	\N
532	Protein Subunit	\N
533	Protein Subunit	\N
534	Protein Subunit	\N
535	Protein Subunit	\N
536	Protein Subunit	\N
537	Protein Subunit	\N
538	Protein Subunit	\N
539	Protein Subunit	\N
542	Protein Subunit	\N
543	Protein Subunit	\N
544	Protein Subunit	\N
545	Protein Subunit	\N
546	Protein Subunit	\N
547	Protein Subunit	\N
548	Protein Subunit	\N
549	Protein Subunit	\N
551	Protein Subunit	\N
552	Protein Subunit	\N
553	Protein Subunit	\N
554	Protein Subunit	\N
555	Protein Subunit	\N
557	Protein Subunit	\N
558	Protein Subunit	\N
560	Protein Subunit	\N
561	Protein Subunit	\N
562	Protein Subunit	\N
565	Protein Subunit	\N
566	Protein Subunit	\N
567	Protein Subunit	\N
568	Protein Subunit	\N
569	Protein Subunit	\N
570	Protein Subunit	\N
571	Protein Subunit	\N
572	Protein Subunit	\N
574	Protein Subunit	\N
575	Protein Subunit	\N
576	Protein Subunit	\N
577	Protein Subunit	\N
578	Protein Subunit	\N
579	Protein Subunit	\N
580	Protein Subunit	\N
581	Protein Subunit	\N
582	Protein Subunit	\N
583	Protein Subunit	\N
584	Protein Subunit	\N
585	Protein Subunit	\N
586	Protein Subunit	\N
587	Protein Subunit	\N
588	Protein Subunit	\N
589	Protein Subunit	\N
590	Protein Subunit	\N
591	Protein Subunit	\N
592	Protein Subunit	\N
593	Protein Subunit	\N
594	Protein Subunit	\N
595	Protein Subunit	\N
596	Protein Subunit	\N
597	Protein Subunit	\N
598	Protein Subunit	\N
599	Protein Subunit	\N
600	Protein Subunit	\N
603	Protein Subunit	\N
605	Protein Subunit	\N
606	Protein Subunit	\N
607	Protein Subunit	\N
608	Protein Subunit	\N
609	Protein Subunit	\N
610	Protein Subunit	\N
611	Protein Subunit	\N
612	Protein Subunit	\N
614	Protein Subunit	\N
615	Protein Subunit	\N
616	Protein Subunit	\N
617	Protein Subunit	\N
618	Protein Subunit	\N
619	Protein Subunit	\N
620	Protein Subunit	\N
621	Protein Subunit	\N
622	Protein Subunit	\N
623	Protein Subunit	\N
624	Protein Subunit	\N
625	Protein Subunit	\N
626	Protein Subunit	\N
627	Protein Subunit	\N
629	Protein Subunit	\N
631	Protein Subunit	\N
634	Protein Subunit	\N
635	Protein Subunit	\N
636	Protein Subunit	\N
637	Protein Subunit	\N
638	Protein Subunit	\N
640	Protein Subunit	\N
641	Protein Subunit	\N
642	Protein Subunit	\N
643	Protein Subunit	\N
644	Protein Subunit	\N
645	Protein Subunit	\N
646	Protein Subunit	\N
648	Protein Subunit	\N
649	Protein Subunit	\N
650	Protein Subunit	\N
651	Protein Subunit	\N
652	Protein Subunit	\N
654	Protein Subunit	\N
655	Protein Subunit	\N
656	Protein Subunit	\N
657	Protein Subunit	\N
659	Protein Subunit	\N
660	Protein Subunit	\N
661	Protein Subunit	\N
662	Protein Subunit	\N
663	Protein Subunit	\N
664	Protein Subunit	\N
668	Protein Subunit	\N
669	Protein Subunit	\N
670	Protein Subunit	\N
671	Protein Subunit	\N
672	Protein Subunit	\N
673	Protein Subunit	\N
674	Protein Subunit	\N
675	Protein Subunit	\N
677	Protein Subunit	\N
679	Protein Subunit	\N
680	Protein Subunit	\N
681	Protein Subunit	\N
682	Protein Subunit	\N
683	Protein Subunit	\N
684	Protein Subunit	\N
686	Protein Subunit	\N
687	Protein Subunit	\N
688	Protein Subunit	\N
689	Protein Subunit	\N
690	Protein Subunit	\N
691	Protein Subunit	\N
692	Protein Subunit	\N
693	Protein Subunit	\N
694	Protein Subunit	\N
695	Protein Subunit	\N
696	Protein Subunit	\N
697	Protein Subunit	\N
698	Protein Subunit	\N
699	Protein Subunit	\N
701	Protein Subunit	\N
703	Protein Subunit	\N
704	Protein Subunit	\N
705	Protein Subunit	\N
706	Protein Subunit	\N
707	Protein Subunit	\N
708	Protein Subunit	\N
709	Protein Subunit	\N
710	Protein Subunit	\N
712	Protein Subunit	\N
715	Protein Subunit	\N
716	Protein Subunit	\N
717	Protein Subunit	\N
718	Protein Subunit	\N
719	Protein Subunit	\N
720	Protein Subunit	\N
721	Protein Subunit	\N
722	Protein Subunit	\N
723	Protein Subunit	\N
724	Protein Subunit	\N
725	Protein Subunit	\N
726	Protein Subunit	\N
727	Protein Subunit	\N
728	Protein Subunit	\N
729	Protein Subunit	\N
730	Protein Subunit	\N
731	Protein Subunit	\N
732	Protein Subunit	\N
733	Protein Subunit	\N
734	Protein Subunit	\N
735	Protein Subunit	\N
739	Protein Subunit	\N
740	Protein Subunit	\N
743	Protein Subunit	\N
744	Protein Subunit	\N
746	Protein Subunit	\N
747	Protein Subunit	\N
748	Protein Subunit	\N
749	Protein Subunit	\N
750	Protein Subunit	\N
751	Protein Subunit	\N
754	Protein Subunit	\N
755	Protein Subunit	\N
756	Protein Subunit	\N
757	Protein Subunit	\N
758	Protein Subunit	\N
759	Protein Subunit	\N
760	Protein Subunit	\N
761	Protein Subunit	\N
763	Protein Subunit	\N
765	Protein Subunit	\N
767	Protein Subunit	\N
769	Protein Subunit	\N
770	Protein Subunit	\N
771	Protein Subunit	\N
772	Protein Subunit	\N
773	Protein Subunit	\N
776	Protein Subunit	\N
777	Protein Subunit	\N
778	Protein Subunit	\N
779	Protein Subunit	\N
780	Protein Subunit	\N
781	Protein Subunit	\N
782	Protein Subunit	\N
783	Protein Subunit	\N
787	Protein Subunit	\N
788	Protein Subunit	\N
789	Protein Subunit	\N
790	Protein Subunit	\N
791	Protein Subunit	\N
792	Protein Subunit	\N
793	Protein Subunit	\N
794	Protein Subunit	\N
795	Protein Subunit	\N
796	Protein Subunit	\N
797	Protein Subunit	\N
798	Protein Subunit	\N
800	Protein Subunit	\N
801	Protein Subunit	\N
802	Protein Subunit	\N
803	Protein Subunit	\N
804	Protein Subunit	\N
806	Protein Subunit	\N
807	Protein Subunit	\N
808	Protein Subunit	\N
809	Protein Subunit	\N
811	Protein Subunit	\N
812	Protein Subunit	\N
813	Protein Subunit	\N
814	Protein Subunit	\N
815	Protein Subunit	\N
816	Protein Subunit	\N
817	Protein Subunit	\N
821	Protein Subunit	\N
822	Protein Subunit	\N
823	Protein Subunit	\N
824	Protein Subunit	\N
825	Protein Subunit	\N
826	Protein Subunit	\N
830	Protein Subunit	\N
831	Protein Subunit	\N
832	Protein Subunit	\N
834	Protein Subunit	\N
835	Protein Subunit	\N
836	Protein Subunit	\N
837	Protein Subunit	\N
838	Protein Subunit	\N
839	Protein Subunit	\N
840	Protein Subunit	\N
841	Protein Subunit	\N
842	Protein Subunit	\N
844	Protein Subunit	\N
845	Protein Subunit	\N
846	Protein Subunit	\N
847	Protein Subunit	\N
848	Protein Subunit	\N
850	Protein Subunit	\N
851	Protein Subunit	\N
853	Protein Subunit	\N
854	Protein Subunit	\N
856	Protein Subunit	\N
858	Protein Subunit	\N
859	Protein Subunit	\N
861	Protein Subunit	\N
862	Protein Subunit	\N
863	Protein Subunit	\N
864	Protein Subunit	\N
865	Protein Subunit	\N
866	Protein Subunit	\N
868	Protein Subunit	\N
871	Protein Subunit	\N
872	Protein Subunit	\N
873	Protein Subunit	\N
876	Protein Subunit	\N
877	Protein Subunit	\N
879	Protein Subunit	\N
881	Protein Subunit	\N
882	Protein Subunit	\N
883	Protein Subunit	\N
884	Protein Subunit	\N
885	Protein Subunit	\N
886	Protein Subunit	\N
887	Protein Subunit	\N
888	Protein Subunit	\N
889	Protein Subunit	\N
890	Protein Subunit	\N
891	Protein Subunit	\N
893	Protein Subunit	\N
894	Protein Subunit	\N
895	Protein Subunit	\N
896	Protein Subunit	\N
897	Protein Subunit	\N
898	Protein Subunit	\N
902	Protein Subunit	\N
903	Protein Subunit	\N
904	Protein Subunit	\N
906	Protein Subunit	\N
907	Protein Subunit	\N
908	Protein Subunit	\N
909	Protein Subunit	\N
911	Protein Subunit	\N
913	Protein Subunit	\N
914	Protein Subunit	\N
915	Protein Subunit	\N
916	Protein Subunit	\N
918	Protein Subunit	\N
919	Protein Subunit	\N
920	Protein Subunit	\N
921	Protein Subunit	\N
922	Protein Subunit	\N
923	Protein Subunit	\N
924	Protein Subunit	\N
926	Protein Subunit	\N
927	Protein Subunit	\N
928	Protein Subunit	\N
930	Protein Subunit	\N
931	Protein Subunit	\N
932	Protein Subunit	\N
933	Protein Subunit	\N
934	Protein Subunit	\N
936	Protein Subunit	\N
937	Protein Subunit	\N
938	Protein Subunit	\N
939	Protein Subunit	\N
940	Protein Subunit	\N
941	Protein Subunit	\N
942	Protein Subunit	\N
943	Protein Subunit	\N
947	Protein Subunit	\N
948	Protein Subunit	\N
950	Protein Subunit	\N
951	Protein Subunit	\N
953	Protein Subunit	\N
954	Protein Subunit	\N
955	Protein Subunit	\N
956	Protein Subunit	\N
959	Protein Subunit	\N
962	Protein Subunit	\N
965	Protein Subunit	\N
966	Protein Subunit	\N
967	Protein Subunit	\N
968	Protein Subunit	\N
969	Protein Subunit	\N
970	Protein Subunit	\N
971	Protein Subunit	\N
973	Protein Subunit	\N
974	Protein Subunit	\N
975	Protein Subunit	\N
976	Protein Subunit	\N
978	Protein Subunit	\N
979	Protein Subunit	\N
980	Protein Subunit	\N
981	Protein Subunit	\N
982	Protein Subunit	\N
983	Protein Subunit	\N
984	Protein Subunit	\N
985	Protein Subunit	\N
987	Protein Subunit	\N
988	Protein Subunit	\N
989	Protein Subunit	\N
990	Protein Subunit	\N
991	Protein Subunit	\N
992	Protein Subunit	\N
993	Protein Subunit	\N
994	Protein Subunit	\N
995	Protein Subunit	\N
996	Protein Subunit	\N
998	Protein Subunit	\N
999	Protein Subunit	\N
1000	Protein Subunit	\N
1003	Protein Subunit	\N
1004	Protein Subunit	\N
1005	Protein Subunit	\N
1006	Protein Subunit	\N
1007	Protein Subunit	\N
1009	Protein Subunit	\N
1010	Protein Subunit	\N
1011	Protein Subunit	\N
1012	Protein Subunit	\N
1013	Protein Subunit	\N
1014	Protein Subunit	\N
1015	Protein Subunit	\N
1017	Protein Subunit	\N
1019	Protein Subunit	\N
1020	Protein Subunit	\N
1021	Protein Subunit	\N
1022	Protein Subunit	\N
1026	Protein Subunit	\N
1032	Protein Subunit	\N
1033	Protein Subunit	\N
1034	Protein Subunit	\N
1035	Protein Subunit	\N
1036	Protein Subunit	\N
1037	Protein Subunit	\N
1038	Protein Subunit	\N
1039	Protein Subunit	\N
1040	Protein Subunit	\N
1041	Protein Subunit	\N
1042	Protein Subunit	\N
1043	Protein Subunit	\N
1045	Protein Subunit	\N
1046	Protein Subunit	\N
1047	Protein Subunit	\N
1052	Protein Subunit	\N
1053	Protein Subunit	\N
1054	Protein Subunit	\N
1056	Protein Subunit	\N
1057	Protein Subunit	\N
1058	Protein Subunit	\N
1059	Protein Subunit	\N
1060	Protein Subunit	\N
1063	Protein Subunit	\N
1066	Protein Subunit	\N
1067	Protein Subunit	\N
1068	Protein Subunit	\N
1069	Protein Subunit	\N
1070	Protein Subunit	\N
1071	Protein Subunit	\N
1072	Protein Subunit	\N
1073	Protein Subunit	\N
1074	Protein Subunit	\N
1075	Protein Subunit	\N
1076	Protein Subunit	\N
1077	Protein Subunit	\N
1078	Protein Subunit	\N
1080	Protein Subunit	\N
1081	Protein Subunit	\N
1083	Protein Subunit	\N
1084	Protein Subunit	\N
1085	Protein Subunit	\N
1089	Protein Subunit	\N
1090	Protein Subunit	\N
1091	Protein Subunit	\N
1092	Protein Subunit	\N
1093	Protein Subunit	\N
1094	Protein Subunit	\N
1095	Protein Subunit	\N
1096	Protein Subunit	\N
1098	Protein Subunit	\N
1099	Protein Subunit	\N
1100	Protein Subunit	\N
1101	Protein Subunit	\N
1103	Protein Subunit	\N
1104	Protein Subunit	\N
1106	Protein Subunit	\N
1107	Protein Subunit	\N
1108	Protein Subunit	\N
1111	Protein Subunit	\N
1112	Protein Subunit	\N
1113	Protein Subunit	\N
1114	Protein Subunit	\N
1115	Protein Subunit	\N
1116	Protein Subunit	\N
1117	Protein Subunit	\N
1118	Protein Subunit	\N
1120	Protein Subunit	\N
1121	Protein Subunit	\N
1122	Protein Subunit	\N
1123	Protein Subunit	\N
1125	Protein Subunit	\N
1128	Protein Subunit	\N
1129	Protein Subunit	\N
1130	Protein Subunit	\N
1131	Protein Subunit	\N
1132	Protein Subunit	\N
1133	Protein Subunit	\N
1135	Protein Subunit	\N
1137	Protein Subunit	\N
1138	Protein Subunit	\N
1139	Protein Subunit	\N
1140	Protein Subunit	\N
1141	Protein Subunit	\N
1142	Protein Subunit	\N
1143	Protein Subunit	\N
1144	Protein Subunit	\N
1145	Protein Subunit	\N
1147	Protein Subunit	\N
1148	Protein Subunit	\N
1149	Protein Subunit	\N
1150	Protein Subunit	\N
1151	Protein Subunit	\N
1153	Protein Subunit	\N
1154	Protein Subunit	\N
1155	Protein Subunit	\N
1156	Protein Subunit	\N
1158	Protein Subunit	\N
1160	Protein Subunit	\N
1161	Protein Subunit	\N
1162	Protein Subunit	\N
1164	Protein Subunit	\N
1165	Protein Subunit	\N
1166	Protein Subunit	\N
1167	Protein Subunit	\N
1168	Protein Subunit	\N
1169	Protein Subunit	\N
1170	Protein Subunit	\N
1171	Protein Subunit	\N
1172	Protein Subunit	\N
1173	Protein Subunit	\N
1174	Protein Subunit	\N
1175	Protein Subunit	\N
1177	Protein Subunit	\N
1178	Protein Subunit	\N
1179	Protein Subunit	\N
1180	Protein Subunit	\N
1181	Protein Subunit	\N
1183	Protein Subunit	\N
1186	Protein Subunit	\N
1190	Protein Subunit	\N
1191	Protein Subunit	\N
1192	Protein Subunit	\N
1194	Protein Subunit	\N
1195	Protein Subunit	\N
1196	Protein Subunit	\N
1197	Protein Subunit	\N
1198	Protein Subunit	\N
1199	Protein Subunit	\N
1200	Protein Subunit	\N
1201	Protein Subunit	\N
1208	Protein Subunit	\N
1210	Protein Subunit	\N
1211	Protein Subunit	\N
1214	Protein Subunit	\N
1215	Protein Subunit	\N
1217	Protein Subunit	\N
1218	Protein Subunit	\N
1219	Protein Subunit	\N
1220	Protein Subunit	\N
1221	Protein Subunit	\N
1223	Protein Subunit	\N
1224	Protein Subunit	\N
1226	Protein Subunit	\N
1227	Protein Subunit	\N
1228	Protein Subunit	\N
1229	Protein Subunit	\N
1230	Protein Subunit	\N
1231	Protein Subunit	\N
1232	Protein Subunit	\N
1233	Protein Subunit	\N
1234	Protein Subunit	\N
1235	Protein Subunit	\N
1236	Protein Subunit	\N
1237	Protein Subunit	\N
1238	Protein Subunit	\N
1239	Protein Subunit	\N
1240	Protein Subunit	\N
1241	Protein Subunit	\N
1242	Protein Subunit	\N
1243	Protein Subunit	\N
1244	Protein Subunit	\N
1245	Protein Subunit	\N
1246	Protein Subunit	\N
1247	Protein Subunit	\N
1248	Protein Subunit	\N
1249	Protein Subunit	\N
1250	Protein Subunit	\N
1251	Protein Subunit	\N
1252	Protein Subunit	\N
1253	Protein Subunit	\N
1254	Protein Subunit	\N
1255	Protein Subunit	\N
1256	Protein Subunit	\N
1257	Protein Subunit	\N
1258	Protein Subunit	\N
1259	Protein Subunit	\N
1260	Protein Subunit	\N
1261	Protein Subunit	\N
1262	Protein Subunit	\N
1263	Protein Subunit	\N
1266	Protein Subunit	\N
1267	Protein Subunit	\N
1272	Protein Subunit	\N
1275	Protein Subunit	\N
1276	Protein Subunit	\N
1277	Protein Subunit	\N
1278	Protein Subunit	\N
1279	Protein Subunit	\N
1280	Protein Subunit	\N
1282	Protein Subunit	\N
1284	Protein Subunit	\N
1285	Protein Subunit	\N
1286	Protein Subunit	\N
1287	Protein Subunit	\N
1288	Protein Subunit	\N
1289	Protein Subunit	\N
1290	Protein Subunit	\N
1291	Protein Subunit	\N
1292	Protein Subunit	\N
1293	Protein Subunit	\N
1294	Protein Subunit	\N
1295	Protein Subunit	\N
1296	Protein Subunit	\N
1297	Protein Subunit	\N
1298	Protein Subunit	\N
1299	Protein Subunit	\N
1301	Protein Subunit	\N
1302	Protein Subunit	\N
1303	Protein Subunit	\N
1304	Protein Subunit	\N
1306	Protein Subunit	\N
1309	Protein Subunit	\N
1310	Protein Subunit	\N
1311	Protein Subunit	\N
1312	Protein Subunit	\N
1313	Protein Subunit	\N
1314	Protein Subunit	\N
1315	Protein Subunit	\N
1316	Protein Subunit	\N
1317	Protein Subunit	\N
1318	Protein Subunit	\N
1319	Protein Subunit	\N
1322	Protein Subunit	\N
1323	Protein Subunit	\N
1324	Protein Subunit	\N
1325	Protein Subunit	\N
1329	Protein Subunit	\N
1330	Protein Subunit	\N
1331	Protein Subunit	\N
1332	Protein Subunit	\N
1333	Protein Subunit	\N
1334	Protein Subunit	\N
1335	Protein Subunit	\N
1337	Protein Subunit	\N
1339	Protein Subunit	\N
1340	Protein Subunit	\N
1341	Protein Subunit	\N
1342	Protein Subunit	\N
1343	Protein Subunit	\N
1344	Protein Subunit	\N
1346	Protein Subunit	\N
1347	Protein Subunit	\N
1348	Protein Subunit	\N
1349	Protein Subunit	\N
1350	Protein Subunit	\N
1351	Protein Subunit	\N
1354	Protein Subunit	\N
1355	Protein Subunit	\N
1356	Protein Subunit	\N
1360	Protein Subunit	\N
1361	Protein Subunit	\N
1368	Protein Subunit	\N
1370	Protein Subunit	\N
1371	Protein Subunit	\N
1373	Protein Subunit	\N
1374	Protein Subunit	\N
1375	Protein Subunit	\N
1376	Protein Subunit	\N
1377	Protein Subunit	\N
1380	Protein Subunit	\N
1381	Protein Subunit	\N
1383	Protein Subunit	\N
1384	Protein Subunit	\N
1385	Protein Subunit	\N
1386	Protein Subunit	\N
1388	Protein Subunit	\N
1389	Protein Subunit	\N
1390	Protein Subunit	\N
1391	Protein Subunit	\N
1393	Protein Subunit	\N
1394	Protein Subunit	\N
1395	Protein Subunit	\N
1396	Protein Subunit	\N
1397	Protein Subunit	\N
1399	Protein Subunit	\N
1400	Protein Subunit	\N
1401	Protein Subunit	\N
1402	Protein Subunit	\N
1403	Protein Subunit	\N
1404	Protein Subunit	\N
1405	Protein Subunit	\N
1406	Protein Subunit	\N
1408	Protein Subunit	\N
1409	Protein Subunit	\N
1410	Protein Subunit	\N
1411	Protein Subunit	\N
1412	Protein Subunit	\N
1413	Protein Subunit	\N
1414	Protein Subunit	\N
1415	Protein Subunit	\N
1416	Protein Subunit	\N
1417	Protein Subunit	\N
1420	Protein Subunit	\N
1421	Protein Subunit	\N
1422	Protein Subunit	\N
1423	Protein Subunit	\N
1424	Protein Subunit	\N
1426	Protein Subunit	\N
1427	Protein Subunit	\N
1428	Protein Subunit	\N
1429	Protein Subunit	\N
1430	Protein Subunit	\N
1431	Protein Subunit	\N
1434	Protein Subunit	\N
1435	Protein Subunit	\N
1436	Protein Subunit	\N
1437	Protein Subunit	\N
1438	Protein Subunit	\N
1439	Protein Subunit	\N
1440	Protein Subunit	\N
1441	Protein Subunit	\N
1442	Protein Subunit	\N
1445	Protein Subunit	\N
1446	Protein Subunit	\N
1447	Protein Subunit	\N
1448	Protein Subunit	\N
1449	Protein Subunit	\N
1450	Protein Subunit	\N
1451	Protein Subunit	\N
1452	Protein Subunit	\N
1453	Protein Subunit	\N
1458	Protein Subunit	\N
1459	Protein Subunit	\N
1460	Protein Subunit	\N
1461	Protein Subunit	\N
1462	Protein Subunit	\N
1463	Protein Subunit	\N
1464	Protein Subunit	\N
1465	Protein Subunit	\N
1466	Protein Subunit	\N
1467	Protein Subunit	\N
1468	Protein Subunit	\N
1469	Protein Subunit	\N
1471	Protein Subunit	\N
1472	Protein Subunit	\N
1473	Protein Subunit	\N
1474	Protein Subunit	\N
1477	Protein Subunit	\N
1478	Protein Subunit	\N
1479	Protein Subunit	\N
1481	Protein Subunit	\N
1482	Protein Subunit	\N
1483	Protein Subunit	\N
1484	Protein Subunit	\N
1485	Protein Subunit	\N
1486	Protein Subunit	\N
1488	Protein Subunit	\N
1489	Protein Subunit	\N
1490	Protein Subunit	\N
1491	Protein Subunit	\N
1492	Protein Subunit	\N
1493	Protein Subunit	\N
1494	Protein Subunit	\N
1495	Protein Subunit	\N
1498	Protein Subunit	\N
1499	Protein Subunit	\N
1500	Protein Subunit	\N
1501	Protein Subunit	\N
1502	Protein Subunit	\N
1503	Protein Subunit	\N
1504	Protein Subunit	\N
1505	Protein Subunit	\N
1507	Protein Subunit	\N
1508	Protein Subunit	\N
1509	Protein Subunit	\N
1510	Protein Subunit	\N
1511	Protein Subunit	\N
1513	Protein Subunit	\N
1514	Protein Subunit	\N
1516	Protein Subunit	\N
1517	Protein Subunit	\N
1518	Protein Subunit	\N
1521	Protein Subunit	\N
1522	Protein Subunit	\N
1523	Protein Subunit	\N
1524	Protein Subunit	\N
1525	Protein Subunit	\N
1526	Protein Subunit	\N
1527	Protein Subunit	\N
1528	Protein Subunit	\N
1530	Protein Subunit	\N
1531	Protein Subunit	\N
1532	Protein Subunit	\N
1533	Protein Subunit	\N
1534	Protein Subunit	\N
1535	Protein Subunit	\N
1536	Protein Subunit	\N
1537	Protein Subunit	\N
1538	Protein Subunit	\N
1539	Protein Subunit	\N
1540	Protein Subunit	\N
1541	Protein Subunit	\N
1542	Protein Subunit	\N
1543	Protein Subunit	\N
1544	Protein Subunit	\N
1545	Protein Subunit	\N
1546	Protein Subunit	\N
1547	Protein Subunit	\N
1548	Protein Subunit	\N
1549	Protein Subunit	\N
1550	Protein Subunit	\N
1551	Protein Subunit	\N
1552	Protein Subunit	\N
1553	Protein Subunit	\N
1554	Protein Subunit	\N
1555	Protein Subunit	\N
1556	Protein Subunit	\N
1559	Protein Subunit	\N
1561	Protein Subunit	\N
1562	Protein Subunit	\N
1563	Protein Subunit	\N
1564	Protein Subunit	\N
1565	Protein Subunit	\N
1566	Protein Subunit	\N
1567	Protein Subunit	\N
1568	Protein Subunit	\N
1570	Protein Subunit	\N
1571	Protein Subunit	\N
1572	Protein Subunit	\N
1573	Protein Subunit	\N
1574	Protein Subunit	\N
1575	Protein Subunit	\N
1576	Protein Subunit	\N
1577	Protein Subunit	\N
1578	Protein Subunit	\N
1579	Protein Subunit	\N
1580	Protein Subunit	\N
1581	Protein Subunit	\N
1582	Protein Subunit	\N
1583	Protein Subunit	\N
1585	Protein Subunit	\N
1587	Protein Subunit	\N
1590	Protein Subunit	\N
1591	Protein Subunit	\N
1592	Protein Subunit	\N
1593	Protein Subunit	\N
1594	Protein Subunit	\N
1596	Protein Subunit	\N
1597	Protein Subunit	\N
1598	Protein Subunit	\N
1599	Protein Subunit	\N
1600	Protein Subunit	\N
1601	Protein Subunit	\N
1602	Protein Subunit	\N
1604	Protein Subunit	\N
1605	Protein Subunit	\N
1606	Protein Subunit	\N
1607	Protein Subunit	\N
1608	Protein Subunit	\N
1610	Protein Subunit	\N
1611	Protein Subunit	\N
1612	Protein Subunit	\N
1613	Protein Subunit	\N
1615	Protein Subunit	\N
1616	Protein Subunit	\N
1617	Protein Subunit	\N
1618	Protein Subunit	\N
1619	Protein Subunit	\N
1620	Protein Subunit	\N
1624	Protein Subunit	\N
1625	Protein Subunit	\N
1626	Protein Subunit	\N
1627	Protein Subunit	\N
1628	Protein Subunit	\N
1629	Protein Subunit	\N
1630	Protein Subunit	\N
1631	Protein Subunit	\N
1633	Protein Subunit	\N
1635	Protein Subunit	\N
1636	Protein Subunit	\N
1637	Protein Subunit	\N
1638	Protein Subunit	\N
1639	Protein Subunit	\N
1640	Protein Subunit	\N
1642	Protein Subunit	\N
1643	Protein Subunit	\N
1644	Protein Subunit	\N
1645	Protein Subunit	\N
1646	Protein Subunit	\N
1647	Protein Subunit	\N
1648	Protein Subunit	\N
1649	Protein Subunit	\N
1650	Protein Subunit	\N
1651	Protein Subunit	\N
1652	Protein Subunit	\N
1653	Protein Subunit	\N
1654	Protein Subunit	\N
1655	Protein Subunit	\N
1657	Protein Subunit	\N
1659	Protein Subunit	\N
1660	Protein Subunit	\N
1661	Protein Subunit	\N
1662	Protein Subunit	\N
1663	Protein Subunit	\N
1664	Protein Subunit	\N
1665	Protein Subunit	\N
1666	Protein Subunit	\N
1668	Protein Subunit	\N
1671	Protein Subunit	\N
1672	Protein Subunit	\N
1673	Protein Subunit	\N
1674	Protein Subunit	\N
1675	Protein Subunit	\N
1676	Protein Subunit	\N
1677	Protein Subunit	\N
1678	Protein Subunit	\N
1679	Protein Subunit	\N
1680	Protein Subunit	\N
1681	Protein Subunit	\N
1682	Protein Subunit	\N
1683	Protein Subunit	\N
1684	Protein Subunit	\N
1685	Protein Subunit	\N
1686	Protein Subunit	\N
1687	Protein Subunit	\N
1688	Protein Subunit	\N
1689	Protein Subunit	\N
1690	Protein Subunit	\N
1691	Protein Subunit	\N
1695	Protein Subunit	\N
1696	Protein Subunit	\N
1699	Protein Subunit	\N
1700	Protein Subunit	\N
1702	Protein Subunit	\N
1703	Protein Subunit	\N
1704	Protein Subunit	\N
1705	Protein Subunit	\N
1706	Protein Subunit	\N
1707	Protein Subunit	\N
1710	Protein Subunit	\N
1711	Protein Subunit	\N
1712	Protein Subunit	\N
1713	Protein Subunit	\N
1714	Protein Subunit	\N
1715	Protein Subunit	\N
1716	Protein Subunit	\N
1717	Protein Subunit	\N
1719	Protein Subunit	\N
1721	Protein Subunit	\N
1723	Protein Subunit	\N
1725	Protein Subunit	\N
1726	Protein Subunit	\N
1727	Protein Subunit	\N
1728	Protein Subunit	\N
1729	Protein Subunit	\N
1732	Protein Subunit	\N
1733	Protein Subunit	\N
1734	Protein Subunit	\N
1735	Protein Subunit	\N
1736	Protein Subunit	\N
1737	Protein Subunit	\N
1738	Protein Subunit	\N
1739	Protein Subunit	\N
1743	Protein Subunit	\N
1744	Protein Subunit	\N
1745	Protein Subunit	\N
1746	Protein Subunit	\N
1747	Protein Subunit	\N
1748	Protein Subunit	\N
1749	Protein Subunit	\N
1750	Protein Subunit	\N
1751	Protein Subunit	\N
1752	Protein Subunit	\N
1753	Protein Subunit	\N
1754	Protein Subunit	\N
1756	Protein Subunit	\N
1757	Protein Subunit	\N
1758	Protein Subunit	\N
1759	Protein Subunit	\N
1760	Protein Subunit	\N
1762	Protein Subunit	\N
1763	Protein Subunit	\N
1764	Protein Subunit	\N
1765	Protein Subunit	\N
1767	Protein Subunit	\N
1768	Protein Subunit	\N
1769	Protein Subunit	\N
1770	Protein Subunit	\N
1771	Protein Subunit	\N
1772	Protein Subunit	\N
1773	Protein Subunit	\N
1777	Protein Subunit	\N
1778	Protein Subunit	\N
1779	Protein Subunit	\N
1780	Protein Subunit	\N
1781	Protein Subunit	\N
1782	Protein Subunit	\N
1786	Protein Subunit	\N
1787	Protein Subunit	\N
1788	Protein Subunit	\N
1790	Protein Subunit	\N
1791	Protein Subunit	\N
1792	Protein Subunit	\N
1793	Protein Subunit	\N
1794	Protein Subunit	\N
1795	Protein Subunit	\N
1796	Protein Subunit	\N
1797	Protein Subunit	\N
1798	Protein Subunit	\N
1800	Protein Subunit	\N
1801	Protein Subunit	\N
1802	Protein Subunit	\N
1803	Protein Subunit	\N
1804	Protein Subunit	\N
1806	Protein Subunit	\N
1807	Protein Subunit	\N
1809	Protein Subunit	\N
1810	Protein Subunit	\N
1812	Protein Subunit	\N
1814	Protein Subunit	\N
1815	Protein Subunit	\N
1817	Protein Subunit	\N
1818	Protein Subunit	\N
1819	Protein Subunit	\N
1820	Protein Subunit	\N
1821	Protein Subunit	\N
1822	Protein Subunit	\N
1824	Protein Subunit	\N
1827	Protein Subunit	\N
1828	Protein Subunit	\N
1829	Protein Subunit	\N
1832	Protein Subunit	\N
1833	Protein Subunit	\N
1835	Protein Subunit	\N
1837	Protein Subunit	\N
1838	Protein Subunit	\N
1839	Protein Subunit	\N
1840	Protein Subunit	\N
1841	Protein Subunit	\N
1842	Protein Subunit	\N
1843	Protein Subunit	\N
1844	Protein Subunit	\N
1845	Protein Subunit	\N
1846	Protein Subunit	\N
1847	Protein Subunit	\N
1849	Protein Subunit	\N
1850	Protein Subunit	\N
1851	Protein Subunit	\N
1852	Protein Subunit	\N
1853	Protein Subunit	\N
1854	Protein Subunit	\N
1858	Protein Subunit	\N
1859	Protein Subunit	\N
1860	Protein Subunit	\N
1862	Protein Subunit	\N
1863	Protein Subunit	\N
1864	Protein Subunit	\N
1865	Protein Subunit	\N
1867	Protein Subunit	\N
1869	Protein Subunit	\N
1870	Protein Subunit	\N
1871	Protein Subunit	\N
1872	Protein Subunit	\N
1874	Protein Subunit	\N
1875	Protein Subunit	\N
1876	Protein Subunit	\N
1877	Protein Subunit	\N
1878	Protein Subunit	\N
1879	Protein Subunit	\N
1880	Protein Subunit	\N
1882	Protein Subunit	\N
1883	Protein Subunit	\N
1884	Protein Subunit	\N
1886	Protein Subunit	\N
1887	Protein Subunit	\N
1888	Protein Subunit	\N
1889	Protein Subunit	\N
1890	Protein Subunit	\N
1892	Protein Subunit	\N
1893	Protein Subunit	\N
1894	Protein Subunit	\N
1895	Protein Subunit	\N
1896	Protein Subunit	\N
1897	Protein Subunit	\N
1898	Protein Subunit	\N
1899	Protein Subunit	\N
1903	Protein Subunit	\N
1904	Protein Subunit	\N
1906	Protein Subunit	\N
1907	Protein Subunit	\N
1909	Protein Subunit	\N
1910	Protein Subunit	\N
1911	Protein Subunit	\N
1912	Protein Subunit	\N
1927	Compound	Peptide
1929	Compound	H2O
1930	Enzyme	subtilisin
1931	Compound	N-(Carbobenzoxy)-Leu-Leu-Phe-trifluoromethylketone
1937	Compound	Plasminogen
1938	Compound	Plasmin
1939	Enzyme	u-plasminogen activator
1940	Compound	Integrin alphaMbeta2
1944	Compound	(S)-Mandelate
1946	Compound	Riboflavin-5-phosphate
1948	Compound	alpha-Oxo-benzeneacetic acid
1950	Compound	Reduced FMN
1951	Enzyme	(S)-mandelate dehydrogenase
1960	Compound	O2
1962	Compound	H2O2
2138	Protein Comlplex	LSM1-7-PAT1 complex, variant LSM1A-LSM3B-LSM6B-PAT1
2139	Protein Subunit	\N
2147	Protein Comlplex	LSM1-7-PAT1 complex, variant LSM1A-LSM3B-LSM6A-PAT1
2149	Protein Subunit	\N
2156	Protein Comlplex	LSM1-7-PAT1 complex, variant LSM1B-LSM3A-LSM6A-PAT1
2157	Protein Subunit	\N
2165	Protein Comlplex	LSM1-7-PAT1 complex, variant LSM1B-LSM3B-LSM6A-PAT1
2173	Protein Subunit	\N
2174	Protein Comlplex	LSM1-7-PAT1 complex, variant LSM1B-LSM3B-LSM6B-PAT1
2180	Protein Subunit	\N
2183	Protein Comlplex	LSM1-7-PAT1 complex, variant LSM1B-LSM3A-LSM6B-PAT1
2184	Protein Subunit	\N
2192	Protein Comlplex	LSM1-7-PAT1 complex, variant LSM1A-LSM3A-LSM6B-PAT1
2193	Protein Subunit	\N
2201	Protein Comlplex	LSM2-8 complex, variant LSM3A-LSM6B
2209	Protein Comlplex	LSM1-7-PAT1 complex, variant LSM1A-LSM3A-LSM6A-PAT1
2210	Protein Subunit	\N
2218	Protein Comlplex	Evening Complex
2222	Protein Complex	BCL6-HDAC4 complex
2223	Protein Complex	BCL6-HDAC5 complex
2224	Protein Complex	BCL6-HDAC7 complex
2225	Protein Complex	Multisubunit ACTR coactivator complex
2226	Protein Complex	6S-nuclear aryl hydrocarbon (Ah) receptor ligand-activated complex
2227	Protein Complex	Condensin I complex
2228	Protein Complex	BLOC-3 (biogenesis of lysosome-related organelles complex 3)
2229	Protein Complex	BLOC-2 (biogenesis of lysosome-related organelles complex 2)
2230	Protein Complex	MUS81-CDS1 complex
1885	Protein Subunit	RL16_DESVH
2231	Protein Complex	BLOC-2 (biogenesis of lysosome-related organelles complex 2)
2232	Protein Subunit	B-cell lymphoma 6 protein 
2233	Protein Subunit	Histone deacetylase 4
2234	Protein Subunit	B-cell lymphoma 6 protein 
2235	Protein Subunit	Histone deacetylase 5
2236	Protein Subunit	B-cell lymphoma 6 protein 
2237	Protein Subunit	Histone deacetylase 7
2238	Protein Subunit	Histone acetyltransferase p300
2239	Protein Subunit	CREB-binding protein
2240	Protein Subunit	Histone acetyltransferase KAT2B
2241	Protein Subunit	Nuclear receptor coactivator 3
2242	Transcription Factor Subunit	AGL3
2244	Transcription Factor Subunit	RUNX1
2246	Transcription Factor Subunit	TFAP2A
2248	Transcription Factor Subunit	Arnt
2250	Transcription Factor Subunit	AG
2252	Transcription Factor Complex	Ahr::Arnt
2254	Transcription Factor Subunit	Ar
2256	Transcription Factor Subunit	HAT5
2258	Transcription Factor Subunit	T
2260	Transcription Factor Subunit	br
2262	Transcription Factor Subunit	br(var.2)
2265	Compound	2-Ketobutyric acid
2267	Compound	Deoxyuridine
2269	Compound	Deoxycytidine
2271	Compound	a-Ketoisovaleric acid
2273	Compound	3-Hydroxyisobutyric acid
2275	Compound	Ureidopropionic acid
2277	Compound	Biotin
2279	Compound	Adenine
2286	Compound	Butyric acid
2288	Compound	Acetic acid
2291	Compound	Ascorbic acid
2293	Compound	Adenosine monophosphate
2300	Compound	Melibiose
2302	Compound	Adenosine
2306	Compound	Ammonia
2308	Compound	Cellobiose
2310	Compound	beta-Alanine
2313	Compound	Cyclic AMP
2318	Compound	Acetoacetic acid
2321	Compound	Adenosine 3',5'-diphosphate
2323	Compound	Carnitine
2326	Compound	Deoxyinosine
2328	Compound	cis-Aconitic acid
2333	Compound	Dopamine
2335	Compound	Dihydrouracil
2337	Compound	Cysteinylglycine
2339	Compound	Dihydrothymine
2341	Compound	Cytidine triphosphate
1	Protein Subunit	RS6_DESVH
2	Protein Subunit	RS18_DESVH
4	Protein Subunit	ALR_DESVH
5	Protein Subunit	SYY_DESVH
7	Protein Subunit	ILVD_DESVH
8	Protein Subunit	RL9_DESVH
16	Protein Subunit	PYRG_DESVH
21	Protein Subunit	SYL_DESVH
30	Protein Subunit	HLDD_DESVH
41	Protein Subunit	TATA_DESVH
45	Protein Subunit	NUSB_DESVH
46	Protein Subunit	CARA_DESVH
52	Protein Subunit	F16PA_DESVH
60	Protein Subunit	SYI_DESVH
62	Protein Subunit	ARGJ_DESVH
67	Protein Subunit	RL18_DESVH
68	Protein Subunit	RL6_DESVH
69	Protein Subunit	RS8_DESVH
71	Protein Subunit	RL5_DESVH
72	Protein Subunit	RL24_DESVH
73	Protein Subunit	RL14_DESVH
74	Protein Subunit	RS17_DESVH
75	Protein Subunit	RL29_DESVH
88	Protein Subunit	SYFB_DESVH
92	Protein Subunit	IF3_DESVH
93	Protein Subunit	SYFA_DESVH
94	Protein Subunit	RL20_DESVH
95	Protein Subunit	SYT_DESVH
99	Protein Subunit	PURA_DESVH
105	Protein Subunit	PNP_DESVH
106	Protein Subunit	RS15_DESVH
108	Protein Subunit	IF2_DESVH
109	Protein Subunit	SYDND_DESVH
123	Protein Subunit	TGT_DESVH
126	Protein Subunit	PURT_DESVH
130	Protein Subunit	LEU3_DESVH
131	Protein Subunit	LEUD_DESVH
132	Protein Subunit	LEUC_DESVH
141	Protein Subunit	RUBY_DESVH
146	Protein Subunit	QUEF_DESVH
149	Protein Subunit	RECA_DESVH
153	Protein Subunit	RF1_DESVH
154	Protein Subunit	RL31_DESVH
163	Protein Subunit	EFG_DESVH
168	Protein Subunit	HTPG_DESVH
170	Protein Subunit	RS12_DESVH
171	Protein Subunit	RS7_DESVH
178	Protein Subunit	CHEB1_DESVH
180	Protein Subunit	TILS_DESVH
190	Protein Subunit	RS21_DESVH
196	Protein Subunit	SIR_DESVH
201	Protein Subunit	GRPE_DESVH
203	Protein Subunit	FABZ_DESVH
207	Protein Subunit	CY553_DESVH
220	Protein Subunit	RLME_DESVH
226	Protein Subunit	LDH_DESVH
228	Protein Subunit	SAHH_DESVH
229	Protein Subunit	MURG_DESVH
231	Protein Subunit	RIMP_DESVH
232	Protein Subunit	MURA_DESVH
233	Protein Subunit	YIDC_DESVH
237	Protein Subunit	GATA_DESVH
246	Protein Subunit	RL21_DESVH
247	Protein Subunit	DER_DESVH
248	Protein Subunit	OBG_DESVH
249	Protein Subunit	RL27_DESVH
250	Protein Subunit	ATPG_DESVH
251	Protein Subunit	ATPA_DESVH
253	Protein Subunit	ATPB_DESVH
256	Protein Subunit	ATPD_DESVH
257	Protein Subunit	ATPF_DESVH
260	Protein Subunit	SYA_DESVH
266	Protein Subunit	FDNGA_DESVH
269	Protein Subunit	GCH4_DESVH
308	Protein Subunit	ACKA_DESVH
309	Protein Subunit	RS3_DESVH
312	Protein Subunit	RL4_DESVH
313	Protein Subunit	RL23_DESVH
314	Protein Subunit	RL2_DESVH
315	Protein Subunit	RS19_DESVH
317	Protein Subunit	RS10_DESVH
318	Protein Subunit	RL3_DESVH
325	Protein Subunit	DNAK_DESVH
327	Protein Subunit	TNAA_DESVH
344	Protein Subunit	TOLB_DESVH
349	Protein Subunit	Y1981_DESVH
351	Protein Subunit	FOLD_DESVH
352	Protein Subunit	ENO_DESVH
364	Protein Subunit	SYE_DESVH
365	Protein Subunit	SYV_DESVH
370	Protein Subunit	THYX_DESVH
371	Protein Subunit	PHFS_DESVH
372	Protein Subunit	RIBB_DESVH
380	Protein Subunit	TPIS_DESVH
382	Protein Subunit	GUAA_DESVH
389	Protein Subunit	FLAV_DESVH
396	Protein Subunit	SECA_DESVH
397	Protein Subunit	EFTS_DESVH
401	Protein Subunit	PHNS1_DESVH
402	Protein Subunit	RL33_DESVH
403	Protein Subunit	EFTU_DESVH
406	Protein Subunit	RL1_DESVH
407	Protein Subunit	RL11_DESVH
408	Protein Subunit	RL7_DESVH
409	Protein Subunit	RL10_DESVH
410	Protein Subunit	RPOC_DESVH
411	Protein Subunit	RPOB_DESVH
413	Protein Subunit	RNY_DESVH
416	Protein Subunit	AROC_DESVH
422	Protein Subunit	ISPG_DESVH
423	Protein Subunit	SYP_DESVH
426	Protein Subunit	CYC3_DESVH
431	Protein Subunit	HEM1_DESVH
436	Protein Subunit	HSLU_DESVH
442	Protein Subunit	RL15_DESVH
451	Protein Subunit	CHEB2_DESVH
462	Protein Subunit	GATC_DESVH
463	Protein Subunit	BAMA_DESVH
469	Protein Subunit	AMPA_DESVH
476	Protein Subunit	DSVC_DESVH
477	Protein Subunit	RPOA_DESVH
487	Protein Subunit	RL13_DESVH
488	Protein Subunit	RS9_DESVH
498	Protein Subunit	Y527_DESVH
499	Protein Subunit	HIS6_DESVH
500	Protein Subunit	FLIW_DESVH
501	Protein Subunit	ZRAP_DESVH
514	Protein Subunit	SYR_DESVH
519	Protein Subunit	DCRA_DESVH
520	Protein Subunit	DFX_DESVH
524	Protein Subunit	LEPA_DESVH
531	Protein Subunit	RL35_DESVH
540	Protein Subunit	DAPB_DESVH
541	Protein Subunit	DNLJ_DESVH
550	Protein Subunit	GLPK_DESVH
556	Protein Subunit	GCSPA_DESVH
559	Protein Subunit	GCSH_DESVH
563	Protein Subunit	SYC_DESVH
564	Protein Subunit	NIGY_DESVH
573	Protein Subunit	HISX_DESVH
601	Protein Subunit	TIG_DESVH
602	Protein Subunit	LON_DESVH
604	Protein Subunit	MTNA_DESVH
613	Protein Subunit	SURE_DESVH
628	Protein Subunit	ACP_DESVH
630	Protein Subunit	FABH_DESVH
632	Protein Subunit	ADEC_DESVH
633	Protein Subunit	GLYA_DESVH
639	Protein Subunit	SYS_DESVH
647	Protein Subunit	RL22_DESVH
653	Protein Subunit	GLGA_DESVH
658	Protein Subunit	GATB_DESVH
665	Protein Subunit	NADK_DESVH
666	Protein Subunit	XGPT_DESVH
667	Protein Subunit	CH10_DESVH
676	Protein Subunit	QRCB_DESVH
678	Protein Subunit	QRCC_DESVH
685	Protein Subunit	GPMA_DESVH
700	Protein Subunit	NDK_DESVH
702	Protein Subunit	ILVC_DESVH
711	Protein Subunit	DAPA_DESVH
713	Protein Subunit	GSA_DESVH
714	Protein Subunit	HSLV_DESVH
736	Protein Subunit	Y3308_DESVH
737	Protein Subunit	RL19_DESVH
738	Protein Subunit	PDXJ_DESVH
741	Protein Subunit	RS16_DESVH
742	Protein Subunit	PHNC_DESVH
745	Protein Subunit	KAD_DESVH
752	Protein Subunit	DSVD_DESVH
753	Protein Subunit	PTA_DESVH
762	Protein Subunit	MURD_DESVH
764	Protein Subunit	GLMU_DESVH
766	Protein Subunit	RS4_DESVH
768	Protein Subunit	PGK_DESVH
774	Protein Subunit	PANC_DESVH
775	Protein Subunit	METK_DESVH
784	Protein Subunit	ARLY_DESVH
785	Protein Subunit	ASSY_DESVH
786	Protein Subunit	OTC_DESVH
799	Protein Subunit	AZOR_DESVH
805	Protein Subunit	KGUA_DESVH
810	Protein Subunit	PROA_DESVH
818	Protein Subunit	GPMI_DESVH
819	Protein Subunit	CBIKP_DESVH
820	Protein Subunit	PSD_DESVH
827	Protein Subunit	UPP_DESVH
828	Protein Subunit	RL17_DESVH
829	Protein Subunit	HIS8_DESVH
833	Protein Subunit	EFP_DESVH
843	Protein Subunit	CLPX_DESVH
849	Protein Subunit	SYN_DESVH
852	Protein Subunit	RLMN_DESVH
855	Protein Subunit	PYRB_DESVH
857	Protein Subunit	RS2_DESVH
860	Protein Subunit	PYRH_DESVH
867	Protein Subunit	CLPB_DESVH
869	Protein Subunit	RS13_DESVH
870	Protein Subunit	RS11_DESVH
874	Protein Subunit	RS5_DESVH
875	Protein Subunit	RL30_DESVH
878	Protein Subunit	GLMM_DESVH
880	Protein Subunit	IXTPA_DESVH
892	Protein Subunit	RRF_DESVH
899	Protein Subunit	SYGA_DESVH
900	Protein Subunit	RL25_DESVH
901	Protein Subunit	ARGB_DESVH
905	Protein Subunit	HCP_DESVH
910	Protein Subunit	RISB_DESVH
912	Protein Subunit	RL28_DESVH
917	Protein Subunit	MSRB_DESVH
925	Protein Subunit	COBT_DESVH
929	Protein Subunit	RL16_DESVH
935	Protein Subunit	DAPAT_DESVH
944	Protein Subunit	RS20_DESVH
945	Protein Subunit	SYGB_DESVH
946	Protein Subunit	HEM3_DESVH
949	Protein Subunit	GREA_DESVH
952	Protein Subunit	RPOZ_DESVH
957	Protein Subunit	RS6_DESVH
958	Protein Subunit	RS18_DESVH
960	Protein Subunit	ALR_DESVH
961	Protein Subunit	SYY_DESVH
963	Protein Subunit	ILVD_DESVH
964	Protein Subunit	RL9_DESVH
972	Protein Subunit	PYRG_DESVH
977	Protein Subunit	SYL_DESVH
986	Protein Subunit	HLDD_DESVH
997	Protein Subunit	TATA_DESVH
1001	Protein Subunit	NUSB_DESVH
1002	Protein Subunit	CARA_DESVH
1008	Protein Subunit	F16PA_DESVH
1016	Protein Subunit	SYI_DESVH
1018	Protein Subunit	ARGJ_DESVH
1023	Protein Subunit	RL18_DESVH
1024	Protein Subunit	RL6_DESVH
1025	Protein Subunit	RS8_DESVH
1027	Protein Subunit	RL5_DESVH
1028	Protein Subunit	RL24_DESVH
1029	Protein Subunit	RL14_DESVH
1030	Protein Subunit	RS17_DESVH
1031	Protein Subunit	RL29_DESVH
1044	Protein Subunit	SYFB_DESVH
1048	Protein Subunit	IF3_DESVH
1049	Protein Subunit	SYFA_DESVH
1050	Protein Subunit	RL20_DESVH
1051	Protein Subunit	SYT_DESVH
1055	Protein Subunit	PURA_DESVH
1061	Protein Subunit	PNP_DESVH
1062	Protein Subunit	RS15_DESVH
1064	Protein Subunit	IF2_DESVH
1065	Protein Subunit	SYDND_DESVH
1079	Protein Subunit	TGT_DESVH
1082	Protein Subunit	PURT_DESVH
1086	Protein Subunit	LEU3_DESVH
1087	Protein Subunit	LEUD_DESVH
1088	Protein Subunit	LEUC_DESVH
1097	Protein Subunit	RUBY_DESVH
1102	Protein Subunit	QUEF_DESVH
1105	Protein Subunit	RECA_DESVH
1109	Protein Subunit	RF1_DESVH
1110	Protein Subunit	RL31_DESVH
1119	Protein Subunit	EFG_DESVH
1124	Protein Subunit	HTPG_DESVH
1126	Protein Subunit	RS12_DESVH
1127	Protein Subunit	RS7_DESVH
1134	Protein Subunit	CHEB1_DESVH
1136	Protein Subunit	TILS_DESVH
1146	Protein Subunit	RS21_DESVH
1152	Protein Subunit	SIR_DESVH
1157	Protein Subunit	GRPE_DESVH
1159	Protein Subunit	FABZ_DESVH
1163	Protein Subunit	CY553_DESVH
1176	Protein Subunit	RLME_DESVH
1182	Protein Subunit	LDH_DESVH
1184	Protein Subunit	SAHH_DESVH
1185	Protein Subunit	MURG_DESVH
1187	Protein Subunit	RIMP_DESVH
1188	Protein Subunit	MURA_DESVH
1189	Protein Subunit	YIDC_DESVH
1193	Protein Subunit	GATA_DESVH
1202	Protein Subunit	RL21_DESVH
1203	Protein Subunit	DER_DESVH
1204	Protein Subunit	OBG_DESVH
1205	Protein Subunit	RL27_DESVH
1206	Protein Subunit	ATPG_DESVH
1207	Protein Subunit	ATPA_DESVH
1209	Protein Subunit	ATPB_DESVH
1212	Protein Subunit	ATPD_DESVH
1213	Protein Subunit	ATPF_DESVH
1216	Protein Subunit	SYA_DESVH
1222	Protein Subunit	FDNGA_DESVH
1225	Protein Subunit	GCH4_DESVH
1264	Protein Subunit	ACKA_DESVH
1265	Protein Subunit	RS3_DESVH
1268	Protein Subunit	RL4_DESVH
1269	Protein Subunit	RL23_DESVH
1270	Protein Subunit	RL2_DESVH
1271	Protein Subunit	RS19_DESVH
1273	Protein Subunit	RS10_DESVH
1274	Protein Subunit	RL3_DESVH
1281	Protein Subunit	DNAK_DESVH
1283	Protein Subunit	TNAA_DESVH
1300	Protein Subunit	TOLB_DESVH
1305	Protein Subunit	Y1981_DESVH
1307	Protein Subunit	FOLD_DESVH
1308	Protein Subunit	ENO_DESVH
1320	Protein Subunit	SYE_DESVH
1321	Protein Subunit	SYV_DESVH
1326	Protein Subunit	THYX_DESVH
1327	Protein Subunit	PHFS_DESVH
1328	Protein Subunit	RIBB_DESVH
1336	Protein Subunit	TPIS_DESVH
1338	Protein Subunit	GUAA_DESVH
1345	Protein Subunit	FLAV_DESVH
1352	Protein Subunit	SECA_DESVH
1353	Protein Subunit	EFTS_DESVH
1357	Protein Subunit	PHNS1_DESVH
1358	Protein Subunit	RL33_DESVH
1359	Protein Subunit	EFTU_DESVH
1362	Protein Subunit	RL1_DESVH
1363	Protein Subunit	RL11_DESVH
1364	Protein Subunit	RL7_DESVH
1365	Protein Subunit	RL10_DESVH
1366	Protein Subunit	RPOC_DESVH
1367	Protein Subunit	RPOB_DESVH
1369	Protein Subunit	RNY_DESVH
1372	Protein Subunit	AROC_DESVH
1378	Protein Subunit	ISPG_DESVH
1379	Protein Subunit	SYP_DESVH
1382	Protein Subunit	CYC3_DESVH
1387	Protein Subunit	HEM1_DESVH
1392	Protein Subunit	HSLU_DESVH
1398	Protein Subunit	RL15_DESVH
1407	Protein Subunit	CHEB2_DESVH
1418	Protein Subunit	GATC_DESVH
1419	Protein Subunit	BAMA_DESVH
1425	Protein Subunit	AMPA_DESVH
1432	Protein Subunit	DSVC_DESVH
1433	Protein Subunit	RPOA_DESVH
1443	Protein Subunit	RL13_DESVH
1444	Protein Subunit	RS9_DESVH
1454	Protein Subunit	Y527_DESVH
1455	Protein Subunit	HIS6_DESVH
1456	Protein Subunit	FLIW_DESVH
1457	Protein Subunit	ZRAP_DESVH
1470	Protein Subunit	SYR_DESVH
1475	Protein Subunit	DCRA_DESVH
1476	Protein Subunit	DFX_DESVH
1480	Protein Subunit	LEPA_DESVH
1487	Protein Subunit	RL35_DESVH
1496	Protein Subunit	DAPB_DESVH
1497	Protein Subunit	DNLJ_DESVH
1506	Protein Subunit	GLPK_DESVH
1512	Protein Subunit	GCSPA_DESVH
1515	Protein Subunit	GCSH_DESVH
1519	Protein Subunit	SYC_DESVH
1520	Protein Subunit	NIGY_DESVH
1529	Protein Subunit	HISX_DESVH
1557	Protein Subunit	TIG_DESVH
1558	Protein Subunit	LON_DESVH
1560	Protein Subunit	MTNA_DESVH
1569	Protein Subunit	SURE_DESVH
1584	Protein Subunit	ACP_DESVH
1586	Protein Subunit	FABH_DESVH
1588	Protein Subunit	ADEC_DESVH
1589	Protein Subunit	GLYA_DESVH
1595	Protein Subunit	SYS_DESVH
1603	Protein Subunit	RL22_DESVH
1609	Protein Subunit	GLGA_DESVH
1614	Protein Subunit	GATB_DESVH
1621	Protein Subunit	NADK_DESVH
1622	Protein Subunit	XGPT_DESVH
1623	Protein Subunit	CH10_DESVH
1632	Protein Subunit	QRCB_DESVH
1634	Protein Subunit	QRCC_DESVH
1641	Protein Subunit	GPMA_DESVH
1656	Protein Subunit	NDK_DESVH
1658	Protein Subunit	ILVC_DESVH
1667	Protein Subunit	DAPA_DESVH
1669	Protein Subunit	GSA_DESVH
1670	Protein Subunit	HSLV_DESVH
1692	Protein Subunit	Y3308_DESVH
1693	Protein Subunit	RL19_DESVH
1694	Protein Subunit	PDXJ_DESVH
1697	Protein Subunit	RS16_DESVH
1698	Protein Subunit	PHNC_DESVH
1701	Protein Subunit	KAD_DESVH
1708	Protein Subunit	DSVD_DESVH
1709	Protein Subunit	PTA_DESVH
1718	Protein Subunit	MURD_DESVH
1720	Protein Subunit	GLMU_DESVH
1722	Protein Subunit	RS4_DESVH
1724	Protein Subunit	PGK_DESVH
1730	Protein Subunit	PANC_DESVH
1731	Protein Subunit	METK_DESVH
1740	Protein Subunit	ARLY_DESVH
1741	Protein Subunit	ASSY_DESVH
1742	Protein Subunit	OTC_DESVH
1755	Protein Subunit	AZOR_DESVH
1761	Protein Subunit	KGUA_DESVH
1766	Protein Subunit	PROA_DESVH
1774	Protein Subunit	GPMI_DESVH
1775	Protein Subunit	CBIKP_DESVH
1776	Protein Subunit	PSD_DESVH
1783	Protein Subunit	UPP_DESVH
1784	Protein Subunit	RL17_DESVH
1785	Protein Subunit	HIS8_DESVH
1789	Protein Subunit	EFP_DESVH
1799	Protein Subunit	CLPX_DESVH
1805	Protein Subunit	SYN_DESVH
1808	Protein Subunit	RLMN_DESVH
1811	Protein Subunit	PYRB_DESVH
1813	Protein Subunit	RS2_DESVH
1816	Protein Subunit	PYRH_DESVH
1823	Protein Subunit	CLPB_DESVH
1825	Protein Subunit	RS13_DESVH
1826	Protein Subunit	RS11_DESVH
1830	Protein Subunit	RS5_DESVH
1831	Protein Subunit	RL30_DESVH
1834	Protein Subunit	GLMM_DESVH
1836	Protein Subunit	IXTPA_DESVH
1848	Protein Subunit	RRF_DESVH
1855	Protein Subunit	SYGA_DESVH
1856	Protein Subunit	RL25_DESVH
1857	Protein Subunit	ARGB_DESVH
1861	Protein Subunit	HCP_DESVH
1866	Protein Subunit	RISB_DESVH
1868	Protein Subunit	RL28_DESVH
1873	Protein Subunit	MSRB_DESVH
1881	Protein Subunit	COBT_DESVH
1891	Protein Subunit	DAPAT_DESVH
1900	Protein Subunit	RS20_DESVH
1901	Protein Subunit	SYGB_DESVH
1902	Protein Subunit	HEM3_DESVH
1905	Protein Subunit	GREA_DESVH
1908	Protein Subunit	RPOZ_DESVH
1915	\N	SYNJ1_HUMAN
1916	\N	AMPH_HUMAN
2140	Protein Subunit	LSM6B_ARATH
2141	Protein Subunit	LSM3B_ARATH
2142	Protein Subunit	LSM4_ARATH
2143	Protein Subunit	LSM7_ARATH
2144	Protein Subunit	LSM5_ARATH
2145	Protein Subunit	LSM2_ARATH
2146	Protein Subunit	LSM1A_ARATH
2148	Protein Subunit	LSM3B_ARATH
2150	Protein Subunit	LSM4_ARATH
2151	Protein Subunit	LSM7_ARATH
2152	Protein Subunit	LSM5_ARATH
2153	Protein Subunit	LSM6A_ARATH
2154	Protein Subunit	LSM2_ARATH
2155	Protein Subunit	LSM1A_ARATH
2158	Protein Subunit	LSM1B_ARATH
2159	Protein Subunit	LSM4_ARATH
2160	Protein Subunit	LSM7_ARATH
2161	Protein Subunit	LSM5_ARATH
2162	Protein Subunit	LSM6A_ARATH
2163	Protein Subunit	LSM3A_ARATH
2164	Protein Subunit	LSM2_ARATH
2166	Protein Subunit	LSM4_ARATH
2167	Protein Subunit	LSM7_ARATH
2168	Protein Subunit	LSM5_ARATH
2169	Protein Subunit	LSM6A_ARATH
2170	Protein Subunit	LSM2_ARATH
2171	Protein Subunit	LSM3B_ARATH
2172	Protein Subunit	LSM1B_ARATH
2175	Protein Subunit	LSM4_ARATH
2176	Protein Subunit	LSM7_ARATH
2177	Protein Subunit	LSM5_ARATH
2178	Protein Subunit	LSM2_ARATH
2179	Protein Subunit	LSM3B_ARATH
2181	Protein Subunit	LSM6B_ARATH
2182	Protein Subunit	LSM1B_ARATH
2185	Protein Subunit	LSM4_ARATH
2186	Protein Subunit	LSM7_ARATH
2187	Protein Subunit	LSM5_ARATH
2188	Protein Subunit	LSM3A_ARATH
2189	Protein Subunit	LSM2_ARATH
2190	Protein Subunit	LSM1B_ARATH
2191	Protein Subunit	LSM6B_ARATH
2194	Protein Subunit	LSM6B_ARATH
2195	Protein Subunit	LSM4_ARATH
2196	Protein Subunit	LSM7_ARATH
2197	Protein Subunit	LSM5_ARATH
2198	Protein Subunit	LSM3A_ARATH
2199	Protein Subunit	LSM2_ARATH
2200	Protein Subunit	LSM1A_ARATH
2202	Protein Subunit	LSM7_ARATH
2203	Protein Subunit	LSM3A_ARATH
2204	Protein Subunit	LSM8_ARATH
2205	Protein Subunit	LSM5_ARATH
2206	Protein Subunit	LSM4_ARATH
2207	Protein Subunit	LSM2_ARATH
2208	Protein Subunit	LSM6B_ARATH
2211	Protein Subunit	LSM4_ARATH
2212	Protein Subunit	LSM7_ARATH
2213	Protein Subunit	LSM5_ARATH
2214	Protein Subunit	LSM6A_ARATH
2215	Protein Subunit	LSM3A_ARATH
2216	Protein Subunit	LSM2_ARATH
2217	Protein Subunit	LSM1A_ARATH
2219	Protein Subunit	PCL1_ARATH
2220	Protein Subunit	ELF3_ARATH
2221	Protein Subunit	ELF4_ARATH
\.


--
-- Data for Name: physical_property; Type: TABLE DATA; Schema: public; Owner: pochis01
--

COPY public.physical_property (observation_id, type, name) FROM stdin;
957	Protein Abundance Dataset	882/882-Desulfo_Form_Exp_SC_zhang_2006.txt
1914	Protein Abundance Dataset	882/882-Desulfo_Form_Stat_SC_zhang_2006.txt
1917	protein protein interaction	O43426 + P49418
1918	protein protein interaction	vrparrvlw + P49418
1919	protein protein interaction	hrpvrraap + P49418
1920	protein protein interaction	vrptraada + P49418
1921	protein protein interaction	P49418 + xrprrghal
1922	protein protein interaction	hrptrskla + P49418
1923	protein protein interaction	P49418 + krpprdgtl
1924	protein protein interaction	qrplrrprm + P49418
1925	protein protein interaction	P49418 + tpkrppril
1926	Structure	Peptide
1928	Structure	H2O
1932	Kinetic Law	\N
1933	Kinetic Law	\N
1934	Kinetic Law	\N
1935	Kinetic Law	\N
1936	Kinetic Law	\N
1941	Kinetic Law	\N
1942	Kinetic Law	\N
1943	Structure	(S)-Mandelate
1945	Structure	Riboflavin-5-phosphate
1947	Structure	alpha-Oxo-benzeneacetic acid
1949	Structure	Reduced FMN
1952	Kinetic Law	\N
1953	Kinetic Law	\N
1954	Kinetic Law	\N
1955	Kinetic Law	\N
1956	Kinetic Law	\N
1957	Kinetic Law	\N
1958	Kinetic Law	\N
1959	Structure	O2
1961	Structure	H2O2
1963	Kinetic Law	\N
1964	Kinetic Law	\N
1965	Kinetic Law	\N
1966	Kinetic Law	\N
1967	Array Express Sample	E-MTAB-6454_S3:6_ADULT_F
1968	Array Express Sample	E-MTAB-6454_S3:11_SD_P_M
1969	Array Express Sample	E-MTAB-6454_S3:11_SD_P_F
1970	Array Express Sample	E-MTAB-6454_S3:6_ADULT_M
1971	Array Express Sample	E-MTAB-6454_S3:11_SD_V_M
1972	Array Express Sample	E-MTAB-6454_S3:2_SD_P_F
1973	Array Express Sample	E-MTAB-6454_S3:11_SD_V_F
1974	Array Express Sample	E-MTAB-6454_S3:2_SD_P_M
1975	Array Express Sample	E-MTAB-6454_S3:2_LD_V_F
1976	Array Express Sample	E-MTAB-6454_S3:10_SD_V_F
1977	Array Express Sample	E-MTAB-6454_S3:11_LD_V_M
1978	Array Express Sample	E-MTAB-6454_S3:2_SD_V_F
1979	Array Express Sample	E-MTAB-6454_S3:10_SD_V_M
1980	Array Express Sample	E-MTAB-6454_S3:2_LD_V_M
1981	Array Express Sample	E-MTAB-6454_S3:2_SD_V_M
1982	Array Express Sample	E-MTAB-6454_S3:11_LD_V_F
1983	Array Express Sample	E-MTAB-6454_S3:10_SD_P_F
1984	Array Express Sample	E-MTAB-6454_S3:10_SD_P_M
1985	Array Express Sample	E-MTAB-6454_S3:10_SD_III
1986	Array Express Sample	E-MTAB-6454_S3:10_LD_V_F
1987	Array Express Sample	E-MTAB-6454_S3:11_LD_III
1988	Array Express Sample	E-MTAB-6454_S3:10_LD_V_M
1989	Array Express Sample	E-MTAB-6454_S3:6_2_ADULT_M
1990	Array Express Sample	E-MTAB-6454_S3:11_SD_III
1991	Array Express Sample	E-MTAB-6454_S3:2_SD_III
1992	Array Express Sample	E-MTAB-6454_S3:10_LD_P_F
1993	Array Express Sample	E-MTAB-6454_S3:11_LD_P_F
1994	Array Express Sample	E-MTAB-6454_S3:10_LD_III
1995	Array Express Sample	E-MTAB-6454_S3:10_LD_P_M
1996	Array Express Sample	E-MTAB-6454_S3:11_LD_P_M
1997	Array Express Sample	E-MTAB-6454_S3:2_LD_P_M
1998	Array Express Sample	E-MTAB-6454_S3:2_LD_P_F
1999	Array Express Sample	E-MTAB-6454_S3:10_ADULT_F
2000	Array Express Sample	E-MTAB-6454_S3:2_ADULT_F
2001	Array Express Sample	E-MTAB-6454_S3:2_LD_III
2002	Array Express Sample	E-MTAB-6454_S3:2_ADULT_M
2003	Array Express Sample	E-MTAB-6403_Sample 6
2004	\N	\N
2005	Array Express Sample	E-MTAB-6403_Sample 4
2006	Array Express Sample	E-MTAB-6403_Sample 5
2007	Array Express Sample	E-MTAB-6403_Sample 2
2008	Array Express Sample	E-MTAB-6403_Sample 3
2009	Array Express Sample	E-MTAB-6403_Sample 1
2010	Array Express Sample	E-MTAB-6272_Sample 61
2011	\N	\N
2012	Array Express Sample	E-MTAB-6272_Sample 25
2013	Array Express Sample	E-MTAB-6272_Sample 44
2014	Array Express Sample	E-MTAB-6272_Sample 48
2015	Array Express Sample	E-MTAB-6272_Sample 29
2016	Array Express Sample	E-MTAB-6272_Sample 28
2017	Array Express Sample	E-MTAB-6272_Sample 24
2018	Array Express Sample	E-MTAB-6272_Sample 18
2019	Array Express Sample	E-MTAB-6272_Sample 19
2020	Array Express Sample	E-MTAB-6272_Sample 14
2021	Array Express Sample	E-MTAB-6272_Sample 15
2022	Array Express Sample	E-MTAB-6272_Sample 16
2023	Array Express Sample	E-MTAB-6272_Sample 17
2024	Array Express Sample	E-MTAB-6272_Sample 10
2025	Array Express Sample	E-MTAB-6272_Sample 11
2026	Array Express Sample	E-MTAB-6272_Sample 12
2027	Array Express Sample	E-MTAB-6272_Sample 13
2028	Array Express Sample	E-MTAB-6272_Sample 50
2029	Array Express Sample	E-MTAB-6272_Sample 51
2030	Array Express Sample	E-MTAB-6272_Sample 78
2031	Array Express Sample	E-MTAB-6272_Sample 53
2032	Array Express Sample	E-MTAB-6272_Sample 54
2033	Array Express Sample	E-MTAB-6272_Sample 33
2034	Array Express Sample	E-MTAB-6272_Sample 56
2035	Array Express Sample	E-MTAB-6272_Sample 57
2036	Array Express Sample	E-MTAB-6272_Sample 72
2037	Array Express Sample	E-MTAB-6272_Sample 73
2038	Array Express Sample	E-MTAB-6272_Sample 70
2039	Array Express Sample	E-MTAB-6272_Sample 71
2040	Array Express Sample	E-MTAB-6272_Sample 76
2041	Array Express Sample	E-MTAB-6272_Sample 77
2042	Array Express Sample	E-MTAB-6272_Sample 38
2043	Array Express Sample	E-MTAB-6272_Sample 39
2044	Array Express Sample	E-MTAB-6272_Sample 49
2045	Array Express Sample	E-MTAB-6272_Sample 26
2046	Array Express Sample	E-MTAB-6272_Sample 43
2047	Array Express Sample	E-MTAB-6272_Sample 42
2048	Array Express Sample	E-MTAB-6272_Sample 31
2049	Array Express Sample	E-MTAB-6272_Sample 36
2050	Array Express Sample	E-MTAB-6272_Sample 37
2051	Array Express Sample	E-MTAB-6272_Sample 8
2052	Array Express Sample	E-MTAB-6272_Sample 74
2053	Array Express Sample	E-MTAB-6272_Sample 40
2054	Array Express Sample	E-MTAB-6272_Sample 9
2055	Array Express Sample	E-MTAB-6272_Sample 75
2056	Array Express Sample	E-MTAB-6272_Sample 52
2057	Array Express Sample	E-MTAB-6272_Sample 3
2058	Array Express Sample	E-MTAB-6272_Sample 35
2059	Array Express Sample	E-MTAB-6272_Sample 34
2060	Array Express Sample	E-MTAB-6272_Sample 55
2061	Array Express Sample	E-MTAB-6272_Sample 69
2062	Array Express Sample	E-MTAB-6272_Sample 68
2063	Array Express Sample	E-MTAB-6272_Sample 27
2064	Array Express Sample	E-MTAB-6272_Sample 32
2065	Array Express Sample	E-MTAB-6272_Sample 21
2066	Array Express Sample	E-MTAB-6272_Sample 30
2067	Array Express Sample	E-MTAB-6272_Sample 23
2068	Array Express Sample	E-MTAB-6272_Sample 22
2069	Array Express Sample	E-MTAB-6272_Sample 47
2070	Array Express Sample	E-MTAB-6272_Sample 60
2071	Array Express Sample	E-MTAB-6272_Sample 63
2072	Array Express Sample	E-MTAB-6272_Sample 62
2073	Array Express Sample	E-MTAB-6272_Sample 65
2074	Array Express Sample	E-MTAB-6272_Sample 64
2075	Array Express Sample	E-MTAB-6272_Sample 67
2076	Array Express Sample	E-MTAB-6272_Sample 66
2077	Array Express Sample	E-MTAB-6272_Sample 20
2078	Array Express Sample	E-MTAB-6272_Sample 58
2079	Array Express Sample	E-MTAB-6272_Sample 46
2080	Array Express Sample	E-MTAB-6272_Sample 41
2081	Array Express Sample	E-MTAB-6272_Sample 59
2082	Array Express Sample	E-MTAB-6272_Sample 6
2083	Array Express Sample	E-MTAB-6272_Sample 7
2084	Array Express Sample	E-MTAB-6272_Sample 4
2085	Array Express Sample	E-MTAB-6272_Sample 5
2086	Array Express Sample	E-MTAB-6272_Sample 2
2087	Array Express Sample	E-MTAB-6272_Sample 45
2088	Array Express Sample	E-MTAB-6272_Sample 1
2089	Array Express Sample	E-MTAB-6226_6uORF_mutant.no3AT.rep1
2090	Array Express Sample	E-MTAB-6226_6uORF_mutant.no3AT.rep2
2091	Array Express Sample	E-MTAB-6226_nmt1-fil1.no_thiamine.rep2
2092	Array Express Sample	E-MTAB-6226_nmt1-fil1.no_thiamine.rep1
2093	Array Express Sample	E-MTAB-6226_wildtype.3AT.rep2
2094	Array Express Sample	E-MTAB-6226_nmt1-fil1.thiamine.rep1
2095	Array Express Sample	E-MTAB-6226_nmt1-fil1.thiamine.rep2
2096	Array Express Sample	E-MTAB-6226_wildtype.3AT.rep1
2097	Array Express Sample	E-MTAB-6226_6uORF_mutant.3AT.rep2
2098	Array Express Sample	E-MTAB-6226_6uORF_mutant.3AT.rep1
2099	Array Express Sample	E-MTAB-6226_wildtype.no3AT.rep1
2100	Array Express Sample	E-MTAB-6226_wildtype.no3AT.rep2
2101	Array Express Sample	E-MTAB-5810_gcn2.noAT.mrna.3
2102	Array Express Sample	E-MTAB-5810_gcn2.noAT.mrna.4
2103	Array Express Sample	E-MTAB-5810_wt.noAT.noCHX.ribo.11
2104	Array Express Sample	E-MTAB-5810_wt.noAT.ribo.4
2105	Array Express Sample	E-MTAB-5810_wt.AT.mrna.3
2106	Array Express Sample	E-MTAB-5810_wt.noAT.ribo.3
2107	Array Express Sample	E-MTAB-5810_wt.noAT.ribo.2
2108	Array Express Sample	E-MTAB-5810_wt.AT.mrna.4
2109	Array Express Sample	E-MTAB-5810_gcn2.AT.ribo.3
2110	Array Express Sample	E-MTAB-5810_wt.noAT.CHX.mrna.11
2111	Array Express Sample	E-MTAB-5810_wt.noAT.CHX.mrna.13
2112	Array Express Sample	E-MTAB-5810_wt.noAT.mrna.3
2113	Array Express Sample	E-MTAB-5810_wt.AT.ribo.3
2114	Array Express Sample	E-MTAB-5810_wt.AT.ribo.4
2115	Array Express Sample	E-MTAB-5810_wt.noAT.mrna.4
2116	Array Express Sample	E-MTAB-5810_wt.noAT.noCHX.ribo.13
2117	Array Express Sample	E-MTAB-5810_wt.AT.noCHX.mrna.13
2118	Array Express Sample	E-MTAB-5810_gcn2.AT.mrna.3
2119	Array Express Sample	E-MTAB-5810_wt.AT.noCHX.mrna.11
2120	Array Express Sample	E-MTAB-5810_gcn2.AT.mrna.4
2121	Array Express Sample	E-MTAB-5810_wt.noAT.noCHX.mrna.11
2122	Array Express Sample	E-MTAB-5810_wt.noAT.noCHX.mrna.13
2123	Array Express Sample	E-MTAB-5810_gcn2.noAT.ribo.3
2124	Array Express Sample	E-MTAB-5810_gcn2.noAT.ribo.4
2125	Array Express Sample	E-MTAB-5810_wt.AT.CHX.mrna.13
2126	Array Express Sample	E-MTAB-5810_wt.AT.ribo.2-1
2127	Array Express Sample	E-MTAB-5810_wt.AT.CHX.mrna.11
2128	Array Express Sample	E-MTAB-5810_wt.AT.CHX.ribo.13
2129	Array Express Sample	E-MTAB-5810_wt.AT.CHX.ribo.11
2130	Array Express Sample	E-MTAB-5810_gcn2.AT.ribo.4
2131	Array Express Sample	E-MTAB-5810_wt.AT.ribo.2-2
2132	Array Express Sample	E-MTAB-5810_wt.noAT.mrna.2B
2133	Array Express Sample	E-MTAB-5810_wt.AT.mrna.2B
2134	Array Express Sample	E-MTAB-5810_wt.noAT.CHX.ribo.11
2135	Array Express Sample	E-MTAB-5810_wt.noAT.CHX.ribo.13
2136	Array Express Sample	E-MTAB-5810_wt.AT.noCHX.ribo.13
2137	Array Express Sample	E-MTAB-5810_wt.AT.noCHX.ribo.11
2243	DNA Binding Dataset	AGL3
2245	DNA Binding Dataset	RUNX1
2247	DNA Binding Dataset	TFAP2A
2249	DNA Binding Dataset	Arnt
2251	DNA Binding Dataset	AG
2253	DNA Binding Dataset	Ahr::Arnt
2255	DNA Binding Dataset	Ar
2257	DNA Binding Dataset	HAT5
2259	DNA Binding Dataset	T
2261	DNA Binding Dataset	br
2263	DNA Binding Dataset	br(var.2)
2264	Structure	2-Ketobutyric acid
2266	Structure	Deoxyuridine
2268	Structure	Deoxycytidine
2270	Structure	a-Ketoisovaleric acid
2272	Structure	3-Hydroxyisobutyric acid
2274	Structure	Ureidopropionic acid
2276	Structure	Biotin
2278	Structure	Adenine
2280	Concentration	Adenine Concentration 0
2281	Concentration	Adenine Concentration 1
2282	Concentration	Adenine Concentration 2
2283	Concentration	Adenine Concentration 3
2284	Concentration	Adenine Concentration 4
2285	Structure	Butyric acid
2287	Structure	Acetic acid
2289	Concentration	Acetic acid Concentration 0
2290	Structure	Ascorbic acid
2292	Structure	Adenosine monophosphate
2294	Concentration	Adenosine monophosphate Concentration 0
2295	Concentration	Adenosine monophosphate Concentration 1
2296	Concentration	Adenosine monophosphate Concentration 2
2297	Concentration	Adenosine monophosphate Concentration 3
2298	Concentration	Adenosine monophosphate Concentration 4
2299	Structure	Melibiose
2301	Structure	Adenosine
2303	Concentration	Adenosine Concentration 0
2304	Concentration	Adenosine Concentration 1
2305	Structure	Ammonia
2307	Structure	Cellobiose
2309	Structure	beta-Alanine
2311	Concentration	beta-Alanine Concentration 0
2312	Structure	Cyclic AMP
2314	Concentration	Cyclic AMP Concentration 0
2315	Concentration	Cyclic AMP Concentration 1
2316	Concentration	Cyclic AMP Concentration 2
2317	Structure	Acetoacetic acid
2319	Concentration	Acetoacetic acid Concentration 0
2320	Structure	Adenosine 3',5'-diphosphate
2322	Structure	Carnitine
2324	Concentration	Carnitine Concentration 0
2325	Structure	Deoxyinosine
2327	Structure	cis-Aconitic acid
2329	Concentration	cis-Aconitic acid Concentration 0
2330	Concentration	cis-Aconitic acid Concentration 1
2331	Concentration	cis-Aconitic acid Concentration 2
2332	Structure	Dopamine
2334	Structure	Dihydrouracil
2336	Structure	Cysteinylglycine
2338	Structure	Dihydrothymine
2340	Structure	Cytidine triphosphate
2342	Concentration	Cytidine triphosphate Concentration 0
2343	Concentration	Cytidine triphosphate Concentration 1
2344	Concentration	Cytidine triphosphate Concentration 2
2345	Concentration	Cytidine triphosphate Concentration 3
\.


--
-- Data for Name: progress; Type: TABLE DATA; Schema: public; Owner: pochis01
--

COPY public.progress (database_name, amount_loaded) FROM stdin;
Pax	3
IntAct	10
Sabio	101
Array Express	6
\.


--
-- Data for Name: protein_complex; Type: TABLE DATA; Schema: public; Owner: pochis01
--

COPY public.protein_complex (complex_id, complex_name, go_id, go_dsc, funcat_id, funcat_dsc, su_cmt, complex_cmt, disease_cmt, class_name, family_name, molecular_weight) FROM stdin;
1930	subtilisin	\N	\N	\N	Enzyme	\N	\N	\N	\N	\N	\N
1939	u-plasminogen activator	\N	\N	\N	Enzyme	\N	\N	\N	\N	\N	48506.942700000036
1951	(S)-mandelate dehydrogenase	\N	\N	\N	Enzyme	\N	\N	\N	\N	\N	173745.742400000163
2138	LSM1-7-PAT1 complex, variant LSM1A-LSM3B-LSM6B-PAT1	1990726|0000932|0003729|0000290	Lsm1-7-Pat1 complex|P-body|mRNA binding|deadenylation-dependent decapping of nuclear-transcribed mRNA	\N	\N	Q0WPK4(1)|O22823(1)|Q9C6K5(1)|F4K4E3(1)|Q9SI54(1)|Q9FKB0(1)|Q1H595(1)|Q945P8(1)	A cytoplasmic complex essential for P-body formation and deadenylation-dependent decapping of mRNA thereby regulating mRNA decay and subsequent degradation by the 5-to-3-prime pathway. Loss of LMS1 subunits leads to a range of severe developmental abnormalities.	\N	\N	\N	\N
2147	LSM1-7-PAT1 complex, variant LSM1A-LSM3B-LSM6A-PAT1	1990726|0000932|0003729|0000290	Lsm1-7-Pat1 complex|P-body|mRNA binding|deadenylation-dependent decapping of nuclear-transcribed mRNA	\N	\N	Q9C6K5(1)|Q0WPK4(1)|F4K4E3(1)|Q9SI54(1)|Q9FKB0(1)|Q9M1Z3(1)|Q1H595(1)|Q945P8(1)	A cytoplasmic complex essential for P-body formation and deadenylation-dependent decapping of mRNA thereby regulating mRNA decay and subsequent degradation by the 5-to-3-prime pathway. Loss of LMS1 subunits leads to a range of severe developmental abnormalities.	\N	\N	\N	\N
2156	LSM1-7-PAT1 complex, variant LSM1B-LSM3A-LSM6A-PAT1	1990726|0000932|0003729|0000290	Lsm1-7-Pat1 complex|P-body|mRNA binding|deadenylation-dependent decapping of nuclear-transcribed mRNA	\N	\N	Q0WPK4(1)|Q8LFL8(1)|F4K4E3(1)|Q9SI54(1)|Q9FKB0(1)|Q9M1Z3(1)|Q9LMN4(1)|Q1H595(1)	A cytoplasmic complex essential for P-body formation and deadenylation-dependent decapping of mRNA thereby regulating mRNA decay and subsequent degradation by the 5-to-3-prime pathway. Loss of LMS1 subunits leads to a range of severe developmental abnormalities.	\N	\N	\N	\N
2165	LSM1-7-PAT1 complex, variant LSM1B-LSM3B-LSM6A-PAT1	0000932|0003729|0000290|1990726	P-body|mRNA binding|deadenylation-dependent decapping of nuclear-transcribed mRNA|Lsm1-7-Pat1 complex	\N	\N	F4K4E3(1)|Q9SI54(1)|Q9FKB0(1)|Q9M1Z3(1)|Q1H595(1)|Q9C6K5(1)|Q8LFL8(1)|Q0WPK4(1)	A cytoplasmic complex essential for P-body formation and deadenylation-dependent decapping of mRNA thereby regulating mRNA decay and subsequent degradation by the 5-to-3-prime pathway. Loss of LMS1 subunits leads to a range of severe developmental abnormalities.	\N	\N	\N	\N
2174	LSM1-7-PAT1 complex, variant LSM1B-LSM3B-LSM6B-PAT1	0000932|0003729|0000290|1990726	P-body|mRNA binding|deadenylation-dependent decapping of nuclear-transcribed mRNA|Lsm1-7-Pat1 complex	\N	\N	F4K4E3(1)|Q9SI54(1)|Q9FKB0(1)|Q1H595(1)|Q9C6K5(1)|Q0WPK4(1)|O22823(1)|Q8LFL8(1)	A cytoplasmic complex essential for P-body formation and deadenylation-dependent decapping of mRNA thereby regulating mRNA decay and subsequent degradation by the 5-to-3-prime pathway. Loss of LMS1 subunits leads to a range of severe developmental abnormalities.	\N	\N	\N	\N
2183	LSM1-7-PAT1 complex, variant LSM1B-LSM3A-LSM6B-PAT1	1990726|0003729|0000290|0000932	Lsm1-7-Pat1 complex|mRNA binding|deadenylation-dependent decapping of nuclear-transcribed mRNA|P-body	\N	\N	Q0WPK4(1)|F4K4E3(1)|Q9SI54(1)|Q9FKB0(1)|Q9LMN4(1)|Q1H595(1)|Q8LFL8(1)|O22823(1)	A cytoplasmic complex essential for P-body formation and deadenylation-dependent decapping of mRNA thereby regulating mRNA decay and subsequent degradation by the 5-to-3-prime pathway. Loss of LMS1 subunits leads to a range of severe developmental abnormalities.	\N	\N	\N	\N
2192	LSM1-7-PAT1 complex, variant LSM1A-LSM3A-LSM6B-PAT1	0000932|0003729|0000290|1990726	P-body|mRNA binding|deadenylation-dependent decapping of nuclear-transcribed mRNA|Lsm1-7-Pat1 complex	\N	\N	Q0WPK4(1)|O22823(1)|F4K4E3(1)|Q9SI54(1)|Q9FKB0(1)|Q9LMN4(1)|Q1H595(1)|Q945P8(1)	A cytoplasmic complex essential for P-body formation and deadenylation-dependent decapping of mRNA thereby regulating mRNA decay and subsequent degradation by the 5-to-3-prime pathway. Loss of LMS1 subunits leads to a range of severe developmental abnormalities.	\N	\N	\N	\N
2201	LSM2-8 complex, variant LSM3A-LSM6B	0000398|0120115|0005634|0017070	mRNA splicing, via spliceosome|Lsm2-8 complex|nucleus|U6 snRNA binding	\N	\N	Q9SI54(1)|Q9LMN4(1)|Q8VYI0(1)|Q9FKB0(1)|F4K4E3(1)|Q1H595(1)|O22823(1)	A ringshaped protein complex that selectively binds to snRNAs and to unspliced transcripts localized within the nucleus. In the U6 snRNP spliceosome machinery stabilises U6 small nuclear RNA (U6 snRNA) to ensure the efficiency and accuracy of constitutive and alternative splicing of selected pre-mRNAs depending on the environmental conditions. Loss of LMS8 leads to a range of severe developmental abnormalities.	\N	\N	\N	\N
2209	LSM1-7-PAT1 complex, variant LSM1A-LSM3A-LSM6A-PAT1	0000290|0000932|1990726|0003729	deadenylation-dependent decapping of nuclear-transcribed mRNA|P-body|Lsm1-7-Pat1 complex|mRNA binding	\N	\N	Q0WPK4(1)|F4K4E3(1)|Q9SI54(1)|Q9FKB0(1)|Q9M1Z3(1)|Q9LMN4(1)|Q1H595(1)|Q945P8(1)	A cytoplasmic complex essential for P-body formation and deadenylation-dependent decapping of mRNA thereby regulating mRNA decay and subsequent degradation by the 5-to-3-prime pathway. Loss of LMS1 subunits leads to a range of severe developmental abnormalities.	\N	\N	\N	\N
2218	Evening Complex	0044798|0005634|0042752|0000122|0000981	nuclear transcription factor complex|nucleus|regulation of circadian rhythm|negative regulation of transcription from RNA polymerase II promoter|RNA polymerase II transcription factor activity, sequence-specific DNA binding	\N	\N	Q9SNB4(0)|O82804(0)|O04211(0)	A transcription factor complex that is regulated by the circadian clock and negatively regulates hypocotyl growth. Represses the expression of the hypocotyl growth proteins PIF4 (Q8W2F3) and PIF5 (Q84LH8) in the early evening by directly binding to their promoter regions. Signals from both the clock and light pathways converge on PIF4 and PIF5 which permits maximal hypocotyl growth at dawn in diurnal conditions. 	\N	\N	\N	\N
2222	BCL6-HDAC4 complex	GO:0006265;GO:0045892;GO:0006473;GO:0006476;GO:0051276;GO:0030183;GO:0005634	DNA topological change;negative regulation of transcription, DNA-templated;protein acetylation;protein deacetylation;chromosome organization;B cell differentiation;nucleus	10.01.09.05;11.02.03.04.03;14.07.04;42.10.03;43.03.07.02.01.01;70.10	DNA conformation modification (e.g. chromatin);transcription repression;modification by acetylation, deacetylation;organization of chromosome structure;B-cell;nucleus	None	Transcriptional repression by BCL6 is thought to be achieved in part by recruiting a repressor complex containing histone deacetylases.	None\n	\N	\N	\N
2223	BCL6-HDAC5 complex	GO:0006265;GO:0045892;GO:0006473;GO:0006476;GO:0051276;GO:0030183;GO:0005634	DNA topological change;negative regulation of transcription, DNA-templated;protein acetylation;protein deacetylation;chromosome organization;B cell differentiation;nucleus	10.01.09.05;11.02.03.04.03;14.07.04;42.10.03;43.03.07.02.01.01;70.10	DNA conformation modification (e.g. chromatin);transcription repression;modification by acetylation, deacetylation;organization of chromosome structure;B-cell;nucleus	None	Transcriptional repression by BCL6 is thought to be achieved in part by recruiting a repressor complex containing histone deacetylases.	None\n	\N	\N	\N
2224	BCL6-HDAC7 complex	GO:0006265;GO:0045892;GO:0006473;GO:0006476;GO:0051276;GO:0030183;GO:0005634	DNA topological change;negative regulation of transcription, DNA-templated;protein acetylation;protein deacetylation;chromosome organization;B cell differentiation;nucleus	10.01.09.05;11.02.03.04.03;14.07.04;42.10.03;43.03.07.02.01.01;70.10	DNA conformation modification (e.g. chromatin);transcription repression;modification by acetylation, deacetylation;organization of chromosome structure;B-cell;nucleus	None	Transcriptional repression by BCL6 is thought to be achieved in part by recruiting a repressor complex containing histone deacetylases.	None\n	\N	\N	\N
2225	Multisubunit ACTR coactivator complex	GO:0045893;GO:0023052;GO:0005634	positive regulation of transcription, DNA-templated;signaling;nucleus	11.02.03.04.01;30.01;70.10	transcription activation;cellular signalling;nucleus	None	Cofactor ACTR binds directly nuclear receptors and stimulates their transcriptional activities in a hormone-dependent fashion.	None\n	\N	\N	\N
2226	6S-nuclear aryl hydrocarbon (Ah) receptor ligand-activated complex	GO:2001141;GO:0006355;GO:0003677;GO:0023052;GO:0009593;GO:0042221;GO:0005634	regulation of RNA biosynthetic process;regulation of transcription, DNA-templated;DNA binding;signaling;detection of chemical stimulus;response to chemical;nucleus	11.02.03.04;16.03.01;30.01;34.11.03;70.10	transcriptional control;DNA binding;cellular signalling;chemoperception and response;nucleus	None	Arnt contains a basic helix-loop-helix motif, which may be responsible for interacting with both the XRE (xenobiotic responsive element) and the ligand-binding subunit.	None\n	\N	\N	\N
2227	Condensin I complex	GO:0000279;GO:0007067;GO:0030261;GO:0007059;GO:0051276;GO:0005694	M phase;mitotic nuclear division;chromosome condensation;chromosome segregation;chromosome organization;chromosome	10.03.01.01.11;10.03.04.03;10.03.04.05;42.10.03;70.10.03	M phase;chromosome condensation;chromosome segregation/division;organization of chromosome structure;chromosome	None	None	None\n	\N	\N	\N
2228	BLOC-3 (biogenesis of lysosome-related organelles complex 3)	GO:0007032;GO:0007040;GO:0007033	endosome organization;lysosome organization;vacuole organization	42.22;42.25	endosome;vacuole or lysosome	None	The results suggest that HPS1 and HPS4 are components of a protein complex that regulates the intracellular localization of lysosomes and late endosomes and may function in a BLOC-1-dependent pathway for melanosome biogenesis.	HPS1-7 are involved in Hermansky-Pudlak syndrome (HPS), which  comprises at least seven different autosomal recessive disorders (referred to as HPS-1 through -7) that share the clinical manifestations of oculocutaneous albinism combined with platelet storage pool deficiency and do not present with the severe immunodeficiency and giant intracellular granules characteristic of Chediak-Higashi syndrome (PMID:15030569).\n	\N	\N	\N
2229	BLOC-2 (biogenesis of lysosome-related organelles complex 2)	GO:0007032;GO:0007040;GO:0007033	endosome organization;lysosome organization;vacuole organization	42.22;42.25	endosome;vacuole or lysosome	None	The results suggest that BLOC-2 is not critical for basal levels of secretion of lysosomal enzymes by fibroblasts.	HPS1-7 are involved in Hermansky-Pudlak syndrome (HPS), which  comprises at least seven different autosomal recessive disorders (referred to as HPS-1 through -7) that share the clinical manifestations of oculocutaneous albinism combined with platelet storage pool deficiency and do not present with the severe immunodeficiency and giant intracellular granules characteristic of Chediak-Higashi syndrome.\n	\N	\N	\N
2230	MUS81-CDS1 complex	GO:0006281;GO:0006310	DNA repair;DNA recombination	10.01.05.01;10.01.05.03	DNA repair;DNA recombination	None	None	None\n	\N	\N	\N
2231	BLOC-2 (biogenesis of lysosome-related organelles complex 2)	GO:0007032;GO:0007040;GO:0007033	endosome organization;lysosome organization;vacuole organization	42.22;42.25	endosome;vacuole or lysosome	None	The results indicate that the Hps3, Hps5, and Hps6 proteins regulate vesicle trafficking to lysosome-related organelles at the physiological level as components of the BLOC-2 complex.	HPS1-7 are involved in Hermansky-Pudlak syndrome (HPS), which  comprises at least seven different autosomal recessive disorders (referred to as HPS-1 through -7) that share the clinical manifestations of oculocutaneous albinism combined with platelet storage pool deficiency and do not present with the severe immunodeficiency and giant intracellular granules characteristic of Chediak-Higashi syndrome (PMID:15030569).\n	\N	\N	\N
2252	Ahr::Arnt	\N	\N	\N	\N	\N	transcription factor	\N	Basic helix-loop-helix factors (bHLH)	PAS domain factors	\N
\.


--
-- Data for Name: protein_interactions; Type: TABLE DATA; Schema: public; Owner: pochis01
--

COPY public.protein_interactions (interaction_id, protein_a, protein_b, gene_a, gene_b, type_a, type_b, role_a, role_b, loc_a, loc_b, stoich_a, stoich_b, interaction_type, confidence) FROM stdin;
1917	O43426	P49418	SYNJ1	AMPH	protein	protein	unspecified role	unspecified role	binding-associated region:1063-1070(MINT-376288)	binding-associated region:626-695(MINT-376295)	-	-	direct interaction	intact-miscore:0.56
1918	vrparrvlw	P49418		AMPH	peptide	protein	unspecified role	unspecified role	-	binding-associated region:626-695(MINT-8094602)	-	-	direct interaction	intact-miscore:0.44
1919	hrpvrraap	P49418		AMPH	peptide	protein	unspecified role	unspecified role	-	binding-associated region:626-695(MINT-8094630)	-	-	direct interaction	intact-miscore:0.44
1920	vrptraada	P49418		AMPH	peptide	protein	unspecified role	unspecified role	-	binding-associated region:626-695(MINT-8094654)	-	-	direct interaction	intact-miscore:0.44
1921	P49418	xrprrghal	AMPH		protein	peptide	unspecified role	unspecified role	binding-associated region:626-695(MINT-8094680)	-	-	-	direct interaction	intact-miscore:0.44
1922	hrptrskla	P49418		AMPH	peptide	protein	unspecified role	unspecified role	-	binding-associated region:626-695(MINT-8094709)	-	-	direct interaction	intact-miscore:0.44
1923	P49418	krpprdgtl	AMPH		protein	peptide	unspecified role	unspecified role	binding-associated region:626-695(MINT-8094725)	-	-	-	direct interaction	intact-miscore:0.44
1924	qrplrrprm	P49418		AMPH	peptide	protein	unspecified role	unspecified role	-	binding-associated region:626-695(MINT-8094740)	-	-	direct interaction	intact-miscore:0.44
1925	P49418	tpkrppril	AMPH		protein	peptide	unspecified role	unspecified role	binding-associated region:626-695(MINT-8094758)	-	-	-	direct interaction	intact-miscore:0.44
\.


--
-- Data for Name: protein_subunit; Type: TABLE DATA; Schema: public; Owner: pochis01
--

COPY public.protein_subunit (subunit_id, subunit_name, uniprot_id, entrez_id, ec_number, gene_name, gene_syn, class_name, family_name, coefficient, canonical_sequence, mass, length, molecular_weight, pax_load, uniprot_checked, proteincomplex_id) FROM stdin;
1	RS6_DESVH	Q72DH3	2795152	\N	rpsF	\N	\N	\N	\N	MRKFETLLLLSPELAADAREALLTTLSGVVEREQGSMITADHWGMRDLAYPVRKQMRGYYVRLEYTAPGATVAELERIIRISDGIFKFVTVKLADAVEEVA	11,360	101	\N	1	t	\N
151	\N	Q72G27	\N	\N	\N	\N	\N	\N	\N	\N	\N	\N	\N	1	t	\N
2	RS18_DESVH	Q72DH2	2795153	\N	rpsR	\N	\N	\N	\N	MAFKKKFAPRRKFCRFCADKELPIDYKRADILRDFITERGKIIARRITGTCAHHQRVLTREIKRARQMALLIYTATHSSDVKKKSIL	10,278	87	\N	1	t	\N
3	\N	Q72DH5	\N	\N	\N	\N	\N	\N	\N	\N	\N	\N	\N	1	t	\N
4	ALR_DESVH	Q72DH4	2795151	\N	alr	\N	\N	\N	\N	MPISYNKASVVVSLQSIIANYRRIRTVAQRPMPVIKSDAYGHGLEAVGMALEAEGARECAVGTVGEGAKLRKAGFGADIVALLGALDREDAQLAASSGIIPTVLDIAGLERLAAQGTPERPVRVALKFDTGMARLGFTEHDVSALCERLRTLPSVRPVMAVSHLAVADDPTQSAFTMAQGAAFARIMAGLRSNFPDIMGSLSNSAATLAHPQLHWDVQRPGIALYGSNPLRGTALARHGEGLLPAMSVSVPVLQVHPLPAGRSISYGRTYTATKDATVAIIAAGYADNYSRALSGRGVAVAGGRRVPVLGRVCMQTTAIDVTDVPGIATGDRVWLLGGPGPATVSADELADLWGTISYEVLCLLGMNPRRHDDSVE	39,406	376	\N	1	t	\N
5	SYY_DESVH	Q72DH6	2795149	\N	tyrS	\N	\N	\N	\N	MIDIDRQLEHIKRGCAELIDEGELRKKLERGTPLRIKAGFDPTAPDLHLGHTVLIHKLRHFQELGHTVIFLIGDFTGLIGDPSGRSDTRPPLTREQVLANAETYKQQVFKILDPEKTVVDFNSRWMGEFGAADFIRLASRYTVARMMERDDFEKRYKEGRPIAVHEFLYPLVQGYDSVALKADVELGGTDQKFNLLVGRHLQSQYGQEPQCILTMPLLEGLDGVKKMSKSLGNYVGIDESPADMFGKLMSVSDELMWRYFELISSRSLDEIADLRRKVETGEAHPKLVKESLAYELTTRYHGEDKAAEAQQGFNAVFAGGGVPDDAPVHACDHGDDSTPPAFLEAAGLVKSRGEAKRLIKEGALSVDGVRCDDANSPLASGEYVIKLGKKRFLRLTVR	44,442	398	\N	1	t	\N
6	\N	Q72DH8	\N	\N	\N	\N	\N	\N	\N	\N	\N	\N	\N	1	t	\N
7	ILVD_DESVH	Q725Q1	2795687	\N	ilvD	\N	\N	\N	\N	MRSKKMTHGLEKAPHRSLLHALGLTREELARPLVGVVNAANEVVPGHIHLDDIAEAVKAGVRAAGGTPLEFPAIAVCDGLAMNHEGMRFSLPSRELIADSIEIMATAHPFDALVFIPNCDKSVPGMLMAMLRLDVPSVMVSGGPMLAGATLAGRADLITVFEGVGRVQRGDMTEAELDELVEGACPGCGSCAGMFTANSMNCLAETIGLALPGNGTTPAVTAARIRLAKHAGMKVMEMLERNIRPRDIVTEKAVANAVAVDMALGCSTNTVLHLPAVFAEAGLDLTLDIFDKVSRKTPNLCKLSPAGHHHIQDLHAAGGIPAVMAELDRIGLIDRSAMTVTGRTVGENLDALGAKVRDADVIRPVDAPYSPQGGIAILKGSLAPGGAVVKQSAVAPEMMVREAVARVFDSEEAACEAIMGGRIKAGDAIVIRYEGPKGGPGMREMLTPTSAIAGMGLGADVALITDGRFSGGTRGAAIGHVSPEAAEGGPIGLVQEGDRIRIDIPARALDLLVDEDELARRRAAFVPVEKEITSPLLRRYARMVSSAATGARQR	57,868	554	\N	1	t	\N
8	RL9_DESVH	Q72DH1	2795154	\N	rplI	\N	\N	\N	\N	MKIILRADVENLGRLGDVVTVKPGFGRNYLLPQGLGMLASQANLKAFELERKKLQARMDALRNAAADIAAKLEGLVLAIPMRVGENDKLYGSVTTAIIGDGLAAQGIEVDRRRILLDSAIRALGEYPVRVRLHADVTAEILVKVVSEDKVNDVAESAPAEEPEAAAE	17,954	167	\N	1	t	\N
9	\N	Q72B55	\N	\N	\N	\N	\N	\N	\N	\N	\N	\N	\N	1	t	\N
10	\N	Q72G17	\N	\N	\N	\N	\N	\N	\N	\N	\N	\N	\N	1	t	\N
11	\N	Q72G16	\N	\N	\N	\N	\N	\N	\N	\N	\N	\N	\N	1	t	\N
12	\N	Q72B54	\N	\N	\N	\N	\N	\N	\N	\N	\N	\N	\N	1	t	\N
13	\N	Q727R1	\N	\N	\N	\N	\N	\N	\N	\N	\N	\N	\N	1	t	\N
14	\N	Q72E96	\N	\N	\N	\N	\N	\N	\N	\N	\N	\N	\N	1	t	\N
15	\N	Q72E95	\N	\N	\N	\N	\N	\N	\N	\N	\N	\N	\N	1	t	\N
16	PYRG_DESVH	Q72BL2	2795884	\N	pyrG	\N	\N	\N	\N	MKTKFIFITGGVLSSLGKGLAAASVGALLKARGLKVTIQKLDPYINVDPGTMNPFQHGEVYVTDDGAETDLDLGHYERYLAEPMSQKNNYTSGSIYHRVITKERRGDYLGGTVQVIPHVTDEIKNAVLSLAEDDPDVALIEIGGTVGDIEGLPFLEAIRQLRGDLGKDRCLYIHLTLVPYLRAAGEHKTKPTQHSVKELRSIGIQPDIILCRCEEAITADLKRKIALFCNVDQDAVFSAVDVKNIYEVPLRFYEEGFDQKIAIMLRLPAKNPNLEPWETLVDTCAHPQGRVTIGIVGKYVDLKEAYKSLHEALVHGGVANKVAVDLKYVNSEEITEENVAEALKGLDGILVPGGFGYRGVEGKILTIRYARENRVPFFGICLGMQCAVIEFARNVMGLEDANSEEFNELSKNKVIYLMTEWFDHRRQAVERRDSSSDKGGTMRLGSYPCVVVPDTKAHDAYGVKHIDERHRHRFEFNKAYFDAMAQSGMVFSGLSPDGELVEIVELPDHPWFLGCQFHPEFKSNPMQPHPLFREFIRAAKTHPAGKR	61,071	547	\N	1	t	\N
17	\N	Q72BL3	\N	\N	\N	\N	\N	\N	\N	\N	\N	\N	\N	1	t	\N
18	\N	Q72E94	\N	\N	\N	\N	\N	\N	\N	\N	\N	\N	\N	1	t	\N
19	\N	Q72E93	\N	\N	\N	\N	\N	\N	\N	\N	\N	\N	\N	1	t	\N
20	\N	Q72E18	\N	\N	\N	\N	\N	\N	\N	\N	\N	\N	\N	1	t	\N
21	SYL_DESVH	Q72CT7	2796653	\N	leuS	\N	\N	\N	\N	MKYDHQSIETRWQKKWEDSGIFQCDTEADKPKYYVLEMFPYPSGNIHMGHVRNYSIGDVVARFKRMQGFNVLHPMGWDAFGLPAENAAIKNGTHPAKWTFANIDNMRSQLKRLGYSYDWQREVATCTPEYYRWEQLFFLRFLEKGLVYRKKAAQNWCPKCHTVLANEQVIEGLCWRCDSAVEQKELTQWFLRITDYAEELLADLSKLENGWPERVLSMQRNWIGKSTGAEIRFALDGRDDSITVFTTRPDTIFGATFMSIAPEHPLVEELIDGKPQADDVRAFVERIRNMDRIDRQSDTLEKEGVFTGAYCVNPFTGRKMPIWVANFVLAEYGTGAVMAVPAHDQRDFEFARKYDLPMQVVIQPQGEALDPATMSAAWTEAGALVNSGAFDGLANEDAKQRIADDLETTGNGRRTINYRLRDWNISRQRYWGAPIPVIYCDACGVVPEKEENLPVVLPLDVKTHDDGRSPLPHTPAFYECTCPVCGGKARRETDTMDTFVESSWYFARYTDATNDKAPFTPDALRYWLPVDQYIGGVEHAILHLLYSRFFTKALRDCGFIELDEPFANLLTQGMVLMDGSKMSKSKGNVVDPTEMIARYGADTVRLFCLFAAPPERDFDWSESGIEGSYRFVGRVWRLVEELREHLLAVGACSSTAEDAKTPVARELRLKEHATVRKAGDDLNDRFQFNTAIAAVMELVNALYLAKDELVADESGRKVLSSAVSTVLTLLSPFTPHLSEELWALLGHTESVSTLPWPRWKEDALVRDTVTLVVQVNGKLRGKLDIPADASREEVETLALNEPNVLRYLEGVTVRKVVVIPGKLVNVVVS	93,980	829	\N	1	t	\N
22	\N	Q72E15	\N	\N	\N	\N	\N	\N	\N	\N	\N	\N	\N	1	t	\N
23	\N	Q72BK6	\N	\N	\N	\N	\N	\N	\N	\N	\N	\N	\N	1	t	\N
24	\N	Q72E13	\N	\N	\N	\N	\N	\N	\N	\N	\N	\N	\N	1	t	\N
25	\N	Q727N5	\N	\N	\N	\N	\N	\N	\N	\N	\N	\N	\N	1	t	\N
26	\N	Q725H3	\N	\N	\N	\N	\N	\N	\N	\N	\N	\N	\N	1	t	\N
27	\N	Q727B2	\N	\N	\N	\N	\N	\N	\N	\N	\N	\N	\N	1	t	\N
28	\N	Q727B3	\N	\N	\N	\N	\N	\N	\N	\N	\N	\N	\N	1	t	\N
29	\N	Q725S5	\N	\N	\N	\N	\N	\N	\N	\N	\N	\N	\N	1	t	\N
30	HLDD_DESVH	Q72ET7	2793626	\N	hldD	\N	\N	\N	\N	MYIVTGGAGFIGSAMVWKLNEMGIEDIVVVDNLSTSEKWKNLVNRRYVDYVHRDTFMDMVLHGDLPWDVDAVVHMGACSATTERDADFLMENNLRYSRMLCELCMETGARFINASSAATYGDGSLGFSDDDTTMLRLKPLNMYGYSKQLFDLWAYREGRLDGIASLKFFNVYGPNEYHKGDMRSVICKAYAQIGQEGVMRLFRSCHPDYADGGQMRDFIYVKDCVEVMWWLLQNPGVNGVFNVGTGKARTWNDLVTAVFRAMDREPVIEYIDMPEQLRGKYQSFTEATMGKLRDAGCPVRFTELEDGVTEYVRRYLAAADPHL	36,769	323	\N	1	t	\N
31	\N	Q72ET1	\N	\N	\N	\N	\N	\N	\N	\N	\N	\N	\N	1	t	\N
32	\N	Q72ET0	\N	\N	\N	\N	\N	\N	\N	\N	\N	\N	\N	1	t	\N
33	\N	Q726Q3	\N	\N	\N	\N	\N	\N	\N	\N	\N	\N	\N	1	t	\N
34	\N	Q72CB5	\N	\N	\N	\N	\N	\N	\N	\N	\N	\N	\N	1	t	\N
35	\N	Q72C78	\N	\N	\N	\N	\N	\N	\N	\N	\N	\N	\N	1	t	\N
36	\N	Q726Q1	\N	\N	\N	\N	\N	\N	\N	\N	\N	\N	\N	1	t	\N
37	\N	Q72CC0	\N	\N	\N	\N	\N	\N	\N	\N	\N	\N	\N	1	t	\N
38	\N	Q72CC3	\N	\N	\N	\N	\N	\N	\N	\N	\N	\N	\N	1	t	\N
39	\N	Q72C76	\N	\N	\N	\N	\N	\N	\N	\N	\N	\N	\N	1	t	\N
40	\N	Q72CB7	\N	\N	\N	\N	\N	\N	\N	\N	\N	\N	\N	1	t	\N
41	TATA_DESVH	Q72CB6	2795091	\N	tatA	\N	\N	\N	\N	MFGIGFQELLVVLVLVLLVFGANKLPEIGGGLGRAIRNFKRAASEPDEIDVTPTDKKDKNDDKQA	7,069	65	\N	1	t	\N
42	\N	Q72CB9	\N	\N	\N	\N	\N	\N	\N	\N	\N	\N	\N	1	t	\N
43	\N	Q72BR6	\N	\N	\N	\N	\N	\N	\N	\N	\N	\N	\N	1	t	\N
44	\N	Q72BR5	\N	\N	\N	\N	\N	\N	\N	\N	\N	\N	\N	1	t	\N
45	NUSB_DESVH	Q72CT6	2796654	\N	nusB	\N	\N	\N	\N	MTTKGTPSRRAARALAFQILYGLGFSPAASVKQLREAYASSPDVADKGRSPQPEGFAWELIEGIWTEQANIDEVIGLFSQNWRIDRIGRVELTLLRIAVYEMLYRIDVPPKVAINEALELSKQFGDANARGFINGILDAAAKALEGGQLKPRV	16,830	153	\N	1	t	\N
46	CARA_DESVH	Q726J4	2796605	\N	carA	\N	\N	\N	\N	MRALLALEDGFVLEGRSFTGPGETGGEAIFNTGMTGYQEVLTDPSYAGQMVCMTYPLVGNYGVTREDMESGKVHVEAFIVKECCKVPSNWRSEISLPDYLKRHGVMGIEGIDTRALTRHLRIHGAMRGVISTQETDPARLVERARALPSMEGQNLVTRVAPAAPYRWDGERPQAVTLEPGGCAWVGKGPRLVVYDFGIKWNILRLLAQQGFDMLVVPPSFKAADVAAVGAQAVFLSNGPGDPATLKDEIAEIAKLAQTYPTAGICLGHQLLGHALGGRTMKLKFGHHGCNHPVKDLTTGRIEISSQNHGFCVDIDSLTDVEITHVNLNDGTLEGFAHKTKPVIAVQHHPEASPGPNDSRYFFARFRNMVREAAGC	40,745	375	\N	1	t	\N
47	\N	Q72BS4	\N	\N	\N	\N	\N	\N	\N	\N	\N	\N	\N	1	t	\N
48	\N	Q72F73	\N	\N	\N	\N	\N	\N	\N	\N	\N	\N	\N	1	t	\N
49	\N	Q72BE8	\N	\N	\N	\N	\N	\N	\N	\N	\N	\N	\N	1	t	\N
50	\N	Q72AZ7	\N	\N	\N	\N	\N	\N	\N	\N	\N	\N	\N	1	t	\N
51	\N	Q72AZ8	\N	\N	\N	\N	\N	\N	\N	\N	\N	\N	\N	1	t	\N
52	F16PA_DESVH	Q72AZ9	2796475	\N	fbp	\N	\N	\N	\N	MPEVTVTEHLLLHQKKSPAATGQFTTLLNDLVLSAKIISRSVTKAGLLDVLGGTGEVNVQGELVQKLDEFANRVLIYRMERSGAVCAMASEENADIIKVPEKLHRGDYVLIFDPLDGSSNIDVNINVGTIFSILRRKSPASDDVCIDDVLQPGYEQVAAGYILYGPSTMLVFSTGQGVHGFTLDPSVGEFLLSHPDMSIPERGRIYSINESYWNYWDEPTREIVSYFKGDHNERGKPYSLRYVGSLVADFHRTLLYGGIFMYPMDYRHPDKPQGKLRLMCEASPLAFLAEQAGGRAIDGSRRILDVCPGTLHERIPLFIGSARDVDKVEEIYARHRA	37,508	337	\N	1	t	\N
53	\N	Q72AD8	\N	\N	\N	\N	\N	\N	\N	\N	\N	\N	\N	1	t	\N
54	\N	Q72AD9	\N	\N	\N	\N	\N	\N	\N	\N	\N	\N	\N	1	t	\N
55	\N	Q72AE2	\N	\N	\N	\N	\N	\N	\N	\N	\N	\N	\N	1	t	\N
56	\N	Q72AE0	\N	\N	\N	\N	\N	\N	\N	\N	\N	\N	\N	1	t	\N
57	\N	Q72EY8	\N	\N	\N	\N	\N	\N	\N	\N	\N	\N	\N	1	t	\N
58	\N	Q72EY6	\N	\N	\N	\N	\N	\N	\N	\N	\N	\N	\N	1	t	\N
59	\N	Q72AR8	\N	\N	\N	\N	\N	\N	\N	\N	\N	\N	\N	1	t	\N
60	SYI_DESVH	Q72AR5	2795304	\N	ileS	\N	\N	\N	\N	MSDYKKTLQLPETKFPMKANLTQREPEMLRKWEKDDAYGAMVRASGQQGTYVLHDGPPYANGNIHMGHALNKILKDIIVKSRNLQGFKAEYVPGWDCHGLPIELKVEHELGEKKRTMPAHAVRKRCRQYAEKYLDIQRKEFKRLGVFGAWDKPYVTMHPSYEAATARELGNFAAKGGLVRSKKPIYWCCSCQTALAEAEVEYHDHTSPSVHVRFPLRDPRVAEVLPGVDPAHAYIVIWTTTPWTLPDNMAVAVHPDFDYVVVRHGGDFHIVAEGLLEACLKAFKWDEHEVVARIGGRALEGLKATHPFYDRPSPIVLADYVTLESGTGCVHTAPGHGREDYETGLRYGLDIYSPLTDEGRYLDCVEFFAGMTIFEANPKVIEKLREVGNLLAEGRITHSYPHCWRCKKPVIFRATTQWFIAMERNDLRQKALDAIRDDVRWIPSWGQERIHNMIEFRPDWCISRQRMWGVPIVALLCEDCGEAWNDADWMRDIAERFAKHATGCDYWYETDLSDIVPAGLRCPKCGGDHWKKETDILDVWFDSGTSFAAVVEQREECGFPADLYLEGSDQHRGWFHSSLLASIGTRGVPPYRSVLTHGYVVDGDGRKMSKSVGNVVAPQEIIDKHGAEVLRLWVASVDYREDIRISEEILNRLVDAYRRIRNTCRYLLGNISDLTPETMVPFEAMDPLDRFALDLASRAHERIQDAYTEYEFHKVFHTLHNLCVTDLSAFYLDILKDRLYSSAADSHARRSAQTALYRILMLMVRDMAPVLSFTAEEVFGYVPAALRPDVISVFALPATDAPAFTLDTTSRAAWEKLLAVRSETTKAIEPLRKSGEVGHSLDTHVTLFADPSLKATLEGLGSDLRAMFIVSRLEVMDLADAPADAWTSEELPELKVTVRKAEGEKCERCWIISADLGTDAAHPTLCPRCTAVLTGTGA	105,978	938	\N	1	t	\N
61	\N	Q728C0	\N	\N	\N	\N	\N	\N	\N	\N	\N	\N	\N	1	t	\N
62	ARGJ_DESVH	P62060	2796170	\N	argJ	\N	\N	\N	\N	MSASPKGFRFATVSAGFRKEARPDLALIVSDTPATAAGVFTTNRFQAAPVVVARENLSARPVARAVVINSGQANACTGDEGMTNCRTTLDLVGKACGIPAAEVLPASTGVIGAQLHMDKWREAAPRLAAALGQNTHHDFARAIMTTDAFPKVAERELAIAGTTVRLVGMAKGAGMICPNMATMLSVVLCDAAVTPEAWQRLFLDAVDRTFNRVTVDGDTSTNDTVFGLANGASGVTVEGEDLAKLGEALTDVLARLAYMLVQDGEGATKVMRVKVSGAVDDAEAEAVARTVGHSQLVKTAMYGRDANWGRIVAAVGRSGASFKAEDVVVTLCGVELFRNGQPTDLDFDTLLREPLKGRDVTVDIELGAGTGHYELLASDLTHDYVNCNADYRS	41,361	393	\N	1	t	\N
63	\N	Q72AS0	\N	\N	\N	\N	\N	\N	\N	\N	\N	\N	\N	1	t	\N
64	\N	Q726S9	\N	\N	\N	\N	\N	\N	\N	\N	\N	\N	\N	1	t	\N
65	\N	Q726T1	\N	\N	\N	\N	\N	\N	\N	\N	\N	\N	\N	1	t	\N
66	\N	Q725V9	\N	\N	\N	\N	\N	\N	\N	\N	\N	\N	\N	1	t	\N
67	RL18_DESVH	Q72CG4	2794386	\N	rplR	\N	\N	\N	\N	MKFTKNEARLRRKVRIRKKISGTAERPRLVVYRSNLHIYAQIVDDTTGSTLVATSTLSISRTQEGVHANKAGAELVGKEIARLAKDKDIQSVVFDRNGYLYHGRIKAVADGAREAGLEF	13,270	119	\N	1	t	\N
68	RL6_DESVH	Q72CG5	2794385	\N	rplF	\N	\N	\N	\N	MSRIGKQPIPIPSGVEVKIGNDVVEVKGPKGALTTPVCSVLSYEVTDGKVVITRLDETRQTRAQHGLRRTLLANCIEGVSKGFSKTLEVVGVGYKVAVKGDVVDLSVGYSHPVLIDLPAGISAKAEGNKLTISGVDKELVGEVAAQMRRVRKPEPYKGKGIKYDNEQIRRKAGKSGGKK	19,133	179	\N	1	t	\N
69	RS8_DESVH	Q72CG6	2794384	\N	rpsH	\N	\N	\N	\N	MLTDPIADMLTRIRNAHLALHKEVSVPRSKMKESLAAILKQEGYIEDVATEEGSIKLTLKYFKGKPVISGLKRVSKPGRRVYVGMHEIPKVQNGLGICILSTSRGVMDGNSAHESKVGGELLCEIW	13,871	126	\N	1	t	\N
70	\N	Q72F29	\N	\N	\N	\N	\N	\N	\N	\N	\N	\N	\N	1	t	\N
71	RL5_DESVH	Q72CG8	2794382	\N	rplE	\N	\N	\N	\N	MTRLENIYREKVVPVLQKEFNYDSSMQVPGIVKVSLNIGLGAASQNNKLMEEALKELTVIAGQKAVVTRAKKSIASFKLREGMPIGCRVTLRKERMWDFLDKLINFALPRVRDFRGVPDRGFDGRGNFTLGIKEHAIFPEMEADRVENPKGMNITIVTTATTDKEGKLLLDQLGMPFRK	20,212	179	\N	1	t	\N
72	RL24_DESVH	Q72CG9	2794381	\N	rplX	\N	\N	\N	\N	MKQFRIHKDDKVMVIAGKDKGKIGKVLKILRNKDRILVEKVNVAKRHVRPNPYRQQPGGIIEKEMPLHVSNVMVVCDACAKPTKVGYRYTEDGKKVRFCKKCNEIID	12,332	107	\N	1	t	\N
73	RL14_DESVH	Q72CH0	2794380	\N	rplN	\N	\N	\N	\N	MIQVESTLQVADNSGAKKVACIKVLGGSHRRYATVGDIIMVSVKEAMPHCKVKKGDVMQAVIVRTAKEVRRADGSYIKFDSNAAVLLNKQGEPVGTRIFGPVARELRARNFMKIVSLAPEVL	13,280	122	\N	1	t	\N
74	RS17_DESVH	Q72CH1	2794195	\N	rpsQ	\N	\N	\N	\N	MSEATYQRKGRTLVGIVVSDKNDKTIVVRVETLVKHPLLKKYVRRRKKFTAHDPMNECGIGDKVKIIEFRPLSRNKRWHLESILEKAV	10,300	88	\N	1	t	\N
75	RL29_DESVH	Q72CH2	2794194	\N	rpmC	\N	\N	\N	\N	MKAAELRKLTAEELKTKLVEQQQELFNLRFRHATAQLENTSSMGDARRTIARIQTILKEKE	7,114	61	\N	1	t	\N
76	\N	Q726S8	\N	\N	\N	\N	\N	\N	\N	\N	\N	\N	\N	1	t	\N
77	\N	Q72FS0	\N	\N	\N	\N	\N	\N	\N	\N	\N	\N	\N	1	t	\N
78	\N	Q72FS1	\N	\N	\N	\N	\N	\N	\N	\N	\N	\N	\N	1	t	\N
79	\N	Q728I7	\N	\N	\N	\N	\N	\N	\N	\N	\N	\N	\N	1	t	\N
80	\N	Q727V2	\N	\N	\N	\N	\N	\N	\N	\N	\N	\N	\N	1	t	\N
81	\N	Q72FF3	\N	\N	\N	\N	\N	\N	\N	\N	\N	\N	\N	1	t	\N
82	\N	Q72FF2	\N	\N	\N	\N	\N	\N	\N	\N	\N	\N	\N	1	t	\N
83	\N	Q72B13	\N	\N	\N	\N	\N	\N	\N	\N	\N	\N	\N	1	t	\N
84	\N	Q727U8	\N	\N	\N	\N	\N	\N	\N	\N	\N	\N	\N	1	t	\N
85	\N	Q72FE9	\N	\N	\N	\N	\N	\N	\N	\N	\N	\N	\N	1	t	\N
86	\N	Q72FE8	\N	\N	\N	\N	\N	\N	\N	\N	\N	\N	\N	1	t	\N
87	\N	Q727U9	\N	\N	\N	\N	\N	\N	\N	\N	\N	\N	\N	1	t	\N
88	SYFB_DESVH	Q728S0	2795719	\N	pheT	\N	\N	\N	\N	MLLSLKWLREFVPFEGTAAELGDRLTMLGLELEEIIRPFDAIEPIVVGHVVSRERHPEADKLSVCKVDVGQGEPLDIVCGAPNVAAGQRVPVALVGTTMPGGMVIKKAKLRGQPSHGMICSERELGLGEDHDGIMVLPESFRIGARLVDELDLDREVCDIAITPNRADCLSVLGLAREVALAFGLPLTMPALDLKEEGADASNALRIDIPDASLCPLFHGRVLEGAAVRKSPAWMRYRLIAVGVRPISNIVDVTNYILMELGQPLHAYDLDLLAGGRIEVSAAREGERLTTLDGVERVLTSNDLLIRDGEKPVGLAGVMGGAETEISDKSSRVFLEAAVFRPGTIRKTARRLGLSSEASYRFERGVDQVVCTYAMNRAAQLIAGLSGATLRPGICHNEPLPWQAPVLRFRRARGEALLGISLDETFCRETLERLGCKVDAADAADWKVTAPSHRRDFEREADLIEEVARVRGMDTIEPVLPKVMRPLDRAGAPESKYSFWLRLKHWAAGLGLNEAINYSFVGQKDLDHLNLAVDGRIPIMNPLTADQNVLRTELAPGLLQNLRHNIAQGNAGLRLFEVAHIFEADATSDTTARERARLDILVYGSRYDSQWPHVEADADYADIKGIVEHCLAFLHLEGATFTLAASHPFLMPCVDVAVQGRQVGVIGRVRPEIADAYHARKDAWLADLDLDVLRELHDAARIAFRSLPVYPPVRRDITVAAPGSLQVGAVLDHILGLRLPLLCGVELIDVFEPEGKDERNLTFRMTFRHASRTLKDAEVDKERDKVAHSLVEKLPVRI	87,706	798	\N	1	t	\N
89	\N	Q728S3	\N	\N	\N	\N	\N	\N	\N	\N	\N	\N	\N	1	t	\N
90	\N	Q728S2	\N	\N	\N	\N	\N	\N	\N	\N	\N	\N	\N	1	t	\N
91	\N	Q72BE4	\N	\N	\N	\N	\N	\N	\N	\N	\N	\N	\N	1	t	\N
92	IF3_DESVH	Q728R6	2795723	\N	infC	\N	\N	\N	\N	MRRDVPQDSVRRNEQIRAREVRLIGAEGEQLGIISRNDAIALAKEKGLDLVEVAATADPPVCRVMDYGKYKYEQQKKKQEAKKRQTVVQIKEIKVRPKTDEHDYQTKLKHVRRFLEEGDRCKVTVFFRGREIVHKDRGLTILDRFVEDTKDLAKLDQEARAEGRTLQMMLAPIPKK	20,497	176	\N	1	t	\N
93	SYFA_DESVH	Q728R9	2795720	\N	pheS	\N	\N	\N	\N	MDLLKELESLVPELERGLGQASSLQELEEQRIAFLGRKGRLAQVMAHLPELAPAERPRVGQAANTVKQALTELFEQRKVVLEQAKEAAALSRFDPSLPGRMPWRGSLHPVTLVMEEICSVFGALGYDIVTGPEVENDYHNFEALNMPPEHPARDMQDTLYITESILMRTHTSPLQVRTMKSLRPPVAAIAPGKVYRRDSDITHTPMFHQIEGFMVDHNVSMAELRGTLTSFLRTVFGGDTRVRFRPSFFPFTEPSAEVDISCCICGGKGHVGNEPCRVCKTTGWVEILGCGMIDPEVFKSVGYDPEVYTGFAFGLGVERVAMLKYGIGDLRMFFENDVRFLSQFA	38,526	345	\N	1	t	\N
94	RL20_DESVH	Q728R8	2795721	\N	rplT	\N	\N	\N	\N	MRVKRGLAAHRRHKKYLDMAKGYRGGRSRLYRTAREAVERSLCYAFRDRKVKKREFRKLWILRINAAARLNGLSYSKFMHGLTLAGVELNRKVLADLAVREKDDFAKIAELAKSKLN	13,664	117	\N	1	t	\N
95	SYT_DESVH	Q728R5	2795724	\N	thrS	\N	\N	\N	\N	MNVSIEGQMLEVASGASCGDALKGALSGKKFKNVLACRLDGGLVDITATVPDGTTTIEPVYADSPEGLDLIRHSTAHIMACAVKRLFPAAKVTIGPSIDNGFYYDFDAERPFSPEDFEAIEREMQKIVDAATPFERSEMPRDEAVALFEGMGETYKVEIIRDLPNDTVSLYRCGEFVDLCRGPHIPHAGFAKAFKLMSVAGAYWRGDEKNPMLSRIYGTAFADAKTLKEHLHRIEEAKRRDHRKLGQQLDLFAFHEDVAPGMVFWHPKGMLVRTIIEDFLRKEHLKRRYDIVQGPQLLRRELWEKSGHYDNYRENMYFTEIDENAYGVKPMNCLAHMLIYRSAIRSYRDLPKRFFELGVVHRHEKSGVLHGLLRVRQFTQDDAHIICRPDQLEDEIIDVIALVRDLMNLFGFDYKVAVSTRPEKSIGSDEAWELATNALVKAVERAGIPYTINEGDGAFYGPKIDVRLMDCIGREWQCSTIQCDFTLPERFDLVYVGQDGERHRPVMVHRAILGSLERFIGVLIEQYAGAFPAWLAPVQARLLTVTDAQNEFVESARAALAKAGIRVEADVRNEKLGYKVREAQLEKIPYILVVGDKEVEAGGVNVRLRTGENLGLKSLDEVVSLLESDCQEPFKRGGMSYSFS	72,664	644	\N	1	t	\N
96	\N	Q729B3	\N	\N	\N	\N	\N	\N	\N	\N	\N	\N	\N	1	t	\N
97	\N	Q726E6	\N	\N	\N	\N	\N	\N	\N	\N	\N	\N	\N	1	t	\N
98	\N	Q726E7	\N	\N	\N	\N	\N	\N	\N	\N	\N	\N	\N	1	t	\N
99	PURA_DESVH	Q725K9	2796202	\N	purA	\N	\N	\N	\N	MSNVVVMGAQWGDEGKGKIVDLLTRESDVIVRFQGGNNAGHTVLVGEKQYILHLIPSGILHEGKKCLIGNGVVLDPEVFCREIDSLRAQGVDMSPARLMISRKTHLIMPYHKVLDQAREAHKCKDAKIGTTGRGIGPCYEDKSARIGVRAADLAMPELLRSKIEAALVEKNALFTGLYGQQPLDADAVFEEVMAHGAKLVPYLADVSSEIHDAWAEGRSVLFEGAQGTHLDIDHGTYPFVTSSNTVSGNAAAGSGVPPTKLDRIIAIVKAYTTRVGAGPFPTELDDATGEYLQQKGHEFGATTGRKRRCGWLDAVVLRESVRLNGPTDIALTKLDVLSGLKEISICTAYIYRGEQVAYPPQEQNGMAHVTPVYETIPGWDDDITGCTTWESLPAPVKAYVLRIEEITGVRISLVSVGPERDQTIRR	46,281	426	\N	1	t	\N
100	\N	Q729X4	\N	\N	\N	\N	\N	\N	\N	\N	\N	\N	\N	1	t	\N
101	\N	Q729C1	\N	\N	\N	\N	\N	\N	\N	\N	\N	\N	\N	1	t	\N
102	\N	Q72E91	\N	\N	\N	\N	\N	\N	\N	\N	\N	\N	\N	1	t	\N
103	\N	Q72ER8	\N	\N	\N	\N	\N	\N	\N	\N	\N	\N	\N	1	t	\N
104	\N	Q72ER9	\N	\N	\N	\N	\N	\N	\N	\N	\N	\N	\N	1	t	\N
152	\N	Q72BQ2	\N	\N	\N	\N	\N	\N	\N	\N	\N	\N	\N	1	t	\N
105	PNP_DESVH	Q72ER6	2796763	\N	pnp	\N	\N	\N	\N	MTNIFNAMRVTATVGGKEIVFETGRLANQADGAVWIQCGGTVVLVTACSQATDRDLGFFPLTVEYSEKMYAAGRIPGSFFRREIGRPSERETLVSRLIDRPIRPLFPKGLKDEVQVLANVISSDQNNDSDVLAVTGASTALGLSSIPFDGPVAGARIGRIDGQFVINPTIKEMERSDLNIVLAASRDAVVMVEGEASFVPEAVIVEALEWGHKEIQPLIDAQLKLREMAGKAKREFTAPVEDADLAARVAALATADLDVALRIPEKMARKDARKAVKEKVMEALVADPAYAEDTTPLRAVGDILSALEKRIVRERIVREGRRIDGRDTTTVRPILIEAGILPRAHGSALFARGETKSLVVATLGSSTDEQRMDSLTGDVTKRFMLHYNFAPYCVGEVKPVRVSRREIGHGALAEKALRPILPLGEDFPFTLRVVAETMESNGSSSMAAVCGGCLSLMDAGVPITAPVAGVAMGLIKEGDQYVVLTDILGDEDALGDMDFKIAGTSEGITAVQMDIKVKGLPTDVMARAMQQARDARLHILGEMGKVLEAPRAELSAYAPQHAEVFVNPDIIRIIIGPGGKNIKAITATTGASIDIEDSGRVSIFAPTLEAMEMAREMVQYYDQRADIGKNYTGKVRKVLEIGAIVEILPNLEALVHISQLDTNRVEQASDVARLGEDMVVKVIEINGDRIRASRKAVLLEEQGIEWKPEDTARPSGPREGGRRDGGRDGRRDGGRDGRRDGGRDGGRRDGGRRDGGRDRN	82,199	760	\N	1	t	\N
106	RS15_DESVH	Q72ER5	2796764	\N	rpsO	\N	\N	\N	\N	MVMDIEAKKAVIDAHAKHEGDTGSPEVQVALLTARIEQLTGHFKVHKKDYHSRTGLLKLVGQRRKLLNYLKKKDVQRYRALIEKLGLRK	10,230	89	\N	1	t	\N
107	\N	Q72CY7	\N	\N	\N	\N	\N	\N	\N	\N	\N	\N	\N	1	t	\N
108	IF2_DESVH	Q72ER1	2793568	\N	infB	\N	\N	\N	\N	MTENKTKVKDLAAELGVTTKELGQVLKDMNISAKTSTSVIAQEDLPRIKERVQAQRDGGARKEGNPDVIVRRRHRDGDRASARAEAKAPEQEATAAMPETSAPERAEEADKPAVAKPAKAPETEAHARARKEPQAEPVKARIIRRPDEPAPVAKVVEAAPAETPAPEAPAVKATVTAEAAPAKTVEPESERPQADKPATARVVRPATPDASAVPDGTSSAPTLPVRSAEPSDTVERADADADGDDDDAQQRRRKKKRRQPEAVVPQVRVISRPDPAAVAQQQMQQQAAQQQREAGGYRPGGQRPEGGYRPEGQREGGYRPEGQREGGYRPGGAPRPEGGYRPGGPRPEGGYRPGAPRPEGGYRPAGGPRPEGQREGGYRPGAPRPEGGYRPAGGAPRPEGQREGGYRPAGGPPRPGGAPRPGGFGGAPGGMPVPGADGRGDQSKKKRQKGRRTVDFQADGPRGRSDDDVMRGPRGRGKRGKKDVRPAATQPLKAVKRKIKVDEAIRVADMAHQMGLKANEIIKVLFGLGVMATINQSLDIDTATVVAGEFGYEVEKVGFSEDDYLVPKEEDAPETLVTRPPVVTIMGHVDHGKTSLLDAIRKSNVTAGEAGGITQHIGAYHVTTKKGEIVFLDTPGHEAFTAMRARGAQITDLVVLVVAADDGVMEQTREAVNHSKAAGVPIMVAVNKMDKEGANPDRVIRELSELGLVAEDWGGDTIFAKVSAKTREGLDELLELIAIQAEILELKANPDKAARGHVVEAKLDKGRGPLATVLVQEGTLRQGDAFVCGVFAGRVRAMFDDQGRKVKEAGPSTPVEVQGFDGVVEAGEEFVSVADDKVARRIAESRAVKQRERELAKESKVTLETFLSRRADAAEALTLNLVLKADVQGTLEAISEAVRKLSTEKVKINIIHGGAGAITESDILLASASDAIIIGFNVRPTSKVKDIAEQENVDIRFYDIIYKLVDEIKSAMAGMLAPVQREVYLGQAEVRETFSVPKIGVIAGCHVADGKVTRNAGVRLLRDGVVVYTGKITSLKRFKDDVRDVQKGYECGMGLENFNDIKVGDVIEAFEMVEEAATL	115,406	1079	\N	1	t	\N
109	SYDND_DESVH	Q725Q7	2795681	\N	aspS	\N	\N	\N	\N	MSDQIADIQLEHQQYVAPLGDWQRTHSCCELTAADVGNDVCIMGWVQYRRDHGGLIFVDLRDRKGLTQVVFSPDFAPEAHKDAHIVRSEYVLAIRGRVRPRPEGMTNPGMKTGEIEVVVSEWKLLNTSKTPPFLIEDRTEASENLRLAWRYLDLRRPRMARNFMLRHRAAQSARRYLDELDFLEIETPYLTKATPEGARDFLVPSRLNHGMFYALPQSPQIFKQLLMVSGMDRYYQIVRCFRDEDMRADRQLEFTQIDIEMSFVDEERVMSMAEGLMSRVMKDTLGVDVTVPFPRMTYDQAMGEYGVDKPDTRFDLRLKDVTDAVRGSEFKLFAKAPLVKAMRVPGGETMTRKEIDEFTEFVKIYGAQGLAWIKIREGEWQSPIAKFLSEAERAALVAALGLEVGDIVFFQAGEPGMVNAALGNLRVKLGQHLGLIPEDTYNFLWVTDFPLFEYDEEEKRYVACHHPFTSPKDGHFDLMTSDPAAARARAYDMVLNGYELGGGSIRIHSAEVQRRMFAALGLDPQEAEEKFGFLIQALEHGAPPHGGIAFGMDRLVMLLTGSPSIRDVIAFPKTQKATCLMTQAPDAVSARQLRDLGIRLRETPQEQKPE	69,282	610	\N	1	t	\N
110	\N	Q72CQ5	\N	\N	\N	\N	\N	\N	\N	\N	\N	\N	\N	1	t	\N
111	\N	Q72FA2	\N	\N	\N	\N	\N	\N	\N	\N	\N	\N	\N	1	t	\N
112	\N	Q72CR0	\N	\N	\N	\N	\N	\N	\N	\N	\N	\N	\N	1	t	\N
113	\N	Q72CR1	\N	\N	\N	\N	\N	\N	\N	\N	\N	\N	\N	1	t	\N
114	\N	Q72F95	\N	\N	\N	\N	\N	\N	\N	\N	\N	\N	\N	1	t	\N
115	\N	Q72A47	\N	\N	\N	\N	\N	\N	\N	\N	\N	\N	\N	1	t	\N
116	\N	Q729N2	\N	\N	\N	\N	\N	\N	\N	\N	\N	\N	\N	1	t	\N
117	\N	Q72ED6	\N	\N	\N	\N	\N	\N	\N	\N	\N	\N	\N	1	t	\N
118	\N	Q72E12	\N	\N	\N	\N	\N	\N	\N	\N	\N	\N	\N	1	t	\N
119	\N	Q729W9	\N	\N	\N	\N	\N	\N	\N	\N	\N	\N	\N	1	t	\N
120	\N	Q728R3	\N	\N	\N	\N	\N	\N	\N	\N	\N	\N	\N	1	t	\N
121	\N	Q729X1	\N	\N	\N	\N	\N	\N	\N	\N	\N	\N	\N	1	t	\N
122	\N	Q729X0	\N	\N	\N	\N	\N	\N	\N	\N	\N	\N	\N	1	t	\N
123	TGT_DESVH	Q72E53	2794131	\N	tgt	\N	\N	\N	\N	MTTPGTFEIHATDGAARTGCLHTAHGIVRTPIFMPVGTVGSVKAIAPDDLEAIGAEIILGNTYHLYLRPGDELVARRGGLHEFNAWRKPILTDSGGFQVFSLSGLRRIAEEGVEFRSHLDGSKHLFTPEKVVSIQRNLNSDIMMVLDECVPYGADRTYTEKSVGLTTRWAKRCRDAYPKGAAGNLLFGITQGGFFKDLRTRSIGALTDIDFDGFALGGLSVGEPKAEMMDLLYHSAPLLPADKPRYLMGVGTPLDIINGIAAGVDMFDCVLPTRNARNGTLYTSLGKLNIKRREFAEDDGPLDPACSCYTCRTFSRAYLRHLYTAKELLAFRLNSIHNLTYFLDLVRGARAAIAAGRFAEYKRSFEAIYPEEVVA	41,191	375	\N	1	t	\N
124	\N	Q72E58	\N	\N	\N	\N	\N	\N	\N	\N	\N	\N	\N	1	t	\N
125	\N	Q72AS8	\N	\N	\N	\N	\N	\N	\N	\N	\N	\N	\N	1	t	\N
126	PURT_DESVH	Q72E56	2794128	\N	purT	\N	\N	\N	\N	MASIGTPLTPTATRILLLGSGELGREVALEAMRLGVEVVAVDRYPNAPAMQVAHRSHVVSMLDGAALRAIIEAEKPYCIVPEIEAIATGTLLELEQEGYRVVPTARAARLTMDREGIRRLAAEELGLPTSPYRFASTEEEYRAAIETVGLPCVVKPVMSSSGKGQSLVRTPADIDSAWAYAQTGGRAGAGRVIVEGFVDFDYEITLLTVRHAGGVTFCDPIGHLQKDGDYRESWQPQPMDAVALEKARAMADAVTGALGGWGIFGVELFVRGDEVWFSEVSPRPHDTGLVTLISQNMSEFALHVRAILGLPVPLLRQNGPAASCVILAEGDSEAPRFHGVDAALAEQDTALCLFGKPEVHGRRRMGVALALGDDIDAARAKARRAAGSVTVEL	41,958	393	\N	1	t	\N
127	\N	Q72E57	\N	\N	\N	\N	\N	\N	\N	\N	\N	\N	\N	1	t	\N
128	\N	Q72BG8	\N	\N	\N	\N	\N	\N	\N	\N	\N	\N	\N	1	t	\N
129	\N	Q727T3	\N	\N	\N	\N	\N	\N	\N	\N	\N	\N	\N	1	t	\N
130	LEU3_DESVH	Q726X1	2796299	\N	leuB	\N	\N	\N	\N	MHMNICLLPGDGIGPEIVAQGTKVLDAVARRFGHTVSTSSALIGGAAIDATGSPLPDATVEACRTSDAVLLGAVGGPKWDDLPSEKRPEKGLLGIRKALGLFANLRPAALFPELAGACLLRADIAAAGLDLVVVRELTGDVYFGQPAGIETRDGLRTGFNTMIYDEDEVRRIARVAFDTARARKRRVCSVDKANVLATSRLWREVVEEVARDYPDVELSHMYVDNAAMQLVRWPAQFDVIVTGNLFGDILSDEAAVITGSIGMLPSASMGSGGPALFEPIHGSAPDIAGQDKANPIATILSVGMMLRLGFGLAAEADAIDAAVRRVLAEGYRTGDIMENGRTLVGTVSMGNLIAERI	37,692	357	\N	1	t	\N
131	LEUD_DESVH	Q726X3	2796297	\N	leuD	\N	\N	\N	\N	MRYAGTAHKVGDHIDTDAIIPARFLVTTDAQKLGENCMEGLEHGWVARVKSGDIMVGGRNFGCGSSREHAPIAILGAGMPVVVAHSFARIFYRNGFNMGLLLLEVGDDVDKIADGDDIEVDAASGVITNRTTGATITCAPVPQSMRELLDTGGLVPYVRARLERENG	17,810	167	\N	1	t	\N
132	LEUC_DESVH	Q726X4	2796296	\N	leuC	\N	\N	\N	\N	MAHTLAQKILQRHTDEAITDAGQIVRCRVSMVLANDITAPLAIKSFRAMGAKRVFDKDRVALVMDHFTPQKDIEAAQQVKLTREFAREMGVTHYYEGGDCGVEHALLPELGLVGPGDVVVGADSHTCTYGGLGAFATGLGSTDVAGAMALGETWFKVPPTIRATFTGTLPAYVGAKDLILTLIGAIGVDGALYRALEFDGAAIEALDVEGRMTMANMAIEAGGKAGLFAADAKTLTYCTTAGRTGDTAFSADAGAVYERELSFDVTGMTPVVACPHLPDNVKPVSEVKDVTVQQVVIGSCTNGRIGDLREAAAVLRGRKVSRDVRCIVLPATPGIWRQALREGLIETFMEAGCIVGPATCGPCLGGHMGILADGERAIATTNRNFKGRMGSLESEVYLSGPATAAASAVTGVITDPSTL	43,834	419	\N	1	t	\N
133	\N	Q726X5	\N	\N	\N	\N	\N	\N	\N	\N	\N	\N	\N	1	t	\N
134	\N	Q72CZ7	\N	\N	\N	\N	\N	\N	\N	\N	\N	\N	\N	1	t	\N
135	\N	Q72D90	\N	\N	\N	\N	\N	\N	\N	\N	\N	\N	\N	1	t	\N
136	\N	Q726A2	\N	\N	\N	\N	\N	\N	\N	\N	\N	\N	\N	1	t	\N
137	\N	Q725Y1	\N	\N	\N	\N	\N	\N	\N	\N	\N	\N	\N	1	t	\N
138	\N	Q725Y0	\N	\N	\N	\N	\N	\N	\N	\N	\N	\N	\N	1	t	\N
139	\N	Q72D99	\N	\N	\N	\N	\N	\N	\N	\N	\N	\N	\N	1	t	\N
140	\N	Q726L0	\N	\N	\N	\N	\N	\N	\N	\N	\N	\N	\N	1	t	\N
141	RUBY_DESVH	P24931	2795966	\N	rbr	\N	\N	\N	\N	MKSLKGSRTEKNILTAFAGESQARNRYNYFGGQAKKDGFVQISDIFAETADQEREHAKRLFKFLEGGDLEIVAAFPAGIIADTHANLIASAAGEHHEYTEMYPSFARIAREEGYEEIARVFASIAVAEEFHEKRFLDFARNIKEGRVFLREQATKWRCRNCGYVHEGTGAPELCPACAHPKAHFELLGINW	21,544	191	\N	1	t	\N
142	\N	Q72FQ2	\N	\N	\N	\N	\N	\N	\N	\N	\N	\N	\N	1	t	\N
143	\N	Q726K8	\N	\N	\N	\N	\N	\N	\N	\N	\N	\N	\N	1	t	\N
144	\N	Q72DG3	\N	\N	\N	\N	\N	\N	\N	\N	\N	\N	\N	1	t	\N
145	\N	Q72DG5	\N	\N	\N	\N	\N	\N	\N	\N	\N	\N	\N	1	t	\N
146	QUEF_DESVH	Q72DG6	2794466	\N	queF	\N	\N	\N	\N	MTTRSTDQTEHLRALGQKTPYPAAGPSTDLLEAFPNRFPDRPYIVSIAFPEFTSLCPVTGQPDFATIVVEYIPDQFCVESKSFKVYMFAFRDHQSFMETITNTILDDMTTKLQPLWCRVKGLFTPRGGTQLHVFAERFKEVEPARAQALRDMVSEWKRENNRHGA	18,924	165	\N	1	t	\N
147	\N	Q72DG8	\N	\N	\N	\N	\N	\N	\N	\N	\N	\N	\N	1	t	\N
148	\N	Q726S5	\N	\N	\N	\N	\N	\N	\N	\N	\N	\N	\N	1	t	\N
149	RECA_DESVH	P62214	2794069	\N	recA	\N	\N	\N	\N	MAKKPSLSPEEMRREALETALSTIERKYGLGAVMKLSDEAHVAIPVIPTGSIGLDLALGVGGVPRGRVTEIYGPESSGKTTLTLHIIAEAQKRGGTAAFIDAEHALDVAYARRLGVNTEELLISQPDFGEQALDIADMLVRSAAVDLVVIDSVAALIPQAELEGSMGDTQVGGQARLMSHALRKLTGTIHKSRTAVIFINQIRMKIGTMGYGSPETTTGGNALKFYSSVRMDIRKIQTLKDKEEVYGSRTRVKIVKNKVAPPFREALFDILYGTGISRTGEIIDLGSDAGIIDKSGSWFAFGSERLGQGKENVRALLEENAPLREAIEAKLIEHLGMTPTKFASSGEEPANDEENDL	38,431	357	\N	1	t	\N
150	\N	Q72G28	\N	\N	\N	\N	\N	\N	\N	\N	\N	\N	\N	1	t	\N
153	RF1_DESVH	Q727E1	2794055	\N	prfA	\N	\N	\N	\N	MFAKLENLELKFEDLEQQLSSAEVFNDQDRYRKLTKAHADLKQVVDAFRRYKEMKQNLADNKELLGDSDHEIRAMAHEEIKAIEAALPDIEQELKILLLPRDPMDDKNILLEIRAGTGGEEASLFAADLFRMYTRYAEIMGWKVEVLSASDSDTGGYKEIIALIAGDKVYSRLKYESGTHRVQRVPATEAQGRIHTSAATVAVMPEAEEVDVDIRPDDLRIDVYRASGAGGQHVNKTESAVRITHLPTGIVVACQDEKSQHKNKAKAMKVLISRVLQAEQERAHSVIADARRALVGSGDRSERIRTYNYPQSRITDHRINLTLYSLDKVMEGELAPLVDALVTHAQTEALKAQADAS	39,977	357	\N	1	t	\N
154	RL31_DESVH	Q727E3	2794053	\N	rpmE	\N	\N	\N	\N	MKDNIHPTVYKATMNCACGYQAEVLSTKGENVHVEICSNCHPFYTGKQRLIDTAGRIDRFRKKYAKFGEEK	8,142	71	\N	1	t	\N
155	\N	Q72BL8	\N	\N	\N	\N	\N	\N	\N	\N	\N	\N	\N	1	t	\N
156	\N	Q729P1	\N	\N	\N	\N	\N	\N	\N	\N	\N	\N	\N	1	t	\N
157	\N	Q72EF4	\N	\N	\N	\N	\N	\N	\N	\N	\N	\N	\N	1	t	\N
158	\N	Q72F19	\N	\N	\N	\N	\N	\N	\N	\N	\N	\N	\N	1	t	\N
159	\N	Q72EF3	\N	\N	\N	\N	\N	\N	\N	\N	\N	\N	\N	1	t	\N
160	\N	Q72AN0	\N	\N	\N	\N	\N	\N	\N	\N	\N	\N	\N	1	t	\N
161	\N	Q72BM0	\N	\N	\N	\N	\N	\N	\N	\N	\N	\N	\N	1	t	\N
162	\N	Q72DR4	\N	\N	\N	\N	\N	\N	\N	\N	\N	\N	\N	1	t	\N
163	EFG_DESVH	Q72CI3	2795188	\N	fusA	\N	\N	\N	\N	MARVVPIDMQRNIGIMAHIDAGKTTTTERILFYTGVSHKIGEVHDGAATMDWMEQEQERGITITSAATTCFWREHRVNIIDTPGHVDFTIEVERSLRVLDGAVCVFDAVAGVEPQSETVWRQADRYGVPRICFVNKMDRIGASFERCVGMIRDRLRAKPIPVQLPIGAEDRFEGVIDLITGKAVTFDKASKGQTFNVGDVPAEYRDQYDAMRFEMIEAVAEEDEALMEKYLGGEELTVEEIISCVRKATIARNIVPVLCGSAFRNMGVQPLLDAVVDFLPSPVDIEQMKGVNPDKEEETIVCPCDDKEPLAALVFKLFSDPYIGHLSFCRIYSGFIESGMTVLNANTGKRERVGRLLKMHANKREEIKWAGAGDIVALVGLKLASTGDTICDEKRPVVLESLDIPEPVIEVAIEPKTKADRDALSAALAKLAKEDPSFRVKGDDETNQTLIAGMGELHLEIIVDRLTREFSVNANVGKPQVAYRETITKPGKADTKHVKQSGGRGQYGHAVIEIEPNPGKGYEFVNSITGGVIPKEYIAPIDKGIQDALKSGILSGFPTVDIKVNLVFGSYHDVDSSEQAFYVTGSMAIKEAIAKSGPVLLEPIMDVEVVTPDEYLGDVMGDLNGRRGKVQSMEARVGAQSIRAQVPLSEMFGYATDLRSKTQGRATFSMQFHHYERVPAALAEELVKKKG	76,010	691	\N	1	t	\N
164	\N	Q729P0	\N	\N	\N	\N	\N	\N	\N	\N	\N	\N	\N	1	t	\N
165	\N	Q728F6	\N	\N	\N	\N	\N	\N	\N	\N	\N	\N	\N	1	t	\N
166	\N	Q728G3	\N	\N	\N	\N	\N	\N	\N	\N	\N	\N	\N	1	t	\N
167	\N	Q729N3	\N	\N	\N	\N	\N	\N	\N	\N	\N	\N	\N	1	t	\N
168	HTPG_DESVH	Q728G0	2795699	\N	htpG	\N	\N	\N	\N	MATAPASHAFRTEVRKMLHIITHSLYTNREIFLRELVSNASDALDKLRFIRSRGDAVVAPDLAPGIDISVDKEARILTIADTGVGMTRQELMDNLGTIARSGSEQFVADLAAAENAKDADAASIIGRFGVGFYAVFMVADRVEVTSRSYIEGEAAHTWTSDGLGEFTVEEATGDIPQRGTVIKAHLREDAAEFLEKYRIEGILRKHSQFISFPIRVDGEQVNTTPALWREPKFSITDEQYADFYKHLTFDTEAPLRTLHVSVDAPVQFTGLVFVPPHGQEVFSMGRDRWGLDLYVRRVLIQRENKDLLPEYLGFLKGIVDTEDLPLNISRETLQENVVVRKIGQTLTKQVLADLARLAADDAEAYATFWRQHGKVFKLGYSDYANREKFAPLLRFNSSHHDDAQGLTSLDDYISRAREGQKEIWYIAAPGREAARLDPRVEVFRRKGLEVLYLLEPIDEFVLETLDSYSDFSFKAVEHADGEKLAQFEDTGPARDVTPLTEDEDAAFARLIERMKALLGDAVEDVRISHRLADSPACLVQPGGASTSSMDRLLRVLHKDESVPRKVFEVNRDHPILRNLLKVFTSDASDPLVEDTTRQLFATSLMLDGYLKDPHELAAMMHRLMEKSGDWYKAVRGL	71,660	637	\N	1	t	\N
169	\N	Q72EF0	\N	\N	\N	\N	\N	\N	\N	\N	\N	\N	\N	1	t	\N
170	RS12_DESVH	Q72CI5	2795186	\N	rpsL	\N	\N	\N	\N	MPTINQLIRKERKKVVKRKKTPALQACPQRRGVCTRVYTTTPKKPNSALRKVARVRLTNGLEVTAYIPGEGHNLQEHSVVMIRGGRVKDLPGVRYHIVRGTLDTSGVQDRRQGRSKYGAKRPK	13,909	123	\N	1	t	\N
171	RS7_DESVH	Q72CI4	2795187	\N	rpsG	\N	\N	\N	\N	MPRKGPVPRREILPDPLYNSRLVARFINRLMYDGKKGAAEKIFYSALDTLAQKTGEEPLKAFEKAIENVKPHLEVKARRVGGATYQVPMEVRPDRQVSLSLRWLIAYSRSRGEKGMVSKLSAELLDAFNNRGGAVKKKEDTHRMAEANKAFAHYRW	17,799	156	\N	1	t	\N
172	\N	Q72F23	\N	\N	\N	\N	\N	\N	\N	\N	\N	\N	\N	1	t	\N
173	\N	Q72CJ3	\N	\N	\N	\N	\N	\N	\N	\N	\N	\N	\N	1	t	\N
174	\N	Q72B78	\N	\N	\N	\N	\N	\N	\N	\N	\N	\N	\N	1	t	\N
175	\N	Q72CI8	\N	\N	\N	\N	\N	\N	\N	\N	\N	\N	\N	1	t	\N
176	\N	Q72BP0	\N	\N	\N	\N	\N	\N	\N	\N	\N	\N	\N	1	t	\N
177	\N	Q72FV6	\N	\N	\N	\N	\N	\N	\N	\N	\N	\N	\N	1	t	\N
178	CHEB1_DESVH	P62636	2795951	\N	cheB1	\N	\N	\N	\N	MARPCRVLIVDDSALVRQTLADLLSADPGIEVVGTASDPFVAAKRMEAVVPDVILLDIEMPRMDGLTFLRKIMTQHPLPVVICSSVTEQGAEATFKAMEYGAVEVITKPRLGTKRFLEESSIRICDAVKAAARARLHRLGHRTRDVAPKLTADAMLPGPTNFTRVQTTEKVVVVGASTGGTEALQVFLEAMPPDAPPIAIVQHMPEHFTGAFSRRLDGICRIRVREAEDGDIMARGQALIAPGSSHMLLKRNGSRYTVEVKDGPLVRRHRPSVDVLFRSAARYAGANAVAAILTGMGDDGAAGMKELHDMGAHTIAQDEATCIVFGMPHEAIRLGGVDRVLPLDAIAPAVLKACAGS	38,232	357	\N	1	t	\N
179	\N	Q72C26	\N	\N	\N	\N	\N	\N	\N	\N	\N	\N	\N	1	t	\N
180	TILS_DESVH	Q72C25	2794877	\N	tilS	\N	\N	\N	\N	MERTIKGVCDGENGEGVRNCHCVVALSGGADSTALLLILHYLRQRLGLSLSALHVDHGLRPESAAEARAAVTFCHALGIPLAVHTLTVDELAAVWRVGTEEAGRKARYDLLAAALPSPAADWICTGHHLGDLAEDVLMRLVRGCGWPALGGMRLCDPARRILRPLLLTEKDRLEAFLATLGVSWTEDPSNASDTYLRNRMRHGVIPLLTAENPGFLDQVRDLWQLAHIDADFWETRTAATLSAAPASPSHVEGEASAPHDAAHGAESIRLPKTTLTGLHQAERLRLFKEVLRRMGEGQARAETLLALDAAWVAGRGGTRFMFAGCKTATVRRGDIIFSGGPPAEDTP	37,410	347	\N	1	t	\N
181	\N	Q72BP1	\N	\N	\N	\N	\N	\N	\N	\N	\N	\N	\N	1	t	\N
182	\N	Q72BP2	\N	\N	\N	\N	\N	\N	\N	\N	\N	\N	\N	1	t	\N
183	\N	Q726P4	\N	\N	\N	\N	\N	\N	\N	\N	\N	\N	\N	1	t	\N
184	\N	Q726P5	\N	\N	\N	\N	\N	\N	\N	\N	\N	\N	\N	1	t	\N
185	\N	Q72C27	\N	\N	\N	\N	\N	\N	\N	\N	\N	\N	\N	1	t	\N
186	\N	Q726G0	\N	\N	\N	\N	\N	\N	\N	\N	\N	\N	\N	1	t	\N
187	\N	Q72BN7	\N	\N	\N	\N	\N	\N	\N	\N	\N	\N	\N	1	t	\N
188	\N	Q726P1	\N	\N	\N	\N	\N	\N	\N	\N	\N	\N	\N	1	t	\N
189	\N	Q72C31	\N	\N	\N	\N	\N	\N	\N	\N	\N	\N	\N	1	t	\N
190	RS21_DESVH	Q72B46	\N	\N	rpsU	\N	\N	\N	\N	MISLPGVYLNEDDYNFDIALRRFKKQVEKAGILSEMKKRQHYEKPSVMRKKKKAAARKRLLKKIRKMNMA	8,368	70	\N	1	t	\N
191	\N	Q72B47	\N	\N	\N	\N	\N	\N	\N	\N	\N	\N	\N	1	t	\N
192	\N	Q72FQ5	\N	\N	\N	\N	\N	\N	\N	\N	\N	\N	\N	1	t	\N
193	\N	Q72B43	\N	\N	\N	\N	\N	\N	\N	\N	\N	\N	\N	1	t	\N
194	\N	Q72B39	\N	\N	\N	\N	\N	\N	\N	\N	\N	\N	\N	1	t	\N
195	\N	Q72AP1	\N	\N	\N	\N	\N	\N	\N	\N	\N	\N	\N	1	t	\N
196	SIR_DESVH	Q05805	2795952	\N	\N	\N	\N	\N	\N	MSDEPKGAILQRDKLTYAIVPRTPCGLLTPDVLDAVSRVCRKYEVPIIKITSGQRLALVGMKKEAVEPMWEELRLDVGRAVELCVHYVQACPGTAVCRFGLQDSLGIGVAIEEEYVGHDFPAKVKFGISGCPFCCGESYLRDVGLVGTKKGWTLIVGGNSGGHPRIGDVLAEELSTDEAKGLIRKFMEFYRDNSGKRLRVSKFVEKTGIEAIRQAVLG	23,845	218	\N	1	t	\N
197	\N	Q72CU7	\N	\N	\N	\N	\N	\N	\N	\N	\N	\N	\N	1	t	\N
198	\N	Q728J5	\N	\N	\N	\N	\N	\N	\N	\N	\N	\N	\N	1	t	\N
199	\N	Q72EN0	\N	\N	\N	\N	\N	\N	\N	\N	\N	\N	\N	1	t	\N
200	\N	Q72B21	\N	\N	\N	\N	\N	\N	\N	\N	\N	\N	\N	1	t	\N
201	GRPE_DESVH	Q72DW7	2796535	\N	grpE	\N	\N	\N	\N	MSRDTTTPDDAAAFEAAATTSGTATSAGENIPGDLLPLCREHICPVCPEKAQADEQRLRALADLENTKKRLQREKDEQVRYAAETVLADLLPTLDNLDLALQYGQGSAECRNMLVGVEMTRKLLLEALGRHGLEAVGEAGEPFTPELHEAMSHEDRGDMPADHVATVMMKGYRLKERLLRPAKVTVSRTPG	20,850	191	\N	1	t	\N
202	\N	Q72CV3	\N	\N	\N	\N	\N	\N	\N	\N	\N	\N	\N	1	t	\N
203	FABZ_DESVH	P61452	2796527	\N	fabZ	\N	\N	\N	\N	MIDPAQSILDIRQILGLLPHRYPFLLVDRVVEYVPGDYIKAYKNVTMNEPFFQGHFPGVPVMPGVLIMEALAQAGGILVVKSTDTAVEDKLFLFTGIESVRFRKPVYPGDKLELHCRLLKHKLKLWKMEGRAYVDGKLAAEAVMTAAVTNREDM	17,343	154	\N	1	t	\N
204	\N	Q729I3	\N	\N	\N	\N	\N	\N	\N	\N	\N	\N	\N	1	t	\N
205	\N	Q726G8	\N	\N	\N	\N	\N	\N	\N	\N	\N	\N	\N	1	t	\N
206	\N	Q72B22	\N	\N	\N	\N	\N	\N	\N	\N	\N	\N	\N	1	t	\N
207	CY553_DESVH	P04032	2796646	\N	cyf	\N	\N	\N	\N	MKRVLLLSSLCAALSFGLAVSGVAADGAALYKSCIGCHGADGSKAAMGSAKPVKGQGAEELYKKMKGYADGSYGGERKAMMTNAVKKYSDEELKALADYMSKL	10,692	103	\N	1	t	\N
208	\N	Q72DW0	\N	\N	\N	\N	\N	\N	\N	\N	\N	\N	\N	1	t	\N
209	\N	Q72FW3	\N	\N	\N	\N	\N	\N	\N	\N	\N	\N	\N	1	t	\N
210	\N	Q72EV5	\N	\N	\N	\N	\N	\N	\N	\N	\N	\N	\N	1	t	\N
211	\N	Q72EV8	\N	\N	\N	\N	\N	\N	\N	\N	\N	\N	\N	1	t	\N
212	\N	Q72F55	\N	\N	\N	\N	\N	\N	\N	\N	\N	\N	\N	1	t	\N
213	\N	Q72C29	\N	\N	\N	\N	\N	\N	\N	\N	\N	\N	\N	1	t	\N
214	\N	Q72F64	\N	\N	\N	\N	\N	\N	\N	\N	\N	\N	\N	1	t	\N
215	\N	Q72F62	\N	\N	\N	\N	\N	\N	\N	\N	\N	\N	\N	1	t	\N
216	\N	Q728X1	\N	\N	\N	\N	\N	\N	\N	\N	\N	\N	\N	1	t	\N
217	\N	Q72F60	\N	\N	\N	\N	\N	\N	\N	\N	\N	\N	\N	1	t	\N
218	\N	Q72F61	\N	\N	\N	\N	\N	\N	\N	\N	\N	\N	\N	1	t	\N
219	\N	Q728A7	\N	\N	\N	\N	\N	\N	\N	\N	\N	\N	\N	1	t	\N
461	\N	Q729I1	\N	\N	\N	\N	\N	\N	\N	\N	\N	\N	\N	1	t	\N
521	\N	Q72DJ4	\N	\N	\N	\N	\N	\N	\N	\N	\N	\N	\N	1	t	\N
522	\N	Q725K7	\N	\N	\N	\N	\N	\N	\N	\N	\N	\N	\N	1	t	\N
220	RLME_DESVH	Q729T9	2794082	\N	rlmE	\N	\N	\N	\N	MKKYRDHYFLKAKQENYPARSVYKLKEIDNRFKIFRQGMKVLDLGAAPGSWSLGAAEKVGPRGRVLACDLQETDTVFPDNVTFMQENVFERSEAFENLLDEIAPFDVVISDMAPRTTGTRFTDQARSLELCLEALAVADRCLIKGGSFVVKIFMGPDVQELVQAMRQRFSAVKSFKPKSSRAESKETFYVCLGYRGVETSDTDK	23,105	204	\N	1	t	\N
221	\N	Q72A89	\N	\N	\N	\N	\N	\N	\N	\N	\N	\N	\N	1	t	\N
222	\N	Q726P0	\N	\N	\N	\N	\N	\N	\N	\N	\N	\N	\N	1	t	\N
223	\N	Q728Y8	\N	\N	\N	\N	\N	\N	\N	\N	\N	\N	\N	1	t	\N
224	\N	Q72EH0	\N	\N	\N	\N	\N	\N	\N	\N	\N	\N	\N	1	t	\N
225	\N	Q72EG9	\N	\N	\N	\N	\N	\N	\N	\N	\N	\N	\N	1	t	\N
226	LDH_DESVH	P62051	2793528	\N	ldh	\N	\N	\N	\N	MNRIAVIGVGNVGMAFAYAAAIKRLANDIVLIDANAARAEGESMDLADAMALVGPVQIRSGGYEQCEGARIVVVTAGAKQMPGQSRLDLVRVNAGITRDILTAVMQYADDPLYIMATNPVDVLTHVARTVTGVAPGRVIGSGTVLDSARFRGHVAEILGVDVRGVHAHIVGEHGDSEVALWSRANVSGIPVAEMCARRGIAYDAAFREKALGHVRHAAYEIIGRKGATGYGIGMSLCRIVEAILHDEHSVLTVSCPVAGHYGLGDVSLSLPCVIGSDGIEEVLDAPIAEDEQAALAASARVLGEHLAAL	32,213	309	\N	1	t	\N
227	\N	Q726P2	\N	\N	\N	\N	\N	\N	\N	\N	\N	\N	\N	1	t	\N
228	SAHH_DESVH	Q72EH1	2793368	\N	ahcY	\N	\N	\N	\N	MTDAKRAQKLDLSLDHKVADMSLADYGRKDLQLSEREMPGLMELIRKYGGTKPLKGLKVTGSLHMTIQTAMLIRTLYELGADIRWASCNIFSTQDHAAAAIAASGMAKVFAWKGETLEDYWWCTEMALTWPDGSGPDLLVDDGGDATLFIHKGVEVENDPSLLKKAYDNKEFQIIMDRLALAYEQDPGRWQRVAAKVRGVSEETTTGVHRLYQLEQEGKLLFPAINVNDAVTKSKFDNLYGCRESLADGIKRATDVMVAGKVVVVAGYGDVGKGCAQSMRGFGARVLVTEIDPICALQAAMEGYEVTTMEEAVRTGDIFVTATGNCNVITGAHMEAMKDEAIVCNIGHFDNEIDMHYLENTEGCVCLNIKPQVDKWTLRSGRSIIVLAEGRLVNLGCATGHPSFVMSASFTNQTLAQIELATNPDLERKVYTLPKKLDEEVARLHLDRLGVKLTRLSKDQADYIGVSPEGPFKPDHYRY	52,897	479	\N	1	t	\N
229	MURG_DESVH	Q728U8	2795632	\N	murG	\N	\N	\N	\N	MRRVILTTGGTGGHIFPALAVAEEIRARYPECSVLFMGGLYGPEADLAARAGLDFVGLPVRGVLGRGVRAIGAAFGMAAGIARAYAVMGRFDPDIVLGFGGYAAFAGVLAARLRGRPAAIHEQNSVPGLTNRVLSRVVPRVFLSLPDTLGAFPPQKTCLAGNPVRASIVACGAERSDPRPDHVRRLLVMGGSLGARAINDAVVSSLPALAEAGVEVWHQTGAADWERIRKAYAETGHGEGRVEAFIDDVASAYAWADLVLCRAGATSVAELAVAGKPAVLVPYPFATHDHQTHNARWLVSRGAAVLLEQKDISMTDVPALLVGLLSDRARLNRMAVSARAQGRPDAAAAVVDGLVELLKTTPRAR	38,297	365	\N	1	t	\N
230	\N	Q72D57	\N	\N	\N	\N	\N	\N	\N	\N	\N	\N	\N	1	t	\N
231	RIMP_DESVH	Q72EQ8	2794303	\N	rimP	\N	\N	\N	\N	MTKQALDATIADMAGPFLASLGLELWGIELSYGGRTVVRLFVDGPEGVTIDQCAEVSRHVGLALEVEDVISSAYVLEVSSPGLERPFFRAEQMSPYVGRQIELTLIDPTPEWPGRRKFRGELLAVEGDTVVLRPEGAPAPEAEEAVLRTSWQGVRKANLIHVFPEPGHKPRR	18,887	172	\N	1	t	\N
232	MURA_DESVH	Q726D3	2793861	\N	murA	\N	\N	\N	\N	MDKLVIEGGVPLTGTINVSGSKNAALPILMASILAEEPVTYTNVPRLRDIHTTNKLLSILGCPAEFEGDTVSVRPCDLKPEAPYDLVKTMRASVLCLGPLLARLGEARVALPGGCAIGARPVDLHLTALEKMGARFELEEGYIIGRCRKLKGAHIYFDFPTVGGTENLLMAATLAEGETILENAAREPEVVDLARFLIACGAKIEGHGTSVIRVQGVPRLHGCEYAIMPDRIEAGTFLVAAGITGGELLLTGCPWEELDAVIVKLNAMGMHIEKTSEGVLAKRRNGGLRGTDVTTQPFPGFPTDMQAQVMSLMCLAEGTSVVQENIFENRFMHVLELVRMGADIRISGRSAVVRGVKRLTGAPVMASDLRASASLVLAGLAARGTTHVQRIYHLDRGYERIELKLNAVGARIRREAE	44,823	417	\N	1	t	\N
233	YIDC_DESVH	Q72D53	2794455	\N	yidC	\N	\N	\N	\N	MENKRAIIAVVLSFIVLVGWGYLSEYMGWTPKSVPATEQKTAASAPAPSVVTSAPEAVTPAPAFSPSTGHEVTVTTPLYKAVLHSGGGVLRQFMLSRYHMGIDRDAAPVNLIESSAIRVAPLGLLVNGQPSWNTGQWAFEGGDLNLADGQTGTLRFVGSVDGLRVVRELEFHADSYLVTEKLHLAPEGDAPRTARVGFTLGTTSLTPGESQYNLTRVAWFADGSFSEKSSTGDLEKGVLIDGSIDWAGVMSNYFLAAVAPKDTRAVLKGKLEGGVYRVAVERPDQMVNPGNSDVIVCNYWFGPKERDLLNAAPNNLGKAIDLGWFGFIARPLVTLLDFFYKYVGNYGTAIILLTILIKLVFWPLSHKSYKSMEQMKKLQPMLAKVREKHADDREKMNEEMMRLYKTYKVNPAGGCLPMLVQIPVFFGLYQALLNAIELRHAPFIAHVPFTDIVWLADLSAKDPFYVTPLVMGATMFLQQKLTPPAGDPTQAKVMMFMPVVFTFLFLNFPSGLVVYWLCNNVLSIAQQWWILRKA	58,879	534	\N	1	t	\N
234	\N	Q725N2	\N	\N	\N	\N	\N	\N	\N	\N	\N	\N	\N	1	t	\N
235	\N	Q728T8	\N	\N	\N	\N	\N	\N	\N	\N	\N	\N	\N	1	t	\N
236	\N	Q72D52	\N	\N	\N	\N	\N	\N	\N	\N	\N	\N	\N	1	t	\N
237	GATA_DESVH	Q72DX1	2796531	\N	gatA	\N	\N	\N	\N	MSALHTLSLAAIRDALARREVRAEDAVLDCLARIETTEPRIDALLHLRAEAAIEEARALDAAGPDASRPLWGVPVTVKDALTTAGTPTTAGSRILEDFVPFYDAFAVQRLREAGAIILGKNNMDEFAMGSSTENSAYKPTRNPWDTARVPGGSSGGSAASVAAGQCFASLGTDTGGSIRQPASLCGCVGLKPTYGRVSRYGLIAYGSSLDQIGPMTRTVEDAAIVMGVIAGHDKRDSTCADRPVEDFAAALASRHDLAGVRIGVPAEFWGEGLSPEVATSCRAALDAARDLGATIVDVALPHTPQSIAAYYIVASAEASSNLARYDGVRYGKRAHAPEDLMDLYVRSRSEGLGDEVQRRIMLGTYVLSSGYYDAYYRKAAQVRRRILEDYRNAFATCDVICGPVSPVTAWPLGALTADPLQMYLMDVFTLSLNLAGLPGLSLPVGLGTESGMPVGIQLLGRSFDEATLLSVGNVLSRALPPLGSPAGLR	51,637	489	\N	1	t	\N
238	\N	Q726B2	\N	\N	\N	\N	\N	\N	\N	\N	\N	\N	\N	1	t	\N
239	\N	Q72CV4	\N	\N	\N	\N	\N	\N	\N	\N	\N	\N	\N	1	t	\N
240	\N	Q72CK5	\N	\N	\N	\N	\N	\N	\N	\N	\N	\N	\N	1	t	\N
241	\N	Q72CK4	\N	\N	\N	\N	\N	\N	\N	\N	\N	\N	\N	1	t	\N
242	\N	Q72CV9	\N	\N	\N	\N	\N	\N	\N	\N	\N	\N	\N	1	t	\N
243	\N	Q725M0	\N	\N	\N	\N	\N	\N	\N	\N	\N	\N	\N	1	t	\N
244	\N	Q729V7	\N	\N	\N	\N	\N	\N	\N	\N	\N	\N	\N	1	t	\N
245	\N	Q725K4	\N	\N	\N	\N	\N	\N	\N	\N	\N	\N	\N	1	t	\N
246	RL21_DESVH	Q72DK2	2794627	\N	rplU	\N	\N	\N	\N	MYAIIETGGKQFRVEEGSKIFVEKLASEAGSEIVIDKVLMLGGGDVKVGAPYVENAKVTAEVVEHGRGEKVVIFKKWRRNDSRKKQGHRQDFTALKIKAITA	11,288	102	\N	1	t	\N
247	DER_DESVH	Q725L9	2793844	\N	der	\N	\N	\N	\N	MFAKIALVGRPNVGKSTLFNRLIRSNRAITHDMPGVTRDRMEGIVRGRNKRPFGIIDTGGITLDGHAAVAEGPAGIRGFEAEILRQAEEAIAECVAVCLVVDGREGLLPFDEHLASYLRRTGKPVLVVVNKVDGIEKEDVLTAEFHILGFPVLAVSAEHGHNLRWLESEMRDLLPEEDEDGIDDDAADATAVAIADADAETEDGASASETEEDITEETVEDEPEAPLRLCMLGRPNAGKSSLVNALTGTNRMIVSDVAGTTRDSVDVAFEKDGLSYTFVDTAGVRRRSRITDTVERYSVNSSLKSTTKAHVTLLVLDAVEGITSQDKRLIELLDERKTPFMVLVNKMDLVPAKAREDGKRNFRDLLNFCQHVPLLFVSAKTGYELRSIVPLAARIRRECSVRIPTGQLNRAMEEVITRHQPPVVRRVRPKFYYMTQAESQPPTFVLFVNDADRIQAPYAKYIEKSLRRLFGIEHAPMRVHFRSSHKKNSEK	54,565	491	\N	1	t	\N
248	OBG_DESVH	Q72DK0	2794629	\N	obg	\N	\N	\N	\N	MRFVDEATINVRAGKGGNGCLSFRREKFIPRGGPDGGNGGDGGSVILRPTNRLLSLYDFRLQRNYEARNGQSGMGSQCDGRKGEDLVLELPLGTLVFEVDDEGHEQMIADLSDPDGVFVVARGGRGGKGNEHFKSSTMRAPRFAQKGEPGEERRLRLELKILADAGLLGLPNAGKSTFISRISAARPKIAAYPFTTLTPNLGVMIDEVDPDRRMVIADIPGLIEGAHTGQGLGHRFLKHVERTRFLVHILSIEDIDPENPWTGFDLINEELARFDEVLREREQIEVVNKIDLRTPEEVDALRQQAAQQGRRIFFISAMHGEGIEEVVDAMWRLRDTIDMHEPLVHLQEVEEEDEEFEDIEVVYTRE	40,966	366	\N	1	t	\N
249	RL27_DESVH	Q72DK1	2794628	\N	rpmA	\N	\N	\N	\N	MAHKKAGGSSRNGRDSQGQRRGVKRFGGQLVLAGNILIRQLGTKVHPGENVGMGRDYTLFAKVDGTVRYEKFTRKRKVLTRVHIDAV	9,648	87	\N	1	t	\N
250	ATPG_DESVH	Q72E03	2794847	\N	atpG	\N	\N	\N	\N	MPSLKDVKVKIAGVKKTKQITKAMNMVASAKLRGAQQRIERFRPYAEKFYGMLGDLASKADGSAHPLLEVRDEIKTCGIVLATSDRGLCGSFNANLISTALKLAKQKAAEGKTVKFYCVGKKGRDTIRKADFEVVTAIADQMGSFDFQLANKLGLEVINHYLTGELDEVVLVYGEFVSTAKQLPITLPILPIASEKKDEAEAAPSKEYIYEPAVEGLLAELLPRFIKVQIYRGLLDTSASEHAARMAAMDNATRSCDDMIGALTLLFNKTRQASITRDLMDIVGGAEALKG	31,693	291	\N	1	t	\N
251	ATPA_DESVH	Q72E02	2794762	\N	atpA	\N	\N	\N	\N	MQIKAEEISKIIEEQIQSYEQRVEMSETGTVLYVGDGIARVHGVQNAMAMELLEFPGGLMGMVLNLEEDNVGVALLGDDTQIKEGDPVKRTGKIFSVPVGDAVMGRVLNPLGQPIDGLGPLDAKEFRPVELKAPGIIARKSVHEPMPTGIKAIDAMTPIGRGQRELVIGDRQTGKTAVCIDAILAQKNTDIHCFYVAIGQKKATVALVADTLRKYGAMEYTTIISATASEPAPLQFISAYSGCTMAEFYRNNGKHALIIYDDLSKQAVAYRQMSLLLRRPPGREAYPGDVFYLHSRLLERAAKVNDSLGAGSLTALPIIETQAGDVSAYIPTNVISITDGQVYLEPNLFNAGIRPAINVGLSVSRVGGAAQIKAMKQVAGTMRLDLAQYRELAAFAQFGSDLDKATKAKLDRGARLVELLKQPQYEPMPTEEQVASMYAATRGLMDDVAVADIRKFETAMLDYLRSGKADILNDIKTKKALDQDIENRLKAAIAEFKKGYQA	54,582	502	\N	1	t	\N
252	\N	Q729Y2	\N	\N	\N	\N	\N	\N	\N	\N	\N	\N	\N	1	t	\N
253	ATPB_DESVH	Q72E04	2794846	\N	atpD	\N	\N	\N	\N	MSANIGKIVQVIGAVVDVEFPSGQLPNILNALDIKNPNNTDAPDLVCEVAQHLGDNIVRTIAMDATEGLVRGMEASDTGKPIMVPVGKASLGRIMNVVGRPVDELGPINADKSLPIHRAAPEFTEQNTKVELLETGIKVVDLLIPFPKGGKMGLFGGAGVGKTVILMEMINNIAKQHGGISVFAGVGERTREGNDLYHEMKDAGVLEKAALIYGQMNEPPGARARVALTALACAEYFRDVENQDVLLFVDNIFRFTQAGSEVSALLGRMPSAVGYQPTLGTDLGALQERITSTTKGSITSVQAVYVPADDLTDPAPATTFSHLDGTLVLSRQIAELGIYPAVDPLDSTSRILDPNVVGVEHYGVARQVQQVLQKYKDLQDIIAILGMDELSDEDKLTVARARRIQRFLSQPFHVAETFTGTPGVYVKLEDTIKGFMGILNGDYDHLAEGDFYMVGGIEMALEKYKKRQEQ	50,742	470	\N	1	t	\N
254	\N	Q729Y5	\N	\N	\N	\N	\N	\N	\N	\N	\N	\N	\N	1	t	\N
255	\N	Q72FY7	\N	\N	\N	\N	\N	\N	\N	\N	\N	\N	\N	1	t	\N
523	\N	Q72FD3	\N	\N	\N	\N	\N	\N	\N	\N	\N	\N	\N	1	t	\N
591	\N	Q72D62	\N	\N	\N	\N	\N	\N	\N	\N	\N	\N	\N	1	t	\N
256	ATPD_DESVH	Q72E01	2794763	\N	atpH	\N	\N	\N	\N	MTGNIVARRYARALFALGKKSGLSDLETFGNDLAALAGTLETAPELVRMFRNPVFTPDEKRNVIAKLLDKLKVCPTVRNFCLLLADRERLAFIQDIQAYYGILLDAEKGVIRGELVTAIELANAKRDKVKAQLEAQAGRKLELGFSVDKNILGGVVLKVGDRILDASLRAQLGILKDNIKRGE	20,122	183	\N	1	t	\N
257	ATPF_DESVH	Q72E00	2794764	\N	atpF	\N	\N	\N	\N	MTLFFASMAYASGDSGHGPDWGNFAFRVVNFVIFAGIIWKAAGKKIVGFFTGRRQGIEQELNDLETRKTEAKKQLAEVERRIANLESERQAILADYRAQGENIKAAIIDKAEKSASLITEQAKRTADNEIKAAIDAMRAQMADEIIVAAEKLLAEKLTANEHEKLIDKYLTKVVLN	19,573	176	\N	1	t	\N
258	\N	Q729C3	\N	\N	\N	\N	\N	\N	\N	\N	\N	\N	\N	1	t	\N
259	\N	Q72BJ9	\N	\N	\N	\N	\N	\N	\N	\N	\N	\N	\N	1	t	\N
260	SYA_DESVH	P61700	2794068	\N	alaS	\N	\N	\N	\N	MITANEIRRRFLEFYKAHGHEAVRSSSLVPKDDPSLLFTNAGMVQFKKIFLGQEKRAYSRATTSQKCLRVGGKHNDLENVGRTARHHTFFEMLGNFSFGDYFKEDAIKFAWKFLTEELKLPKERLYATVFRDDDEAEQLWLKHSDIPAERIYRMGEKDNFWSMGDTGPCGPCSEILIDQGEHMTCGPDCGIGKCDCDRFLEIWNLVFMQYDQDATGKREPLPKPSIDTGMGLERITAVCQGVFSNFDTDIFQAIIQYTCGLANVSYRSDDETDTALRVIADHSRAIAFMITDGILPSNEGRGYVLRRLIRRAYRFGRLIGLTDTFLHKTALKVVDIMGDDYPELRENSDFMARVVREEEDRFNRTLDKGLSMLEDELATLSASGAAHVPGDIAFRLYDTFGFPLDIVNDIAEKRGFSVDEDGFKALMKEQKERAKAAWKGSGEKDIASRFQPLLEEGMRSEFIGYDHLCGEGRIVALMDEHALAVERLAAGQKGYLVTNRTPFYGASGGQSGDIGTIASPSGKVRVVDTIKPSPELVVHHVEAVEGDILLDQEVDLTVTEDDRVASARNHTCTHLLHAALRRVLGDHVKQAGSLVAPDRLRFDFTHIAPMTPEELAAVEREVNRVIMADIPLETDHMHYDDAVKRGAMALFGEKYGDEVRVVAIADESVELCGGTHLRATGQAGLFLIVSESGVAAGVRRIEALTGWNAMHAVLAQRSEQAQLSAMLKARPGEIVSRVESLQKENRTLRKDMERAAAQATSGQGRNIMDEATDVAGVKLLAAKVEVPNVKALRDLMDDVRSKLVSGIACLAAVDGDKVQLIIAVSKDLQTRFTAPQLIKDVAAEVGGSGGGRPDMAQAGGTNPAGIDAAFAKLRSLIGG	96,926	879	\N	1	t	\N
261	\N	Q72EA3	\N	\N	\N	\N	\N	\N	\N	\N	\N	\N	\N	1	t	\N
262	\N	Q72EA7	\N	\N	\N	\N	\N	\N	\N	\N	\N	\N	\N	1	t	\N
263	\N	Q72C36	\N	\N	\N	\N	\N	\N	\N	\N	\N	\N	\N	1	t	\N
264	\N	Q72DC2	\N	\N	\N	\N	\N	\N	\N	\N	\N	\N	\N	1	t	\N
265	\N	Q72DC4	\N	\N	\N	\N	\N	\N	\N	\N	\N	\N	\N	1	t	\N
266	FDNGA_DESVH	Q727P3	2793773	\N	fdnG-3	\N	\N	\N	\N	MKTTRRSFLKLVGVSVVGLSLGQLGFDLEDAQAYAVKLKIEGAKEVGTVCPFCSVCCQVIAYVRNGKLVSTEGDPDFPVNEGALCAKGAALFSMYTNPHRLTKPLYRAPHSDKWVEKDWDWTLNQIARRVKDARDKDMILKNDKGQTVNRLESIFMMGTSHASNEECAVIHQAMRGLGVVHMDHQARVUHSPTVAALAESFGRGAMTNHWIDIKNTDAVLIIGSNAAEHHPVAFKWIMRARDNGAVLMHVDPKFSRTSARCDFHVPLRSGTDIAFLGGMVNHIIAKDLYFKDYVANYTNAAFVVGKDYAFEDGIFSGYDPKTRTYDRSKWEFEKGPDGGPVMDPTLKNERCVFNLMKKHYERYTLKNVSDVTGVSEENLLRVYDAFCATGRPDKAGTILYALGWTQHTVGVQNIRTSTLIQLLLGNIGVAGGGINALRGEPNVQGSTDHALLYHILPGYNAMPVAQWQTLADYNKANTPVTTLKNSANWWSNRPKYVASLLKGWFGDAATPENDFCYEYLPKLEKGEDYSYMYVMDRMYHGKLKGGFIFGVNPMNSFPNTNKMRAALDKLDWLVCSELHNSETTDNWKRPGVDPKACKTEVFLLPSAHRVEKAGTISNSGRWLQWFDKAVEPGQARNFADIFVPLVNKIRALYKAEGGTLPDPVLKLHWTDKFDPEEWTRRINGFFWADTKVGDKEYKRGQLVPAFGQLKDDGSTSSLNWLYTGSYTEEDGNKSKRRDARQTPMQANIGLFPNWSWCWPVNRRILYNRASVDVNGKPWNPKKAVIEWDGAKWVGDVPDGPWPPMADKEKGKLPFIMNKDGFAQFYGTGRMDGPFPEHYEPAETPLDSHPFSKQLSSPVYKFHTSDMDQIAKAADPKYPIVLTTYSLTEHWCGGGETRNVPNLLETEPQLYIEMSPELAEEKGIKNGDGVIVESIRGRAEAIAMVTVRIRPFTVMGKTVHLVGMPFAYGWTTPKCGDSTNRLTVGAYDPNTTIPESKACLVNVRKADKLTEIA	113,389	1012	\N	1	t	\N
267	\N	Q727A5	\N	\N	\N	\N	\N	\N	\N	\N	\N	\N	\N	1	t	\N
268	\N	Q726I1	\N	\N	\N	\N	\N	\N	\N	\N	\N	\N	\N	1	t	\N
269	GCH4_DESVH	Q727G3	\N	\N	folE2	\N	\N	\N	\N	MEDVQNSPAQVAMPIDRVGVKNLQLPLVVSDRAQGRQHTVATVDIGVDLPAHFKGTHMSRFVEALENWTEELDYASMKRLLEDVKTRLEARKAYVLFRFPYFIRKKAPATGSPGLVCYQCRLTGELEEGRPSFLLEVEVPVMTVCPCSKAISDEGAHSQRAVVRIAVRMTRFSWLEEFIDLAEVSGSSPVYTLLKREDEKYVTEDAFAHPTFVEDVVRAAAQRLERHPQISWFRVEVESFESIHCHNAFASIERTITPETQPGS	29,880	264	\N	1	t	\N
270	\N	Q726J0	\N	\N	\N	\N	\N	\N	\N	\N	\N	\N	\N	1	t	\N
271	\N	Q72C72	\N	\N	\N	\N	\N	\N	\N	\N	\N	\N	\N	1	t	\N
272	\N	Q72C66	\N	\N	\N	\N	\N	\N	\N	\N	\N	\N	\N	1	t	\N
273	\N	Q726I0	\N	\N	\N	\N	\N	\N	\N	\N	\N	\N	\N	1	t	\N
274	\N	Q72BS5	\N	\N	\N	\N	\N	\N	\N	\N	\N	\N	\N	1	t	\N
275	\N	Q726M4	\N	\N	\N	\N	\N	\N	\N	\N	\N	\N	\N	1	t	\N
276	\N	Q729P7	\N	\N	\N	\N	\N	\N	\N	\N	\N	\N	\N	1	t	\N
277	\N	Q727V0	\N	\N	\N	\N	\N	\N	\N	\N	\N	\N	\N	1	t	\N
278	\N	Q726K7	\N	\N	\N	\N	\N	\N	\N	\N	\N	\N	\N	1	t	\N
279	\N	Q726K6	\N	\N	\N	\N	\N	\N	\N	\N	\N	\N	\N	1	t	\N
280	\N	Q72BT2	\N	\N	\N	\N	\N	\N	\N	\N	\N	\N	\N	1	t	\N
281	\N	Q726K3	\N	\N	\N	\N	\N	\N	\N	\N	\N	\N	\N	1	t	\N
282	\N	Q726K0	\N	\N	\N	\N	\N	\N	\N	\N	\N	\N	\N	1	t	\N
283	\N	Q72DZ0	\N	\N	\N	\N	\N	\N	\N	\N	\N	\N	\N	1	t	\N
284	\N	Q728M3	\N	\N	\N	\N	\N	\N	\N	\N	\N	\N	\N	1	t	\N
285	\N	Q72DZ9	\N	\N	\N	\N	\N	\N	\N	\N	\N	\N	\N	1	t	\N
286	\N	Q72AZ0	\N	\N	\N	\N	\N	\N	\N	\N	\N	\N	\N	1	t	\N
287	\N	Q72AY9	\N	\N	\N	\N	\N	\N	\N	\N	\N	\N	\N	1	t	\N
288	\N	Q729N0	\N	\N	\N	\N	\N	\N	\N	\N	\N	\N	\N	1	t	\N
289	\N	Q727W6	\N	\N	\N	\N	\N	\N	\N	\N	\N	\N	\N	1	t	\N
290	\N	Q729M4	\N	\N	\N	\N	\N	\N	\N	\N	\N	\N	\N	1	t	\N
291	\N	Q729M5	\N	\N	\N	\N	\N	\N	\N	\N	\N	\N	\N	1	t	\N
292	\N	Q72AY3	\N	\N	\N	\N	\N	\N	\N	\N	\N	\N	\N	1	t	\N
293	\N	Q727W9	\N	\N	\N	\N	\N	\N	\N	\N	\N	\N	\N	1	t	\N
294	\N	Q729M1	\N	\N	\N	\N	\N	\N	\N	\N	\N	\N	\N	1	t	\N
295	\N	Q72EI9	\N	\N	\N	\N	\N	\N	\N	\N	\N	\N	\N	1	t	\N
296	\N	Q72EZ5	\N	\N	\N	\N	\N	\N	\N	\N	\N	\N	\N	1	t	\N
297	\N	Q72EZ7	\N	\N	\N	\N	\N	\N	\N	\N	\N	\N	\N	1	t	\N
298	\N	Q72AT0	\N	\N	\N	\N	\N	\N	\N	\N	\N	\N	\N	1	t	\N
299	\N	Q72DS8	\N	\N	\N	\N	\N	\N	\N	\N	\N	\N	\N	1	t	\N
300	\N	Q72DS9	\N	\N	\N	\N	\N	\N	\N	\N	\N	\N	\N	1	t	\N
301	\N	Q72DS2	\N	\N	\N	\N	\N	\N	\N	\N	\N	\N	\N	1	t	\N
302	\N	Q72DS3	\N	\N	\N	\N	\N	\N	\N	\N	\N	\N	\N	1	t	\N
303	\N	Q72DS4	\N	\N	\N	\N	\N	\N	\N	\N	\N	\N	\N	1	t	\N
304	\N	Q72DS5	\N	\N	\N	\N	\N	\N	\N	\N	\N	\N	\N	1	t	\N
305	\N	Q726S1	\N	\N	\N	\N	\N	\N	\N	\N	\N	\N	\N	1	t	\N
306	\N	Q726S0	\N	\N	\N	\N	\N	\N	\N	\N	\N	\N	\N	1	t	\N
307	\N	Q726R9	\N	\N	\N	\N	\N	\N	\N	\N	\N	\N	\N	1	t	\N
308	ACKA_DESVH	Q726S6	2796447	\N	ackA	\N	\N	\N	\N	MNVLVINSGSSSIKYQLIDMEREVPLCSGLVERIGEPMGKLTHKIRPDAEGEEKLTFEQPFTNHVEGMKRVVELITDADKGVIKDKSEIGAIGHRVLLGGEEIKQSVRIDDWAKGVIRDYIPLGPLHNPANLAGIEVAEELFPGLPNVGVFDTEFHQSMPAKAYLYPLPIELYEELKIRRYGFHGTSHRYITKRTAQYLGKPLDELNIITCHLGNGCSMAAVKNGKCVDTTMGITPLEGLMMGTRCGDIDPAIVPFLMEKKNLSPAEADTLMNKQSGLKGMCGMNDMRDLHAARENGNERAQLAFEMFTYRIKKYIGAYYAVLGRVDAVVFTAGIGENDDFVRAEVCAGLDSLGIAVDPARNAVRNGQPRHISPDGSRVAVLVVPTNEELEIAQATLDVLKG	44,136	402	\N	1	t	\N
309	RS3_DESVH	Q72CH4	2794192	\N	rpsC	\N	\N	\N	\N	MGQKVHPFGFRLGYNKNWQSRWYSKKEYPAFVFEDHNIRKFVKKTLYHAGLAKIEIERAGGKVRLILSTARPGIVIGRKGVEIEKLRADLRKKFKREFAIEVNEIRRPEVESQLVAENIALQLERRVAFRRAMKRTVSMARKFGAEGIKVTCSGRLAGAEIARTEWYRDGRVPLQTLRADIDFGFAEARTTYGVIGVKVWIFKGELLDNEVA	24,414	212	\N	1	t	\N
310	\N	Q72FG1	\N	\N	\N	\N	\N	\N	\N	\N	\N	\N	\N	1	t	\N
311	\N	Q726S3	\N	\N	\N	\N	\N	\N	\N	\N	\N	\N	\N	1	t	\N
312	RL4_DESVH	Q72CH9	2795192	\N	rplD	\N	\N	\N	\N	MAVVKVYDQNKQEAGEITLAPEVFEVEVRPEILHLVVRAQRAAFRAGTHATKTRAFVSGGGLKPWRQKGTGRARAGSIRSPLWRGGAIIFGPQPRDYEFKVNKKVRKLALRMALSSRLAGSNLLVVKGFELPEVKTKLFAKIADTLGLDKALIIAPEENTTLALSVRNIPGITIATPEQLSVYEILKHKQLVLVEGAVASVQDRLK	22,598	206	\N	1	t	\N
313	RL23_DESVH	Q72CH8	2795193	\N	rplW	\N	\N	\N	\N	MDYTKILIKPLISEKTTYIKELSRQVAFFVDPRANKIEIKKAVEAAFKVKVADVNVVNRKSSDRVRQGRVVGRVAGFKKAYVTLAPGEKIEFFEGV	10,846	96	\N	1	t	\N
314	RL2_DESVH	Q72CH7	2794189	\N	rplB	\N	\N	\N	\N	MAVRKLKPTSPGRRFQTVSDFEEITRSTPEKSLVIGLTKKSGRNNNGRVTSRRRGGGHKRLYRIIDFRRDKAGIPAKVAHIEYDPNRTARIALLHYADGEKRYILAPVGIRQGDMILSGEGADIKPGNALPMSRIPVGTNLHNIELQPGRGGQFCRAAGTYAQLVAKEGKYALLRLPSGEVRKVLAACCATVGQVGNVNHENISLGKAGRARWLGNRPKVRGVAMNPIDHPLGGGEGRSSGGRHPVSPWGMPTKGYKTRDRKKASSKLIIKRRGQK	30,148	276	\N	1	t	\N
315	RS19_DESVH	Q72CH6	2794190	\N	rpsS	\N	\N	\N	\N	MPRSLKKGPFVDGHLMKKVDMAVANSDRRVIKTWTRRSTILPEMVGLTFAVHNGKKFMPVFVTENMVGHKLGEFAPTRTYHGHAADKKSKAKK	10,492	93	\N	1	t	\N
316	\N	Q72FF5	\N	\N	\N	\N	\N	\N	\N	\N	\N	\N	\N	1	t	\N
317	RS10_DESVH	Q72CI1	2795190	\N	rpsJ	\N	\N	\N	\N	MTTVSSDRIRIKLKAYDYRILDKAVAEIVDTARNTGAGVAGPIPLPTNIHKFTVNRSVHVDKKSREQFEMRIHKRLMDILEPTQQTVDALGKLSLPAGVDVEIKL	11,752	105	\N	1	t	\N
588	\N	Q72DT9	\N	\N	\N	\N	\N	\N	\N	\N	\N	\N	\N	1	t	\N
318	RL3_DESVH	Q72CI0	2795191	\N	rplC	\N	\N	\N	\N	MAEKMGILGRKIGVTRIFASDGSAVAVTVIKAGPCPVTQVKTVATDGYDAIQIAFDEAKEKHLNKPEIGHLAKAGKGLFRTLREIRLEAPAAYEVGSELDVTLFATGDRVKVSGTSIGKGYQGVMRRWNFAGSKDTHGCEKVHRSGGSIGNNTFPGHVFKGKKMAGHWGNESVTVLNLEVVDVRPEDNVILVKGSVPGPKNGLVMVRKQ	22,351	209	\N	1	t	\N
319	\N	Q72FW8	\N	\N	\N	\N	\N	\N	\N	\N	\N	\N	\N	1	t	\N
320	\N	Q72FX2	\N	\N	\N	\N	\N	\N	\N	\N	\N	\N	\N	1	t	\N
321	\N	Q72FX3	\N	\N	\N	\N	\N	\N	\N	\N	\N	\N	\N	1	t	\N
322	\N	Q72FQ7	\N	\N	\N	\N	\N	\N	\N	\N	\N	\N	\N	1	t	\N
323	\N	Q72B20	\N	\N	\N	\N	\N	\N	\N	\N	\N	\N	\N	1	t	\N
324	\N	Q72AK7	\N	\N	\N	\N	\N	\N	\N	\N	\N	\N	\N	1	t	\N
325	DNAK_DESVH	Q72DW8	2796534	\N	dnaK	\N	\N	\N	\N	MGKIIGIDLGTTNSCVYVMEGKDPKCITNPEGGRTTPSVVAFTDKERLVGDIAKRQAVTNPERTVFAVKRLMGRRGDAPEVGRWKEHSPYRIVAGANGDAAVEVQGRPYSAPEISAMILGKLKADAEAYLGETVTEAVITVPAYFNDAQRQATKDAGRIAGLDVKRIINEPTAASLAYGFDRKANEKIAVFDLGGGTFDISILEVGDNVVEVRATNGDTFLGGEDFDQRIISYLVDEFRRENGGIDLARDRMALQRLKEAAEKAKKDLSTSMETEVNLPFITADQTGPKHLMMKLSRAKLEKLVEDLVERTVEPCRKALADAGLTAAQIDEVVLVGGMTRMPLVQKRVSEFFGKEPNRSVNPDEVVAMGAAIQGGILAGDVKDVLLLDVTPLSLGIETLGGVFTRLIERNTTIPTRKSQTFTTAADNQPSVSIHVLQGERPMASDNMTLGRFELTGIPPAMRGVPQIEVSFDIDANGIVNVAAKDLGTGKEQSIRITASSGLSEDEIQRLVKEAEAHADDDKKKQELIEARNQADGLIYGTEKSIRDLGDKLDAALKADIETKVTALRGLLESEDVDAIKKASDELAQASHKLAEQLYKQQAQAGGPEAGAQPEGDAGARKQDDDVVDADYTEVKK	68,659	636	\N	1	t	\N
326	\N	Q729J3	\N	\N	\N	\N	\N	\N	\N	\N	\N	\N	\N	1	t	\N
327	TNAA_DESVH	Q729Z3	2793667	\N	tnaA	\N	\N	\N	\N	MKRIPEPFRIKMIEPIRMTTLEDRTRALEEAGYNPFLLKSEDVYIDLLTDSGTGAMSDRQWAGLMMGDEAYAGSRNFLNLEKAVKDVFGYEHTVPTHQGRGAEQILFPCLVARMKGDKPVFISNYHFDTTAAHVEMTGAKAINVVTEKAFDTGTYYDWKGDFDLEKLEATIRQHGAQNVAGIIVTITCNSAGGQPVSMANIREAAAIAKRHGITVIIDSARFCENAWFIKQREAGYADKSIREIIREMYSYGDVLTCSAKKDPIVNIGGLCCIKEDVDLFRAVQVRCVPMEGFVTYGGLAGRDMEALAIGLYEGTDEHFLTYRIKQVEYLGERLRQGGVPIQYPTGGHAVFIDAKLMLPHIPGNQFPAHALANEVYIEGGVRGVEIGSLLLGRDPATGLQKESPLELLRLAIPRRVYTNDHMDYIADTVIAVLDRASSIKGLEFTYEPPVLRHFTARLRPIA	51,358	462	\N	1	t	\N
328	\N	Q72DW9	\N	\N	\N	\N	\N	\N	\N	\N	\N	\N	\N	1	t	\N
329	\N	Q729J6	\N	\N	\N	\N	\N	\N	\N	\N	\N	\N	\N	1	t	\N
330	\N	Q72A59	\N	\N	\N	\N	\N	\N	\N	\N	\N	\N	\N	1	t	\N
331	\N	Q726E3	\N	\N	\N	\N	\N	\N	\N	\N	\N	\N	\N	1	t	\N
332	\N	Q726E1	\N	\N	\N	\N	\N	\N	\N	\N	\N	\N	\N	1	t	\N
333	\N	Q727S1	\N	\N	\N	\N	\N	\N	\N	\N	\N	\N	\N	1	t	\N
334	\N	Q727R8	\N	\N	\N	\N	\N	\N	\N	\N	\N	\N	\N	1	t	\N
335	\N	Q729D1	\N	\N	\N	\N	\N	\N	\N	\N	\N	\N	\N	1	t	\N
336	\N	Q72AZ3	\N	\N	\N	\N	\N	\N	\N	\N	\N	\N	\N	1	t	\N
337	\N	Q729C9	\N	\N	\N	\N	\N	\N	\N	\N	\N	\N	\N	1	t	\N
338	\N	Q725R8	\N	\N	\N	\N	\N	\N	\N	\N	\N	\N	\N	1	t	\N
339	\N	Q729C4	\N	\N	\N	\N	\N	\N	\N	\N	\N	\N	\N	1	t	\N
340	\N	Q725R5	\N	\N	\N	\N	\N	\N	\N	\N	\N	\N	\N	1	t	\N
341	\N	Q72BQ4	\N	\N	\N	\N	\N	\N	\N	\N	\N	\N	\N	1	t	\N
342	\N	Q729I6	\N	\N	\N	\N	\N	\N	\N	\N	\N	\N	\N	1	t	\N
343	\N	Q72EW5	\N	\N	\N	\N	\N	\N	\N	\N	\N	\N	\N	1	t	\N
344	TOLB_DESVH	Q726K4	2795975	\N	tolB	\N	\N	\N	\N	MRHRSCFSLFAGLALVFCLAVGTAAAGPVQVDIYGPGQGSLNLAMAAPLGPTPGTPVSGMGVKLNGFINENLSFLPFLRLVDQRAILGGTVMQGYKSPDIDLKRFQLAGADLVVTAGWPQGDASGSFVELRVYEALSGKLVFGKAYSHVEDGLLPNVADRFCSDLMKALTGRGEFFKSTLAFVKHDGKNKRDVWLVKPVGRDLRKITNLPGEALSPSWSPDGRFVVFSHFDDRSHALGVWDRLTRQVQRIRFPGNTVIGPCFLPDNKVAVSLSSGRNPDIFLLNHLFKKERELEANPSINVSPSFDATGTKMAFTSSRMGGPQVFMKDMTTGQVTRISKTGSYNTEPSISPDGTLVAFTKMTDTGHRIFVYDMVTQSERQVSFGPGRDEQPSFAPDSYFLAFTSNRNGAQQIFLVTRHGGDPKRVPTGPGDASFARWGMIPE	48,093	442	\N	1	t	\N
345	\N	Q72AK6	\N	\N	\N	\N	\N	\N	\N	\N	\N	\N	\N	1	t	\N
346	\N	Q725S2	\N	\N	\N	\N	\N	\N	\N	\N	\N	\N	\N	1	t	\N
347	\N	Q725R9	\N	\N	\N	\N	\N	\N	\N	\N	\N	\N	\N	1	t	\N
348	\N	Q72EQ9	\N	\N	\N	\N	\N	\N	\N	\N	\N	\N	\N	1	t	\N
349	Y1981_DESVH	Q72AL1	2793787	\N	\N	\N	\N	\N	\N	MPSFDVVNKIELQELDNAVNNVKKEIETRYDFRNTTTEIDLHKGDLRITVVAADEMKMRALEEMLHAHCVRRKIDPRCLEFKEIEATSRGAVKREVQVKEGIAKDVAQKIVKAIKDSKLKVQGAIQDQQVRVTGKKIDDLQDVIALLREGDFGIPLQFVNMKN	18,614	163	\N	1	t	\N
350	\N	Q72CP5	\N	\N	\N	\N	\N	\N	\N	\N	\N	\N	\N	1	t	\N
351	FOLD_DESVH	Q72F91	2794446	\N	folD	\N	\N	\N	\N	MQLLDGKATAATIREELRAEIAALTPRARRAPGLAVILVGEDPASQVYVRNKERACHDTGIVSEAFRLAPTTTQEELERLIADLNVRPDIDGILLQLPLPRGLDAQRCLEAIDPAKDVDGFHPQNMGRLALGLPGFRPCTPAGVMTLLERYDLSPSGRKAVVVGRSNIVGKPLALMLGAPGKYANATVTVCHSGTPDLAAECRTADFLFLAIGRPRFVTADMVREGAVVVDVGINRTETGLAGDCDFEGVSRVASAITPVPGGVGPMTIAQLLVNTVQSWKVRCGL	30,380	286	\N	1	t	\N
352	ENO_DESVH	Q72F92	2794445	\N	eno	\N	\N	\N	\N	MSTIVSVWAREILDSRGNPTIEVEVSLESGHSGRAAVPSGASTGTREALELRDGDKGRYKGKGVEKAVDNVMGEIAEAVIGLDALRQVQLDNTLLDLDGTDNKERLGANAMLGVSLATARAASSFLGLPLYQYLGGVNAKVLPVPLMNIINGGAHAPNNLDIQEFMIMPIGAATFRDALRMGAETFHTLKALLAADGHVTSVGDEGGFAPNLKSHDEAFKYITRAIEESGYIPGAEIALAIDAAASEFYRDGKYHLAGEGKTFSNSEMTEWLGEFTAKYPLISIEDGLAEGDWEGWGELTYKLGDTVQLVGDDIFVTNPDILAQGIDEGVANSILIKLNQIGTLTETLDTIEMAKQAAYTTVISHRSGETEDHFIADLAVGLNAGQIKTGSLCRSDRLAKYNQLLRIEEDLDDAGIYFGPMIASHFGYEGDEEFEDA	46,883	437	\N	1	t	\N
353	\N	Q72DW2	\N	\N	\N	\N	\N	\N	\N	\N	\N	\N	\N	1	t	\N
354	\N	Q72B26	\N	\N	\N	\N	\N	\N	\N	\N	\N	\N	\N	1	t	\N
355	\N	Q72F87	\N	\N	\N	\N	\N	\N	\N	\N	\N	\N	\N	1	t	\N
356	\N	Q72F88	\N	\N	\N	\N	\N	\N	\N	\N	\N	\N	\N	1	t	\N
357	\N	Q72F89	\N	\N	\N	\N	\N	\N	\N	\N	\N	\N	\N	1	t	\N
358	\N	Q72BL4	\N	\N	\N	\N	\N	\N	\N	\N	\N	\N	\N	1	t	\N
359	\N	Q726B7	\N	\N	\N	\N	\N	\N	\N	\N	\N	\N	\N	1	t	\N
360	\N	Q72EE5	\N	\N	\N	\N	\N	\N	\N	\N	\N	\N	\N	1	t	\N
361	\N	Q72EE7	\N	\N	\N	\N	\N	\N	\N	\N	\N	\N	\N	1	t	\N
362	\N	Q725W1	\N	\N	\N	\N	\N	\N	\N	\N	\N	\N	\N	1	t	\N
363	\N	Q728Q2	\N	\N	\N	\N	\N	\N	\N	\N	\N	\N	\N	1	t	\N
364	SYE_DESVH	Q728Q1	2796126	\N	gltX	\N	\N	\N	\N	MSNVVTRFAPSPTGHLHIGGARTAIFNWLLARHFGGRFVLRIEDTDTERSKQEYTDSILASMKWLGLDWDGDLIYQSERFDIYNSYIDRLLESGHAYWCECPPDEVEKMREEARAKGLKPRYNGRCRSRDLGPGDGRVVRLKAPAEGRIVFDDLVKGTVAFDVAELDDMVLRRSDGAPTYNLAVVVDDATMGVTHVLRGDDHLSNTPKQILLYQALGFDLPRFGHVPMILGPDRKKLSKRHGAKAVIEYEQYGLLPQALVNYLVRLGWSHGDQEIFALEELVEKFGTENLNSSAAGFDPDKLEWLNGHYLRETSPEELARLVLPFVAAEGFDVDASRLAQLVPLFRERANNLVELARVMRFMLVPAAEVEYDAAAVAKALTEEGRRHVAGVREALAALGTFDREGCEKAIHDYVEGNGLKFKQVAPAVRVAVVGAMGGPGLPDMMALLGRDDVLARLDRAVAL	51,485	463	\N	1	t	\N
365	SYV_DESVH	Q72E47	2794946	\N	valS	\N	\N	\N	\N	MAENALPKGYEPRDVEERWRRHWEDNRTFTPDMDAPGEPYSIVIPPPNVTGALHIGHALNHVLIDVLCRNARQQGKKVLWLPGTDHAGIATQNVVERALAKEGLSRHDLGREAFIERVWQWKEEYGNRILNQIRMLGDSVDWTRERFTMDEGLSKAVRKVFVDLYNGGYIYRGNYIINWCNRCHTALADDEVDHMPEQGHLYHVRYDFEDGSGSVVIATTRPETIMADTGVCVHPEDERYAGLIGKKILVPVIGRAVPLFADTYVDREFGTGALKVTPCHDPNDWTLGERHGLAFIQCIDEDGNMTAEAGPYAGLTKEECRKRIVADLEASGQLVRVEELNHSVGHCYRCKTVVEPHMSEQWFVASTKLAPRARAAVPQMTQIFPESWMKTYFNWLDNIRDWCISRQIWWGHRIPAWTCGKCGKLIVSEQDPTACPDCGCTDLTQDPDVLDTWFSSALWPFSTMGWPDKTKDLATFYPTSVLVTGFDILFFWVARMMMLGMHFMDEVPFKHVYLHALVRDGEGRKMSKSTGNVIDPLAMIDKYGTDSLRFTLAAFAAMGRDIKLSEDRIEGYRHFVNKVWNAARFSLMNLPEEAPAALDLDNVKGMHHKWILHRLEELKASQAAGIDGYRFNEVAQGLYRFWWNEFCDWYLELIKPDMQAGGERQATAQYVLWTVLREALLLLHPFMPFVTAEVWQALPGHAGDDIATKLYPAARPGCRDVKDAEHMELVQATISAVRTIRAELNIAPSYRLTTLVRPASAEDAATLEEGREMLMTLARLDGLTVAVDVEAPKASASSVVAGNEVIVPLTGAVDFEAELARLDKELGKIEKDFVQVNKKLANESFVSKAPADVVAKERARAEELSDAKAKLEALQQRFRDAIGK	99,823	884	\N	1	t	\N
366	\N	Q729U7	\N	\N	\N	\N	\N	\N	\N	\N	\N	\N	\N	1	t	\N
367	\N	Q729U8	\N	\N	\N	\N	\N	\N	\N	\N	\N	\N	\N	1	t	\N
368	\N	Q72E43	\N	\N	\N	\N	\N	\N	\N	\N	\N	\N	\N	1	t	\N
369	\N	Q72E45	\N	\N	\N	\N	\N	\N	\N	\N	\N	\N	\N	1	t	\N
370	THYX_DESVH	Q729U4	2794076	\N	thyX	\N	\N	\N	\N	MPRTEPRVELLAHTPEPLSLLYAAFRQCYHAGFVADMWPRLLSGEIEREKQGAFIASILESGHSSPIEHVSFTFAIEGVSRALTHQLVRHRIASFSQQSQRYVDGSHFDYVMPPAIARNAAAKARFEQFMEDVGSAYRDIKALLEQDGRTGSRANEDARFVLPQAAASKIVVTMNCRALVHFFEERCCMRAQWEIRAVADVMLGLCREVLPELFAHAGAKCERLGYCPEGERFTCGRYPLRQSMP	27,652	245	\N	1	t	\N
371	PHFS_DESVH	P07603	2795817	\N	hydB	\N	\N	\N	\N	MQIASITRRGFLKVACVTTGAALIGIRMTGKAVAAVKQIKDYMLDRINGVYGADAKFPVRASQDNTQVKALYKSYLEKPLGHKSHDLLHTHWFDKSKGVKELTTAGKLPNPRASEFEGPYPYE	13,624	123	\N	1	t	\N
589	\N	Q72DT8	\N	\N	\N	\N	\N	\N	\N	\N	\N	\N	\N	1	t	\N
590	\N	Q72DT6	\N	\N	\N	\N	\N	\N	\N	\N	\N	\N	\N	1	t	\N
372	RIBB_DESVH	Q72B63	2794282	\N	ribB	\N	\N	\N	\N	MNQHLLEQFGTTHERVERGLAALRTGQGVLVADDADRENEGDLIFAAETLTPAQMAMMIRECSGIVCLCLPEERVSRLGLPMMVAHNTSSMGTAFTISIEAAEGVTTGVSAADRVRTVKAAIDDAACPGCLRSPGHVFPLRASPGGVLERRGHTEATVDLMRLAGLKPYGVLCELTNPDGTMARLPQLVDFAQRNRMTVLTVEDLVAYRQDKGL	23,033	214	\N	1	t	\N
373	\N	Q72BG6	\N	\N	\N	\N	\N	\N	\N	\N	\N	\N	\N	1	t	\N
374	\N	Q72BG5	\N	\N	\N	\N	\N	\N	\N	\N	\N	\N	\N	1	t	\N
375	\N	Q726W0	\N	\N	\N	\N	\N	\N	\N	\N	\N	\N	\N	1	t	\N
376	\N	Q726V9	\N	\N	\N	\N	\N	\N	\N	\N	\N	\N	\N	1	t	\N
377	\N	Q726W6	\N	\N	\N	\N	\N	\N	\N	\N	\N	\N	\N	1	t	\N
378	\N	Q729Z1	\N	\N	\N	\N	\N	\N	\N	\N	\N	\N	\N	1	t	\N
379	\N	Q726W4	\N	\N	\N	\N	\N	\N	\N	\N	\N	\N	\N	1	t	\N
380	TPIS_DESVH	Q72BF9	2794905	\N	tpiA	\N	\N	\N	\N	MKKLIAANWKMYKTIDEARATGRELVSAVAGSLPADREVLVCPPFTALHALHDTFKDVEGFAIGGQDVYPATEGAYTGEIAPGMLLDAGCGWVLTGHSERRHILGEDDETVARKTAFSLKAGLRVVLCIGEKLDEREAGRLEDVLAHQLQVGLADVDATYVPQSLVVAYEPVWAIGTGKVAGPAEVVEAHALVRSLLEARYGRDGAAIRILYGGSVKPDNAAELLSLDNVDGLLVGGASLQAVSFSRIILA	26,630	251	\N	1	t	\N
381	\N	Q72D10	\N	\N	\N	\N	\N	\N	\N	\N	\N	\N	\N	1	t	\N
382	GUAA_DESVH	Q72D86	2795264	\N	guaA	\N	\N	\N	\N	MDAQTKVIIIDYGSQVTQLIARRVREAGVYSEIHPCIVTAEQVRAMKPAAIILSGGPASVGEKDAPALEKGLLDLGVPVLGICYGMQLLGQDLGGELATSETREYGPADLTLTAPCPLWDGLDLGTTSRVWMSHGDKVKTPPPGFKVVGRTATLEVAAMADEARRIYAVQFHPEVHHSEDGARIINNFLFHVAKLKADWTMSSFVERAVKEMAEVVGDRHVVCALSGGIDSTVVAVLLHKAIGKQLHCIFVDNGVLRLNEGQEVVDYLREHFDLNLKYVQAQERFLSKLHGVDDPEQKRKIIGYTFIEVFDEEAKALGHVDFLAQGTLYPDVIESVSHKGPSAVIKSHHNVGGLPEKMNLKLIEPLRELFKDEVRKVAAELGLPDFIIWRHPFPGPGLAIRVIGEITEERLDILRRADKVVQQELMSSGWYRKVWQGFAVLLPLKTVGVMGDGRTYEHVIALRIVDSVDAMTADWARLPSELLERISSRIINEVKGVNRVVYDISSKPPSTIEWE	57,016	515	\N	1	t	\N
383	\N	Q72FR5	\N	\N	\N	\N	\N	\N	\N	\N	\N	\N	\N	1	t	\N
384	\N	Q72BV5	\N	\N	\N	\N	\N	\N	\N	\N	\N	\N	\N	1	t	\N
385	\N	Q72D85	\N	\N	\N	\N	\N	\N	\N	\N	\N	\N	\N	1	t	\N
386	\N	Q72AL9	\N	\N	\N	\N	\N	\N	\N	\N	\N	\N	\N	1	t	\N
387	\N	Q72FH2	\N	\N	\N	\N	\N	\N	\N	\N	\N	\N	\N	1	t	\N
388	\N	Q729Z4	\N	\N	\N	\N	\N	\N	\N	\N	\N	\N	\N	1	t	\N
389	FLAV_DESVH	P00323	2795051	\N	\N	\N	\N	\N	\N	MPKALIVYGSTTGNTEYTAETIARELADAGYEVDSRDAASVEAGGLFEGFDLVLLGCSTWGDDSIELQDDFIPLFDSLEETGAQGRKVACFGCGDSSYEYFCGAVDAIEEKLKNLGAEIVQDGLRIDGDPRAARDDIVGWAHDVRGAI	15,823	148	\N	1	t	\N
390	\N	Q72DF1	\N	\N	\N	\N	\N	\N	\N	\N	\N	\N	\N	1	t	\N
391	\N	Q72DF0	\N	\N	\N	\N	\N	\N	\N	\N	\N	\N	\N	1	t	\N
392	\N	Q72DF4	\N	\N	\N	\N	\N	\N	\N	\N	\N	\N	\N	1	t	\N
393	\N	Q72FM7	\N	\N	\N	\N	\N	\N	\N	\N	\N	\N	\N	1	t	\N
394	\N	Q729P2	\N	\N	\N	\N	\N	\N	\N	\N	\N	\N	\N	1	t	\N
395	\N	Q729Z6	\N	\N	\N	\N	\N	\N	\N	\N	\N	\N	\N	1	t	\N
396	SECA_DESVH	Q72DV4	2796172	\N	secA	\N	\N	\N	\N	MLGFLFKKVFGSKNDRYIKRLRPIVAAINALEPQMQSLRDEDFPVRIAEYRQQVEEGRKLDDMLPEVFALVREAGKRVFNMRHFDVQLVGGMALHHGKIAEMKTGEGKTLVATLPVVLNALTGKGVHVVTVNDYLAKRDAAWMGQLYNFLGLSVGVIVHGLDDEQRKAAYGADITYGTNNEFGFDYLRDNMKFYAEQLVQRGHNFAIVDEVDSILIDEARTPLIISGASEESTGLYRHMDEIVRKLTRDTHFTVDEKARTAMLTDEGVAFCEKLVGIDNLYDPGNITTQHHLMQALKAHNLFRRDVDYIVKEGQVVIVDEFTGRLMPGRRFSDGLHQALEAKEAVKIEAENQTLASITFQNYFRMYAKLAGMTGTADTEAVEFHQIYSLEVVSIPTNKPMQRKDFADAIYRTKREKYDAIAQAIAELHKAGQPVLVGTISIETSELLSTMLKKTGVPHSVLNAKHHEKEAEIVALAGQRGHVTIATNMAGRGTDIVLGEGVRELGGLHILGTERHESRRIDNQLRGRSGRQGDPGSSRFYLSLEDDLMRLFGSERISGLMEKLGMEEGEPIEARMVSRAIENAQKRVEGHNFEIRKTLLDYDNVMNQQREVIYTLRRDAMSAPDLGPTMEEFLDDVLEDVYAPAEGGEAPSADTVAAVWGRLADVCNITRVMQPAPALPTRDEARAAVLSILHELREDTGESYRDIIRYFMLEELDRCWKEHLRNMDHLRDGIGLRGYGQRDPKLEYKREGFAMFQEMLFRIKEGVFRSLTRLRVQRVEEEAFRHKEQPAAVAYSGGEAEAGPAQPHREDPKVGRNDLCPCGSGRKYKKCCGA	93,833	833	\N	1	t	\N
397	EFTS_DESVH	Q72DQ6	2795172	\N	tsf	\N	\N	\N	\N	MAITASMVKELREKTSAGMMDCKKALEECGGEMDKAVDWLRQKGLSKAAKKAGRATSEGLVGCFVSADGKTAGLAELKCETDFVSRNEKFVELAGKLAEQVATKGALDESAQTAINDIIATLGENMGSGRTAQMNVAGEGFIGSYLHSNGKIAVLVEMTCEKAATAAEATFLECAKNVAMQIAASNPAAVSADKVDPALIAREREVYRQKALEEGKPENIVEKIAEGAVKKFFKEACLLEQPYIRDDKTTVAELLKQTSKAVGDNLGVARFVRFQLGEDAAAEEAAE	30,523	287	\N	1	t	\N
398	\N	Q72E34	\N	\N	\N	\N	\N	\N	\N	\N	\N	\N	\N	1	t	\N
399	\N	Q72E37	\N	\N	\N	\N	\N	\N	\N	\N	\N	\N	\N	1	t	\N
400	\N	Q72E38	\N	\N	\N	\N	\N	\N	\N	\N	\N	\N	\N	1	t	\N
401	PHNS1_DESVH	Q06173	2793337	\N	hynB1	\N	\N	\N	\N	MRFSVGLGKEGAEERLARRGVSRRDFLKFCTAIAVTMGMGPAFAPEVARALTGSRRPSVVYLHNAECTGCSESVLRAFQPYLDELILDTISLDYHETIMAAAGDAAEAALHQAVANPDGFICIVEGAIPTADNGIYGKVANHTMLSICSDIVPKAKAVIAYGTCATFGGVQAAKPNPTGAKGLNDALKHLGVNAINLAGCPPNPYNLVGTLVYYLKNNAAPEMDEFNRPLMFFGQSVHDNCPRLKHFDAGEFAPSFESEEARKGWCLYELGCKGPSTMNNCPKIKFNQTNWPVEAGHPCIGCSEPDFWDEKSPFYES	34,236	317	\N	1	t	\N
402	RL33_DESVH	Q727D4	2793958	\N	rpmG	\N	\N	\N	\N	MRVNIQLACTECKRRNYATDKNKKNTTGRLELKKYCPWDKKHTVHRETK	5,936	49	\N	1	t	\N
403	EFTU_DESVH	Q727D5	2793957	\N	tuf	\N	\N	\N	\N	MGKEKFERKKPHVNIGTIGHIDHGKTTLTAAITKTAGLLGQGKFIAYDEIDKAPEEKERGITIATAHVEYETATRHYAHVDCPGHADYIKNMITGAAQMDGAIIVVAATDGPMPQTREHILLARQVGVPYIVVFLNKCDMVDDEELLELVELEVRELLTSYGFPGDDVPVVRGSALKALESDDPNSDACKPIRELLAACDSYIPEPQRDIDKPFLMPIEDVFSISGRGTVVTGRVERGVIKVGEEVEIVGIKDTTKSTCTGVEMFRKLLDQGQAGDNIGALLRGVKRDDVERGQVLAAPKSITPHRKFKAEVYVLSKEEGGRHTPFFSGYRPQFYFRTTDITGVITLEEGVEMVMPGDNATFNVELIAPIAMELGLRFAIREGGRTVGAGVVSEIVE	43,407	397	\N	1	t	\N
404	\N	Q727D2	\N	\N	\N	\N	\N	\N	\N	\N	\N	\N	\N	1	t	\N
405	\N	Q727D3	\N	\N	\N	\N	\N	\N	\N	\N	\N	\N	\N	1	t	\N
406	RL1_DESVH	Q727D0	2793963	\N	rplA	\N	\N	\N	\N	MPKHGKKYRNATEGLDLTVKYSVEDAVAKSLAAAPAKFDETVDVAICLGVDPKYSDQMVRGAVTMPNGLGKTVRVAVFCKGEKEAEAKAAGADVAGAEELVAKIKEGWLDFDKAIATPDVMALVGQIGRVLGPRGLMPNAKTGTVTFDITTAIKEMKAGRVEFKVDKAGVLHAPLGKVSFGSEKILGNLKALIDTVNRLKPSSAKGTYMQAMAISTTMGPGVKVDPTLIKKFIEG	24,779	235	\N	1	t	\N
407	RL11_DESVH	P62433	2793962	\N	rplK	\N	\N	\N	\N	MAKKEVAKIKLQIPAGAANPSPPVGPALGQHGLNIMAFCKEFNAKTMEQKGMITPVVITVYADRSFSFITKTPPASVLLIKAAKLEKGSGEPNRNKVGSVTMAQVEEIAALKMPDLTAKDLEAAKRNILGTARSMGIEVK	14,874	140	\N	1	t	\N
408	RL7_DESVH	Q727C8	2793965	\N	rplL	\N	\N	\N	\N	MSITKEQVVEFIGNMTVLELSEFIKELEEKFGVSAAAPMAAMAVAAPAGDAAPAEEEKTEFDIILKSAGANKIGVIKVVRALTGLGLKEAKDKVDGAPSTLKEAASKEEAEEAKKQLVEAGAEVEIK	13,316	127	\N	1	t	\N
409	RL10_DESVH	Q727C9	2793964	\N	rplJ	\N	\N	\N	\N	MNRSEKAAIIEQLKSRAEAASIAVVTDFKGMPVEELTRLRVKLRENGCEYHVVKNTLARIAFTGTAHEPIGTRFKENCAVALGFDDPVAVAKALTDFAKTSKLFAIRHGSLEGKALSADQVSDLAKLPSKPELLARALGTMNAVPTNFVSLFANIIRSLLYVLKDLESKKAAA	18,741	173	\N	1	t	\N
410	RPOC_DESVH	Q727C6	2793967	\N	rpoC	\N	\N	\N	\N	MTLDDLFTVRGSAANIANIRNLKAIQITIASPENIREWSYGEVKKPETINYRTFKPERDGLFCAKIFGPVKDYECNCGKYKRMKHRGIVCEKCGVEVIASKVRRERMGHIELAAPVAHIWFLKTLPSKIGTLLDMTMADLEKVLYFDSYIVLDPGSTNLTKMQVISEDQYLQVIDHYGEDALTVGMGAEAVRSLLEELNLEELRVQLREESQATKSQTKKKKLTKRLKIVEAFLESNNKPEWMVMEVIPVIPPELRPLVPLDGGRFATSDLNDLYRRVINRNNRLKRLMELGAPDIIIRNEKRMLQEAVDALFDNGRRGRAITGTNGRPLKSLSDMIKGKQGRFRQNLLGKRVDYSGRSVIVVGPKLKLHQCGLPKKMALELFKPFIYSELEKRGLASTIKSAKKMVEREELVVWDILEEVVREYPIMLNRAPTLHRLGIQSFEPLLVEGKAIQLHPLVCSAYNADFDGDQMAVHVPLSVEAQIECRVLMMSTNNILSPANGSPVIVPSQDIVLGLYYMTVDRSFEKGENMSFCAPWEVVAAYDAGVVALHARINVRMEDGKVVRTTVGRILVWELLPHCVPFSMVNTTLTKKNIARLVSTAYRDAGTKATVILCDRLKDVGYEYATRAGVTIAVKDLTIPSTKKGLIETAQNEVDDIERQYRDGIITRTEKYNKVVDVWTKATQDVSNEMIREISSDIVEDPRTGAKEANSSFNSIYMMSTSGARGNQDQMRQLAGMRGLMAKPSGEIIETPITSSFREGLSVLQYFTSTHGARKGLADTALKTANSGYLTRRLVDVVQDVIVSEHDCGTVDGIELTHIKEGGEIKIPLADRALGRVLLYPVYDPETRDLLFPENTLVDENVAKVLVEREVSSVMIRSALTCQSDRGICTLCYGRDLARGHIVNIGETVGIIAAQSIGEPGTQLTMRTFHIGGTASREIERSSFEAQHPGRVILSRVKAVRNRDGQYMVMGKSGQLAIVDDQGREREKYTLPNGSRLLVTEGEEIRKGQILAEWDPFNEPFVSEVDGVIRFSDIVEGKTFQEKMDEATRMTTQTIIEYRTTNFRPSISICDEHGEVKMRGNNIPATYSLPVGAIIMVKNGQDLQAGDIIARKPRETSKTKDIVGGLPRVAELFEVRKPKDMAVVSEIAGIVTYAGETKGKRKLVVTPEIGEAKEYLVPKGKHITVTDGDFVEAGDLLTEGHPELHDILRTRGEKYLARYLTDEIQEVYRFQGVAIDDKHIEVIVRQMLKKVTVLDPGGTTFLVGEQVDKGEFRVENTRAMGEGRTPATAEPLVLGITQASLTTSSFISAASFQETTKVLTEASLRGKMDYLRGLKENVIVGRLIPAGTGYREYVNTDILVPEQRERPDKFLEDLEENPLLVDIY	154,813	1385	\N	1	t	\N
462	GATC_DESVH	Q72DX0	2796532	\N	gatC	\N	\N	\N	\N	MKISKEQVATIARLARLDLDEARLERFAGQFGDILDYMDMLGAVDTTDVEPLYSPSEHGTVLRADEVHTHCTREELLANAPESDGQFFVVPRIV	10,533	94	\N	1	t	\N
411	RPOB_DESVH	Q727C7	2793966	\N	rpoB	\N	\N	\N	\N	MGQLTKKFGKIDVSLPIPHLLNLQVDSYVKFLQEGATERRHDEGLEGVFRSVFPIEDFNRTASLEFVSYEVGEPKYDQPECISKGLTYEAPIRIKVRLVVYDVDEDSGNRTIRDIKEQEIYFGTLPLMTEKGTFIINGTERVIVNQLQRSPGIIFEHDSGKTHSSRKVLYSCRIIPMRGSWLDFDFDHKDILYVRIDRRRKMPATILFKAMGMSKTDILDYFYKKEFYRLDPMGRLMWEVQKDMYRKDSAFVDIEDGKGGTIVKAGKPITKRAWRLISEAGLETIEVAPDTIEGMFLAEDIVNPATGEVLAEAADEITASLVENLREAGISRLPVLHTKGLETSSSLRDTLVLDKTPDMEAAQVEIYRRLRPSSPPTPEIAASFFDNLFRSADYYDLSPVGRYKLNQRLGIDQSVDLRTLTDDDILRAIRVLLHLKDSHGPADDIDHLGNRRVRPVGELVENQYRIGLVRMERAIKERMSLQEVSTLMPHDLINPKPVAAVLKEFFGTSQLSQFMDQTNALSEVTHKRRLSALGPGGLTRERAGFEVRDVHTSHYGRICPIETPEGPNIGLIVSLTTYAKVNDFGFIETPYRIIREGALTDEIKFLDASREQGEVVAQANAAVDADGKLADEYVTARVRGDVLMSHRDEVTLMDISPSQMVSISAALIPFLEHDDANRALMGSNMQRQAVPLLRSEKPIVGTGMEGDVARDSGACILAEGPGIVRYADATRIIVSYENGLYPDRGGVRAYDLQKYHKSNQNSCFGQRPTCHPGQIVKKGDVLADGPGIEDGELALGKNLVVAFMPWCGYNFEDSILISERVVKEDVFTSIHIEEFEVVARDTKLGPEEITRDIPNVGEDMLRNLDGSGIIRIGASVKPDDILVGKITPKGETQLTPEEKLLRAIFGDKARDVKNTSLKVPPGIEGTIIDVKVFNRRSGEKDERTRNIEDYETARIDKKEQDHVRALGDALRDRLADTLVGKQIAVTLPGKRKGEVLAEAGAPMTRELLDALPVKRLAGLFKSREVDEMVDTALEDYDRQVAFLKGIYDSKREKVTEGDDLPPGVIKMVKVHIAVKRKLNVGDKMAGRHGNKGVVSCILPEEDMPFFADGRPVDIVLNPLGVPSRMNIGQIMETHLGWGAKELGRQLAEMLDSGAAMATLRHEVKDVFRSATIAKLVDEMDDETFRKAVSKLRTGIVTKTPVFDGASEEDIWSWIERAGMDGDGKTVLYDGRTGDKFYNRVTTGVMYILKLHHLVDEKIHARSTGPYSLVTQQPLGGKAQFGGQRLGEMEVWALEAYGASYLLQEFLTVKSDDVTGRVKMYEKIVKGDNFLEAGLPESFNVLVKELMSLGLNVTLHQEEGKKRPKRVGFMSAL	153,214	1372	\N	1	t	\N
412	\N	Q72DN1	\N	\N	\N	\N	\N	\N	\N	\N	\N	\N	\N	1	t	\N
413	RNY_DESVH	Q728D2	2796238	\N	rny	\N	\N	\N	\N	MGLMIFAYIAIGAVLGAGTGYLLHRYVSAKRIGDANELAKRIVEEARKEAQAQKKEILLQGQDEIFNQKRELENEFKERERELKARDRKLEEQGERLEEKLEKATQKEHEVLAIEKELTRKERRLATLEEELEGKIAEQDHRLEEVSGLTAEEARARIMEEVEARTRHESAKMIRVIEMEARETADRKAKEILASAIQRYAGDYVGEQTVTAVTLPSEDMKGRIIGREGRNIRALEAATGVDLIIDDTPETVILSAYSPLRRQVAKMALERLIQDGRIHPARIEDIVRKCEQELEVQVREVGEQATFDAGVHGIHPDIIKLLGQLRYRTSFSQNVLQHSLEVSALCGMMAAELGMDIKKAKRAGLLHDIGKAVDHEVEGPHALIGADIAKKYGEGKDIIHAIAAHHEDQPPKTALAVLVQAADSISGARPGARKELLENYVKRLEDLENIATGFEGVSKVYAIQAGREIRVMVNSENVDDDQTYMLCKDIAAKIEKNLTYPGQIRVTVIRERRAVGYAK	58,247	519	\N	1	t	\N
414	\N	Q72DN3	\N	\N	\N	\N	\N	\N	\N	\N	\N	\N	\N	1	t	\N
415	\N	Q728D0	\N	\N	\N	\N	\N	\N	\N	\N	\N	\N	\N	1	t	\N
416	AROC_DESVH	Q72DN5	2794112	\N	aroC	\N	\N	\N	\N	MSGNTLGRLFRLTTYGESHGAGLGGVIDGCPAGIALDEAVIQRELDLRRPGGNSASTTRQEPDRVRLLSGVFEGVTTGTPIAFHVENVDQRSRDYGEIARLYRPGHADFTYDAKFGVRDYRGGGRASGRETLSRVAGGAIAQALLARHGIAVRAFTVELGGVPADLVDVAGAQQRPFFSPDPDVVEAWEDMVRTVKGEGDTLGGIVQVEATGVPAGLGEPVFDKLDAVLAYALMSVGAVKGVEVGAGFEAARMHGSDNNDPIVPSGFFTNHAGGILGGISNGETIVLRAAVKPIPSIAQEQITIDRDGKPSALFIAGRHDISAIPRIVPVLKAMTALVLADMLLMQRRMATPQP	37,214	354	\N	1	t	\N
417	\N	Q72DN6	\N	\N	\N	\N	\N	\N	\N	\N	\N	\N	\N	1	t	\N
418	\N	Q72DN8	\N	\N	\N	\N	\N	\N	\N	\N	\N	\N	\N	1	t	\N
419	\N	Q72DN9	\N	\N	\N	\N	\N	\N	\N	\N	\N	\N	\N	1	t	\N
420	\N	Q72CE1	\N	\N	\N	\N	\N	\N	\N	\N	\N	\N	\N	1	t	\N
421	\N	Q726Z0	\N	\N	\N	\N	\N	\N	\N	\N	\N	\N	\N	1	t	\N
422	ISPG_DESVH	Q72CD9	2795143	\N	ispG	\N	\N	\N	\N	MLGLPGEMQYVPGIHSPNEGPRPMTIQRKQTREVRIGKVRIGGANPVVVQSMTNTDTRDVEQTVEQIRQLQEAGCEIVRLAVLNEDAAWAIKPIRSQVSVPLVADIHFDHRLAVSALEAGVDALRINPGNIGTRAAVDRVVDAAKAHNAVIRIGVNSGSLETDLIDQYGGPTPEAMVESAFRHIRMLEDRNFGDIKVSLKSSSVSRCIEAYTLLSAKCDYPLHIGVTEAGTVLRGSIKSAVGLGVLLWQGIGDTLRVSLTSDPVAEMAVAWEILRSLGLRSRGPEIIACPTCGRCEIGLIALAEEVERRLEGETESFKVAVMGCVVNGPGEAREADLGIAGGRDKGIIFRKGEIVRTVKGGSNLLAAFMEELDTFLAHRRAERKDD	41,683	386	\N	1	t	\N
423	SYP_DESVH	Q72CD8	2795144	\N	proS	\N	\N	\N	\N	MRWSRCYIPTLKEAPSDAEVVSHKLLVRAGMIRKLTSGIYTFMPMGLRALNKVAAIVREEMNRAGAQEVLMPMVQPADLWQETGRWEFYGKELLRFRDRNDRDYCLGPTHEEVITDLVRGEVRSYRQLPINLYQIQTKFRDEIRPRFGLMRGREFVMKDAYSFDRDQSGCDESYKAMYAAYQRIFSRLGLRFRAVEADSGSIGGSFSHEFMVLADTGEDTLAVCTACEYAANVERAEVTGTPCTRPAAAALAEVPTPGAHTIEEVSAFLGVPADMLVKTLLFVADGEPVAALVRGDRELNEVKLKNLLGADSLELATPEQVEAWTGAPVGFAGPVGLHGVKRVFADTELKGDAGWIVGANKADTHLREVSLTRDAAIEAYADLRMITASDPCPRCGGAVELPKGIEVGHVFKLGLKYSKSMNATFLDENGKEQVMVMGCYGIGVSRVVASCIEQNNDGDGIVFPPPIAPYEVALLLLDPKNEEAAAKAAEIESFLEAEGHDVLLDDRDERPGVKFKDADLIGSPYQLVLGGKGLARGVVEAKNRRSGEKTELPVEGFAEAFRDWRAGVLKGWGL	63,020	574	\N	1	t	\N
424	\N	Q728F3	\N	\N	\N	\N	\N	\N	\N	\N	\N	\N	\N	1	t	\N
425	\N	Q727T5	\N	\N	\N	\N	\N	\N	\N	\N	\N	\N	\N	1	t	\N
426	CYC3_DESVH	P00131	2795876	\N	\N	\N	\N	\N	\N	MRKLFFCGVLALAVAFALPVVAAPKAPADGLKMEATKQPVVFNHSTHKSVKCGDCHHPVNGKEDYRKCGTAGCHDSMDKKDKSAKGYYHVMHDKNTKFKSCVGCHVEVAGADAAKKKDLTGCKKSKCHE	13,976	129	\N	1	t	\N
427	\N	Q72C16	\N	\N	\N	\N	\N	\N	\N	\N	\N	\N	\N	1	t	\N
428	\N	Q725K0	\N	\N	\N	\N	\N	\N	\N	\N	\N	\N	\N	1	t	\N
429	\N	Q725K1	\N	\N	\N	\N	\N	\N	\N	\N	\N	\N	\N	1	t	\N
430	\N	Q72BP9	\N	\N	\N	\N	\N	\N	\N	\N	\N	\N	\N	1	t	\N
431	HEM1_DESVH	Q72C23	2794879	\N	hemA	\N	\N	\N	\N	MERDIYLIGLNHRTAGVEVRERFALTDCNVLEQGVVPIDDVVSEVLILSTCNRVEILAVGRGPEVVSRVLRGWSAARGQCEHDLAPYVYTHKGPEAIRHLFRVASSLDSMVVGEPQILGQLKDAYRKAIERNCTRVILNRLLHKAFSVAKRVRTETGVASSAVSISYAAVELAKRIFGEMNQYKAMLIGAGEMAELAATHLLHAGISKIYVANRTFERGRELARQFNGEAIHFEDLFERLADADIIISSTGAHEAIIRARDIKDVLRRRKHRPMFFIDIAVPRDIDPDVNNLDNVYLYDIDDLKEVVEENLAQRREEASKALTIVEEETGKFGQWLRSLELQPTIVDLIRRSERIAQDELARTLKRLGPVDDETRDALEAMLSSMVRKLNHEPITFLKRRHSEEDAGPRYIDIARRMFNLDDDNVPPDAHCDRRRHDEDN	50,045	440	\N	1	t	\N
432	\N	Q72C24	\N	\N	\N	\N	\N	\N	\N	\N	\N	\N	\N	1	t	\N
433	\N	Q72BP6	\N	\N	\N	\N	\N	\N	\N	\N	\N	\N	\N	1	t	\N
434	\N	Q72BP5	\N	\N	\N	\N	\N	\N	\N	\N	\N	\N	\N	1	t	\N
435	\N	Q72FB9	\N	\N	\N	\N	\N	\N	\N	\N	\N	\N	\N	1	t	\N
436	HSLU_DESVH	Q72C17	2794885	\N	hslU	\N	\N	\N	\N	MSTLTPREIVSELDRFVVGQEKAKRMVAVAMRNRWRRQRLEPSLRDEVAPKNIIMMGPTGVGKTEIARRLARLCGAPFIKVEATKYTEVGYVGRDVESMVRDLMEIGVSLIRDEEATRVRARAEAAAEERLLDLLLPQSPADGGETRQSTRDKLRGLWRQGHLDDREVDMEVEESTKGPQMDIFAMPGMESMGNQFRDLMGKAFPARRKMRKMKLREAWNLLVDEEASRLLDQDKVVDIARERVEQTGIIFIDELDKVASGEGTHRTTDISREGVQRDLLPIVEGSVVNTKYGMVRTDHILFIAAGAFHFSKPSDLIPELQGRFPLRVELDPLGRDEFYRILTEPHNALTRQYAALLATEGVTVSFTDDGLREIAAFAEEVNEETENIGARRLYTMMERILADISFDAPDRPGEHVTVDAAYVRTHLEDVRVDKDLSRYIL	50,083	441	\N	1	t	\N
437	\N	Q72FB8	\N	\N	\N	\N	\N	\N	\N	\N	\N	\N	\N	1	t	\N
438	\N	Q72EB4	\N	\N	\N	\N	\N	\N	\N	\N	\N	\N	\N	1	t	\N
439	\N	Q72B16	\N	\N	\N	\N	\N	\N	\N	\N	\N	\N	\N	1	t	\N
440	\N	Q72EB3	\N	\N	\N	\N	\N	\N	\N	\N	\N	\N	\N	1	t	\N
441	\N	Q72F27	\N	\N	\N	\N	\N	\N	\N	\N	\N	\N	\N	1	t	\N
442	RL15_DESVH	Q72CG1	2794617	\N	rplO	\N	\N	\N	\N	MRLHDLYPFPEERKTRKRVGRGSGSGLGCTSGKGNKGQNARAGGGVRPGFEGGQMPLQRRLPKRGFKNMFAVKYEVINLARLLAAFEGKAEITLDDIYDRGLCSLGSAVKILGEGDVTTAIKVEAHKFSASAVEKIRNAGGEAKALEG	15,834	148	\N	1	t	\N
443	\N	Q72AC4	\N	\N	\N	\N	\N	\N	\N	\N	\N	\N	\N	1	t	\N
444	\N	Q72B57	\N	\N	\N	\N	\N	\N	\N	\N	\N	\N	\N	1	t	\N
445	\N	Q72B56	\N	\N	\N	\N	\N	\N	\N	\N	\N	\N	\N	1	t	\N
446	\N	Q72AC7	\N	\N	\N	\N	\N	\N	\N	\N	\N	\N	\N	1	t	\N
447	\N	Q72AC0	\N	\N	\N	\N	\N	\N	\N	\N	\N	\N	\N	1	t	\N
448	\N	Q72AC1	\N	\N	\N	\N	\N	\N	\N	\N	\N	\N	\N	1	t	\N
449	\N	Q72B50	\N	\N	\N	\N	\N	\N	\N	\N	\N	\N	\N	1	t	\N
450	\N	Q726Y7	\N	\N	\N	\N	\N	\N	\N	\N	\N	\N	\N	1	t	\N
451	CHEB2_DESVH	P62637	2793455	\N	cheB2	\N	\N	\N	\N	MISVVVVDDSAFMRKALSTMLEKDPEIRVVATARDGEEGLQVIRQHNPDVVTLDIEMPRMDGLTTLRHIMMEMPRPVLMVSSLTTEGAEATLKALELGAVDFIPKQLSKVSLDIVRIENDLREKVKEVSKRRMLRTPRPVRPAPTASAPAQTAQVASAAPATAPSRPAMPATRASRPVRDVVAIGVSTGGPPAVQKVLSQLPADFPASILIAQHMPAAFTGPFAKRLDGVCAISVKEAESGEKLKPGTAYIAPGGKHLRVEQRVSHMEVVVTTDPADALYKPSANVLMESVGQSMGRRALGVILTGMGSDGMEGMKVLKQKGGRSIAQSDATCVVYGMPKAIVDAGLADEIVDIDDMAAAIMNGLYK	39,075	367	\N	1	t	\N
452	\N	Q72A22	\N	\N	\N	\N	\N	\N	\N	\N	\N	\N	\N	1	t	\N
453	\N	Q72EM7	\N	\N	\N	\N	\N	\N	\N	\N	\N	\N	\N	1	t	\N
454	\N	Q72EM6	\N	\N	\N	\N	\N	\N	\N	\N	\N	\N	\N	1	t	\N
455	\N	Q725V6	\N	\N	\N	\N	\N	\N	\N	\N	\N	\N	\N	1	t	\N
456	\N	Q729H2	\N	\N	\N	\N	\N	\N	\N	\N	\N	\N	\N	1	t	\N
457	\N	Q725W0	\N	\N	\N	\N	\N	\N	\N	\N	\N	\N	\N	1	t	\N
458	\N	Q72B19	\N	\N	\N	\N	\N	\N	\N	\N	\N	\N	\N	1	t	\N
459	\N	Q729H5	\N	\N	\N	\N	\N	\N	\N	\N	\N	\N	\N	1	t	\N
460	\N	Q72B17	\N	\N	\N	\N	\N	\N	\N	\N	\N	\N	\N	1	t	\N
463	BAMA_DESVH	Q729H8	\N	\N	bamA	\N	\N	\N	\N	MYGSFTQLGDSFSIDLRVVDALGVKPAKPFFIQKQGIINILPAVDELVDRVAGEFTSGNAIADVKVRGTKVLDPDVVLMRLSTRKGDPIDPAAINKEIKRIWDLGYFSDVQASVEQGGDGTVLVYTVTEKPRIDNIVIEGSDKVGHDDILAAMSSKTGSVLNDKLLAQDLQKVTELYRKEGFYLAHVTHRVEARQGAASATLVLNVEEGNKLYIKKVKIEGLKELSESEVKDILALSERGMFSWFTGTGVLKDELLERDSAAITAYCLNHGYVDALVSAPKVDYEEDGIIVSFAVKEGPRYKLGKIGFDGELIDTDERLLKVVKLDDHKKDNQYFALDVMQTDDKLLSDYYADYGYAFAEINSRTQKSAEEHVIDVTYVIRKRQKVYINRVLVEGNQKTRDNVVLREMRIADGDMFEGAKLRRSNERLNRTRYFSQVDTELVPTQKEDEVDLKVKVKEQNTGALIGGVGYSTFYQFGVSGTIMERNLFGKGYYASLQAFFSGKRNSFIASFTNPRVNDGDLSFGNDAYISREYFDDFSKNTIGDTIRFALPVGEYSTVGWGYRLDRYELYDIDDDAAKIIKEREGENISSVAHVRFTRDTTDSKEKPTKGTIFKTFNEFGGGPIGGDDDFIKPVVEFQAYHQLAPNHVLHGRTRGGAVLENGQGDVPVFERFYIGGIDSIRGYNSRDISPRDPESGDRIGGDRMAFVNLEYIWVFKPDLGLALVPFFDMGINYDSSAEFNWDDELKKSVGLEMRWRSPMGDLRFAYGFPLDEGRDGEQHSGRFEFSMGQFF	88,879	791	\N	1	t	\N
464	\N	Q72F00	\N	\N	\N	\N	\N	\N	\N	\N	\N	\N	\N	1	t	\N
465	\N	Q72F53	\N	\N	\N	\N	\N	\N	\N	\N	\N	\N	\N	1	t	\N
466	\N	Q72F06	\N	\N	\N	\N	\N	\N	\N	\N	\N	\N	\N	1	t	\N
467	\N	Q72F08	\N	\N	\N	\N	\N	\N	\N	\N	\N	\N	\N	1	t	\N
468	\N	Q727U6	\N	\N	\N	\N	\N	\N	\N	\N	\N	\N	\N	1	t	\N
469	AMPA_DESVH	Q72F03	2795178	\N	pepA	\N	\N	\N	\N	MDIRFQAGGHAAWRAGAVMVFVFKDEPLAEVDSQLVEAAPWLTIAPAGNDFRAAKDEVAVLHGPPAFDIPRVVAVGLGKREDCTLERIRLAAAAGIRRCRDLRVENVGVVAAQLGRMAPTEHDALRVAEEVVCGALLGLYRYDRFRTVKDDERAEDPRWLALLCEGKNVPDDLHGAARKGEAVALGMGVARDLVNGPANIVTPAFLASEAEALGRKHGFRVEVLGRDELSSMGMGAFASVFRGAEEEARLIVIEHAPAGTEEQQPLVFVGKGVTFDTGGISLKPAAKMHEMKGDMAGAAAILGLFAALGERDLPRRVVGVLPCTENMPDGRATRPGDVVTTLSGKTVEILNTDAEGRLLLCDALTYAQRRWQPEALVDLATLTGACVVALGTEVAGLFCDDAALADAIASRGETVGDLFWPLPLWKSYAENLKSDVADLANVGPREGGAVNAALFLRQFIDDGVRWAHLDIAGPAFTAKKSALCPGGGTGFAVRTLFELVSEGIPAA	53,772	507	\N	1	t	\N
470	\N	Q72F04	\N	\N	\N	\N	\N	\N	\N	\N	\N	\N	\N	1	t	\N
471	\N	Q727T4	\N	\N	\N	\N	\N	\N	\N	\N	\N	\N	\N	1	t	\N
472	\N	Q72FP7	\N	\N	\N	\N	\N	\N	\N	\N	\N	\N	\N	1	t	\N
473	\N	Q72FP8	\N	\N	\N	\N	\N	\N	\N	\N	\N	\N	\N	1	t	\N
474	\N	Q727T0	\N	\N	\N	\N	\N	\N	\N	\N	\N	\N	\N	1	t	\N
475	\N	Q72FQ1	\N	\N	\N	\N	\N	\N	\N	\N	\N	\N	\N	1	t	\N
476	DSVC_DESVH	P45573	2796326	\N	dsvC	\N	\N	\N	\N	MAEVTYKGKSFEVDEDGFLLRFDDWCPEWVEYVKESEGISDISPDHQKIIDFLQDYYKKNGIAPMVRILSKNTGFKLKEVYELFPSGPGKGACKMAGLPKPTGCV	11,873	105	\N	1	t	\N
477	RPOA_DESVH	Q72CF4	2794624	\N	rpoA	\N	\N	\N	\N	MLIKQGDRLINTRNWSELVKPEQISRDGEVSDTMYGKFVCEPLERGYATTIGNAMRRVLLSSLQGAAFVAVKISGVQHEFTTIPGVLEDVTDVVLNLKQVRLAMDTEEPQYLELKVDKRGAITAGDVRTNQHVMVLNPDQHIATLTEDIELTFELEVRMGKGYVPADMHEGLSEEIGLIKLDASFSPVRKVAYTVEQARVGQMTNYDKLILEVWTDGSVSPEDAIAYSAKIIKDQISVFINFDERISGENSNGSADSGEFNEHLFKSIDELELSVRATNCLKSANIALVGELVQKSENEMLKTKNFGRKSLDEIRRVLGDMGLDFGTKVDGFEKKYQEWKRKQQHEA	38,922	347	\N	1	t	\N
478	\N	Q72FP4	\N	\N	\N	\N	\N	\N	\N	\N	\N	\N	\N	1	t	\N
479	\N	Q728P9	\N	\N	\N	\N	\N	\N	\N	\N	\N	\N	\N	1	t	\N
480	\N	Q72DP2	\N	\N	\N	\N	\N	\N	\N	\N	\N	\N	\N	1	t	\N
481	\N	Q729Q1	\N	\N	\N	\N	\N	\N	\N	\N	\N	\N	\N	1	t	\N
482	\N	Q729Q3	\N	\N	\N	\N	\N	\N	\N	\N	\N	\N	\N	1	t	\N
483	\N	Q729Q4	\N	\N	\N	\N	\N	\N	\N	\N	\N	\N	\N	1	t	\N
484	\N	Q729Q6	\N	\N	\N	\N	\N	\N	\N	\N	\N	\N	\N	1	t	\N
485	\N	Q729Q8	\N	\N	\N	\N	\N	\N	\N	\N	\N	\N	\N	1	t	\N
486	\N	Q729Q9	\N	\N	\N	\N	\N	\N	\N	\N	\N	\N	\N	1	t	\N
487	RL13_DESVH	Q728T4	2795608	\N	rplM	\N	\N	\N	\N	MKTFSPTPENINREWFVVDAEDKILGRLATQIAHRLRGKHKPEFAPHMDNGDFIVVVNCEKIKVTGKKLDQKKYYNHSGYVGGLRETSLEKLLASKPEEVLLKAVRGMLPRNRLGRAMLTKLKVYRGTEHPHAAQKPTPLELTY	16,447	144	\N	1	t	\N
488	RS9_DESVH	Q728T3	2795609	\N	rpsI	\N	\N	\N	\N	MTKEFNYGTGRRKTATARTRLYPGTGVIEINGRPYEEFFPRKTLQMIIRQPLVLTKMLEKFDVKVNVAGGGISGQAEAVRHGISRALLELDAELRPVLKRAGFLTRDARKKERKKYGLRAARARYQYSKR	14,900	130	\N	1	t	\N
489	\N	Q72A88	\N	\N	\N	\N	\N	\N	\N	\N	\N	\N	\N	1	t	\N
490	\N	Q727V1	\N	\N	\N	\N	\N	\N	\N	\N	\N	\N	\N	1	t	\N
491	\N	Q72A90	\N	\N	\N	\N	\N	\N	\N	\N	\N	\N	\N	1	t	\N
492	\N	Q72A92	\N	\N	\N	\N	\N	\N	\N	\N	\N	\N	\N	1	t	\N
493	\N	Q72A93	\N	\N	\N	\N	\N	\N	\N	\N	\N	\N	\N	1	t	\N
494	\N	Q72A94	\N	\N	\N	\N	\N	\N	\N	\N	\N	\N	\N	1	t	\N
495	\N	Q728T7	\N	\N	\N	\N	\N	\N	\N	\N	\N	\N	\N	1	t	\N
496	\N	Q728T6	\N	\N	\N	\N	\N	\N	\N	\N	\N	\N	\N	1	t	\N
497	\N	Q72A97	\N	\N	\N	\N	\N	\N	\N	\N	\N	\N	\N	1	t	\N
498	Y527_DESVH	Q72EP2	2794893	\N	\N	\N	\N	\N	\N	MFTSTGPFTAAHPVILASGSPRRRAFFEQMGIPFEVILPVDAEPSPIEGEQPEVYVRRAAEAKARAVAADHKGRLVVAADTVVALDDMILGKPASADDALSMLRRLAGRTHVVASGCCVVLPEGGRETFHSITRVTMWDCPEEALAAYVATGEPSDKAGAYGIQGIGAFLVRSIEGSWTNVVGLPVAELTALLLRRGAIHCQLPVEAVHA	22,224	210	\N	1	t	\N
499	HIS6_DESVH	P62450	2793492	\N	hisF	\N	\N	\N	\N	MLSKRIIPCLDVRAGRLTKGVKFEGNVDIGDPVATARRYYEEGADEIVFYDITASHEDRGIFLDVVERVASEIFIPFSVGGGINTVDDMRAVLMAGAEKVSVNSGAVKTPDIISQGAAAFGSQAIVVGMDVKQVEKSATIPSGYEIVIHGGRKYMGMDAIEWAKTCESLGAGELCVNSIDADGTKDGYELTLTRMISDAVTIPVIASGGAGSPEHMYDALTRGGASAALIASIVHYGTYTIPDLKRRISGMGAKMRMVW	27,532	259	\N	1	t	\N
500	FLIW_DESVH	Q72EP7	2794804	\N	fliW	\N	\N	\N	\N	MARQNEIEIQTRIGRQRITLDKIIHFPRGLAGFEGRHDFTLLQLREGAPFLVLQSLDDPGLGLLVADPYSFLTDYQIRVGDPEQRLLKLENIRQVAVLVTVSIPAGQPEKTALNLTGPILINHRARIGLQVPQTDASLPPQFYLHMDDANGSTTVRRKASPPAAGEDKGDVQE	19,166	173	\N	1	t	\N
501	ZRAP_DESVH	Q725P0	2796403	\N	\N	\N	\N	\N	\N	MNSKRIALGIIALATVVSLGTAANNAFARGHGNYHGQGQMMGQAYEALTPEKQAKFDSLIDAFNTKVTPLRDKLWAKHTELNALSSNPNTKPEDIRKLTDEITALRTQYRTEAANLDASMQKEVGIKTHFATMGHRGMGGMGGGCGMMGGKGGMGSGMMQMHDGEGPHRGQNM	18,508	173	\N	1	t	\N
502	\N	Q72FF0	\N	\N	\N	\N	\N	\N	\N	\N	\N	\N	\N	1	t	\N
503	\N	Q72D45	\N	\N	\N	\N	\N	\N	\N	\N	\N	\N	\N	1	t	\N
504	\N	Q726C9	\N	\N	\N	\N	\N	\N	\N	\N	\N	\N	\N	1	t	\N
505	\N	Q726A9	\N	\N	\N	\N	\N	\N	\N	\N	\N	\N	\N	1	t	\N
506	\N	Q727F8	\N	\N	\N	\N	\N	\N	\N	\N	\N	\N	\N	1	t	\N
507	\N	Q727U7	\N	\N	\N	\N	\N	\N	\N	\N	\N	\N	\N	1	t	\N
508	\N	Q72CP2	\N	\N	\N	\N	\N	\N	\N	\N	\N	\N	\N	1	t	\N
509	\N	Q728M1	\N	\N	\N	\N	\N	\N	\N	\N	\N	\N	\N	1	t	\N
510	\N	Q72CP1	\N	\N	\N	\N	\N	\N	\N	\N	\N	\N	\N	1	t	\N
511	\N	Q728L7	\N	\N	\N	\N	\N	\N	\N	\N	\N	\N	\N	1	t	\N
512	\N	Q728L8	\N	\N	\N	\N	\N	\N	\N	\N	\N	\N	\N	1	t	\N
513	\N	Q72CN4	\N	\N	\N	\N	\N	\N	\N	\N	\N	\N	\N	1	t	\N
514	SYR_DESVH	Q72CN5	2795029	\N	argS	\N	\N	\N	\N	MRAKKQLLAALQDIVKDMGLAWPEKATIDTPKATGFGDLAANIALVLAKQAGQNPRELATRIADALRNRDADITAIDIAGPGFLNVTYSQDFWRETILRAQEAGSAFGSSDTGAGRKVQVEYVSANPTGPLHIGHGRGAAVGDSLARIMRFAGYDVSTEYYINDAGRQMRLLGLSVWVRAKELAGRPVTLPEDFYRGDYIKDIARELMEKEPGLLDLDDAAGEDRCFAYAMSSILDGIKQDLADFRVEHQVWFSERSLVEGGAVEKTFNRLKEAGLAFEQDGALWFRTTDFGDDKDRVLRKSDGTLTYFSSDIAYHDNKYDRGFDLVVDIWGADHHGYIPRMRAAVAALGRKPEAFDVVLIQLVNLLRGGELVAMSTRAGQFETLADVVKETGADAARFMFLSRKSDSPLDFDLELVKQRTMDNPVYYVQYAHARVCSVLRKAAERGIEMPAQLDGASLAPLSGDDEMELLRLLDRFEETVAGAATALAPHHISHYLMEVAGALHSYYARQPILNATEQDVIVPRLALLRAVGCVLANGLSLLGVSAPESM	60,510	551	\N	1	t	\N
515	\N	Q72CW8	\N	\N	\N	\N	\N	\N	\N	\N	\N	\N	\N	1	t	\N
516	\N	Q72FD1	\N	\N	\N	\N	\N	\N	\N	\N	\N	\N	\N	1	t	\N
517	\N	Q726B9	\N	\N	\N	\N	\N	\N	\N	\N	\N	\N	\N	1	t	\N
518	\N	Q726B8	\N	\N	\N	\N	\N	\N	\N	\N	\N	\N	\N	1	t	\N
519	DCRA_DESVH	P35841	2793832	\N	dcrA	\N	\N	\N	\N	MSTQRSLGTKVMLLVSGISLFVYLILAVLTSYWQRQSALTLIDSGAVRASELLLDAIADPMSKGNDTGTTEKFDAIARRYADIRAYMTDFRGNITYSTSKDVLRRDLADVVQAPALLDKFNAALKTDSREEQLATIDGMAFYATIRSIPNAPECHHCHGRSQPILGTLVMLQDVTPAMSELRLHQYETVGLSVGGLLLLVGVLSLFMRRAVISRVQRIAAVSGQIEQGDYSVSFEHDGNDELTRLNANLASMVTTIRDQMQYNRSVLEGIIVPLAVVDARNRIEFINQPMCTIVSTACHEYSGKDFSAFMQQGGVEEDITATVLKGGNNQQGNISYRRDDGTVFPLHYEVSPLRDDRGAVNGAIAVIIDLTQEEEARRRIEEQRINLLRVADEVTGVAETLVRAAEALVTRMGELERDATEAASETTQVATAMEEMNVTVTEVARNASSTAEMADLANGEAQSGGTEMANTVRETRQVAQRTEDLAESLHELARRADNIGRVIEVINEIADQTNLLALNAAIEAARAGDAGRGFAVVADEVRKLAEKTMVATREVEQAIAAIQQGSNDAVEVMTETRQQVEVTAGKAEDTGKVLSGIVGRAESIADMVRNIATASEQQSSTSDEINRNVTRINDLTEGIQRRVREAGDAIRQVEGMAQRLEALVDGFRK	72,984	669	\N	1	t	\N
520	DFX_DESVH	P20418	2793833	\N	dfx	\N	\N	\N	\N	MPNQYEIYKCIHCGNIVEVLHAGGGDLVCCGEPMKLMKEGTSDGAKEKHVPVIEKTANGYKVTVGSVAHPMEEKHWIEWIELVADGVSYKKFLKPGDAPEAEFCIKADKVVAREYCNLHGHWKAEA	13,983	126	\N	1	t	\N
524	LEPA_DESVH	Q72E76	2795487	\N	lepA	\N	\N	\N	\N	MPRQEHIRNFSIIAHIDHGKSTLADRILEVTGLVSDREKRDQYLDRMDLERERGITIKAQTVRIPFTSKTGRKYILNLIDTPGHVDFNYEVSRSLAACDGALLVVDASQGVEAQTLANVYLALDHDHDIIPVLNKIDLPSSDVDRVKAEIEESIGLDCTDAIAVSAKTGMNVDKVLEAIVERLPAPEGNLNAPLKALIFDSWYDSYQGVVVLFRVMDGVLRKGDRVRMFATEKSYEVIRLGVFSPDIVDVAELGAGEVGFLCANIKELGDAKVGDTITHTDRPASEPVPGFKEVQPMVFCGLYPTDAAEYEPLKASLEKLQLNDAAFSYEPETSQALGFGFRCGFLGLLHMEIIQERLEREFQVDLIATAPSVIYKVETVDGKTQDIDNPSKLPDPTRITSLYEPYVRMDIHVPNEFVGNVLKLCEEKRGIQKNMGYIAANRVVITYELPFAEIVFDFFDRLKSGTKGYASMDYEPVDYRESSLVRLDILINGEAVDALAVIVHRDKAYHYGRALALKLKRTIPRQLFEVAIQAAIGQKVIARETISAMRKNVTAKCYGGDITRKRKLLEKQKEGKRRMKRMGNVELPQEAFLAALQVGDE	67,215	601	\N	1	t	\N
525	\N	Q72E77	\N	\N	\N	\N	\N	\N	\N	\N	\N	\N	\N	1	t	\N
526	\N	Q72E78	\N	\N	\N	\N	\N	\N	\N	\N	\N	\N	\N	1	t	\N
527	\N	Q72E72	\N	\N	\N	\N	\N	\N	\N	\N	\N	\N	\N	1	t	\N
528	\N	Q72BG0	\N	\N	\N	\N	\N	\N	\N	\N	\N	\N	\N	1	t	\N
529	\N	Q72E75	\N	\N	\N	\N	\N	\N	\N	\N	\N	\N	\N	1	t	\N
530	\N	Q72G01	\N	\N	\N	\N	\N	\N	\N	\N	\N	\N	\N	1	t	\N
531	RL35_DESVH	Q728R7	2795722	\N	rpmI	\N	\N	\N	\N	MPKIKTRRSAAKRFSVTGSGKFRRRKQNLRHILTKKSAKRKMNLGQSAIVDATNEKAVRRMMPYA	7,503	65	\N	1	t	\N
532	\N	Q72G03	\N	\N	\N	\N	\N	\N	\N	\N	\N	\N	\N	1	t	\N
533	\N	Q72G02	\N	\N	\N	\N	\N	\N	\N	\N	\N	\N	\N	1	t	\N
534	\N	Q72FZ9	\N	\N	\N	\N	\N	\N	\N	\N	\N	\N	\N	1	t	\N
535	\N	Q726Z2	\N	\N	\N	\N	\N	\N	\N	\N	\N	\N	\N	1	t	\N
536	\N	Q72BN3	\N	\N	\N	\N	\N	\N	\N	\N	\N	\N	\N	1	t	\N
537	\N	Q72EB0	\N	\N	\N	\N	\N	\N	\N	\N	\N	\N	\N	1	t	\N
538	\N	Q72BN1	\N	\N	\N	\N	\N	\N	\N	\N	\N	\N	\N	1	t	\N
539	\N	Q726Z3	\N	\N	\N	\N	\N	\N	\N	\N	\N	\N	\N	1	t	\N
540	DAPB_DESVH	Q72BM6	2796062	\N	dapB	\N	\N	\N	\N	MSTPIIVMGAGGRMGSTICRLVQEEPQLCLAAVLERPDRASGVARDGCIAGSDPDVVFPQVPGGVIIDFTAPEASMATARAAARHGNAVVIGTTGFNEEQKAELAELARQIRLFWAPNMSVGVNVLLKVLPELVRLLGEKYDLEMVELHHNRKKDSPSGTALRLAECLAEARDWNLPDVACYHREGIIGERPQKEIGVQTIRGGDVVGVHTVYCLGPGERIEVTHQAHSRETFAQGALRAAAWLATQKPGKLYNMADIF	27,984	259	\N	1	t	\N
541	DNLJ_DESVH	Q72BM7	2796061	\N	ligA	\N	\N	\N	\N	MTEVKTGRVVDDAPVNDAPENNAAEATSPARHDAIPEEARQRAAQLRADLERHNRLYYELDTPEISDAEYDALYRELVGLETRWPALRDEASPTQRVGGEVLEGLEKQAHTLRMYSLDNAFSRDEWGAFIQRMYNALPDAPSAFWCDPKMDGLALEVIYENGVFTSALTRGNGEVGEVVTAAMRTVRNLPLALRGDDVPRRIEVRGEVVIAKADFEQLNARQSAAGGKLFANPRNAAAGSVRQLDTTVTAGRPLQFLAYGVGQVVLEGGTAPWTTHSGLMARLREWGFDTPPEGRLCASPDEVWAYYEALGARRESLAIEIDGVVAKLDDTEAQEALGFTARAPRWALALKFPAMQARTRLDDIRVQVGRTGVLTPVAILEPVRVGGVEVSRATLHNEDEIRAKGLMLGDMVLVQRAGDVIPEVVRPLVEERTGDERPFVFPENCPECDSPVVRPQGEVAHRCVNVMCPAVRRQSIIHFVSKAGLDVRGVGERWVQQLVDGGHVTSPVGLFLLTKLDLMRFERMGPTSAANFVTALDAARTGATLVRLICALGIRHVGEQTARTLAANFTDLDALREADAETLQQLPDIGPEVAGSIRSFFANEGNLELLERLRAIGLWPKRQDAPPASEGADAIVLPLQGLKVLFTGSLTRVGRTEAEDMARAAGANIASSVTKSLDLLVVGGKPGSKLEKARKLGIRVMEEADFFAMLASGVASVDASEAVAEETPPSQEAAGAEDAPSQGAAHVRTASDETGSASGDDSRGAAAENDPARPARGGAMSTAEGEDVPRGRAEQLKLF	86,099	799	\N	1	t	\N
542	\N	Q72EB8	\N	\N	\N	\N	\N	\N	\N	\N	\N	\N	\N	1	t	\N
543	\N	Q72EB6	\N	\N	\N	\N	\N	\N	\N	\N	\N	\N	\N	1	t	\N
544	\N	Q72EB5	\N	\N	\N	\N	\N	\N	\N	\N	\N	\N	\N	1	t	\N
545	\N	Q72DB7	\N	\N	\N	\N	\N	\N	\N	\N	\N	\N	\N	1	t	\N
546	\N	Q72DB6	\N	\N	\N	\N	\N	\N	\N	\N	\N	\N	\N	1	t	\N
547	\N	Q72FV2	\N	\N	\N	\N	\N	\N	\N	\N	\N	\N	\N	1	t	\N
548	\N	Q72AC5	\N	\N	\N	\N	\N	\N	\N	\N	\N	\N	\N	1	t	\N
549	\N	Q726H3	\N	\N	\N	\N	\N	\N	\N	\N	\N	\N	\N	1	t	\N
550	GLPK_DESVH	Q726H4	2793983	\N	glpK	\N	\N	\N	\N	MSNYVLALDQGTTSSRAILFTREGDIKQISQKEFTQIYPQPGWVEHNANEIFDTQSWVMRECLQEAGIGAADVVAAGITNQRETTVVWDKATGAPVYNAIVWQDRRTAGFCDELKARGLADVFRKKTGLVLDAYFSGTKVRWILDNVPGARAKAEKGELLFGTIDTWLIWNLTKGKAHVTDSSNASRTLMFNINTGAWDDELLGILDVPRSMLPRVTGSSEVVGDIHPEFLGKAIPIAGNAGDQQAATYGNACLKPGMAKNTYGTGCFMLMNTGTEVRSSQNNLLSTVAWTTPSGRFYALEGSVFIAGAVVQWLRDGLGIIKAAPEVEQLALSVPDNGGVYLVPAFAGLGAPHWDQYARGTMVGITRGATKAHIARAALESIALQTLDIMDCMQKDSGIKLAALRADGGATRNNLLMQFQADVLGVPVERPKVTETTALGAAYLAGLATGFWKSEDEIATMWQLDRRFEPNMSDDKRQHLVYEWQRAVERAKAWVEA	54,199	497	\N	1	t	\N
551	\N	Q726H1	\N	\N	\N	\N	\N	\N	\N	\N	\N	\N	\N	1	t	\N
552	\N	Q726H2	\N	\N	\N	\N	\N	\N	\N	\N	\N	\N	\N	1	t	\N
553	\N	Q72C55	\N	\N	\N	\N	\N	\N	\N	\N	\N	\N	\N	1	t	\N
554	\N	Q72DE9	\N	\N	\N	\N	\N	\N	\N	\N	\N	\N	\N	1	t	\N
555	\N	Q72BU3	\N	\N	\N	\N	\N	\N	\N	\N	\N	\N	\N	1	t	\N
556	GCSPA_DESVH	Q72C59	2794686	\N	gcvPA	\N	\N	\N	\N	MPFVPHSPEDVSVMLDAIGVNTIEDLFADIPAEMRPKSFALPKGLSEMDVCSRLEALSARNRTDVVSFLGAGFYDHHIPKAVDALSSRGEFYTAYTPYQPEAAQGTLQAIFEFQTAVCRLLDMDCANASVYDGGSALFEAMMMAVRATRRRKLVIDEALSPIYRTMLASYTSNLQLELVTVPHRDGLSDMDALKASVDDTCAAVVVQNPNFFGAITDFTDLFTHARAHKALGVISVYPVMQSVLKTPGEMGADIAVADGQSIGQPLSFGGPYLGIMTCTKPLVRQIPGRIVGRTQDVDGRTGYVLTLQAREQHIRRAKATSNICSNQALCALRSLIHLTLLGPEGLVRTAELSMERARYAAERLTALPGVELLHDAPFGNEFAVRLPVSAFEVVDRLTARGYVPGFPVGRYYPGMDNVLLVACTEKHSFEQVGILAEMLGGIL	48,152	443	\N	1	t	\N
557	\N	Q72C60	\N	\N	\N	\N	\N	\N	\N	\N	\N	\N	\N	1	t	\N
558	\N	Q72C57	\N	\N	\N	\N	\N	\N	\N	\N	\N	\N	\N	1	t	\N
559	GCSH_DESVH	Q72C58	2794687	\N	gcvH	\N	\N	\N	\N	MSIPAELKYSKTHEWIRIEGDEAVIGITHFAQEQLGDLTFVDLPGVGDTLDVEQEMGSVESVKAASELYAPVAGEVIAVNDALASAPELVNQSPYTEGWMLRVKLAATPEDLLDATAYGELVASEAH	13,614	127	\N	1	t	\N
560	\N	Q72C64	\N	\N	\N	\N	\N	\N	\N	\N	\N	\N	\N	1	t	\N
561	\N	Q72C61	\N	\N	\N	\N	\N	\N	\N	\N	\N	\N	\N	1	t	\N
562	\N	Q72C62	\N	\N	\N	\N	\N	\N	\N	\N	\N	\N	\N	1	t	\N
563	SYC_DESVH	Q72BQ5	2796191	\N	cysS	\N	\N	\N	\N	MQIYNSLSRRKELFTPAVPGKVNMYVCGITAYDLCHIGHARSAVVFDVLVRYLRHTGLDVTFARNFTDVDDKIIKRANEEGLTSQQVAEKYIDTFYEDMDRLNVLRADIEPKATGHILEMIALCEKLIAKGKAYATPSGDVYFRVRSFPEYGKLSGRDIDDMRSGARVAPGEEKEDPLDFALWKAAKPGEPSWTSPWGEGRPGWHIECSAMSEKHMPLPLDIHGGGQDLIFPHHENEIAQTEAALDKPFVRYWMHNGFVQVDAEKMSKSLGNFKTIRDILEGYLPEVLRFFLLTKHYRSPIDFTFDSMDEAEKSLKRIYEALSLARTERSRSKWSATPLPADVTAEFDTLDRAFDEALEDDLNTAAALGHVFGTIRLVNRLLEDKNLRKSAETLALLERLDGLVAKWMKVLGVFGREPEAFLSDLKECRIRRKGIDTTKVDALLEERKSVRAAKDFARADAIRDELAALGIEVRDTPSGAVWDVL	54,831	485	\N	1	t	\N
564	NIGY_DESVH	P30820	2794280	\N	ngr	\N	\N	\N	\N	MKVRAQVPTVKNATNFNMVADSKTAVGSTLENLKAAIAGETGAHAKYTAFAKAAREQGYEQIARLFEATAAAELIHIGLEYALVAEMEPGYEKPTVAAPSAYSCDLNLISGANGEIYETSDMYPAFIRKAQEEGNSKAVHVFTRAKLAESVHAERYLAAYNDIDAPDDDKFHLCPICGYIHKGEDFEKCPICFRPKDTFTAY	22,098	202	\N	1	t	\N
565	\N	Q72AI0	\N	\N	\N	\N	\N	\N	\N	\N	\N	\N	\N	1	t	\N
566	\N	Q72BU0	\N	\N	\N	\N	\N	\N	\N	\N	\N	\N	\N	1	t	\N
567	\N	Q72DY0	\N	\N	\N	\N	\N	\N	\N	\N	\N	\N	\N	1	t	\N
568	\N	Q726M7	\N	\N	\N	\N	\N	\N	\N	\N	\N	\N	\N	1	t	\N
569	\N	Q72D84	\N	\N	\N	\N	\N	\N	\N	\N	\N	\N	\N	1	t	\N
570	\N	Q72DY8	\N	\N	\N	\N	\N	\N	\N	\N	\N	\N	\N	1	t	\N
571	\N	Q72DY5	\N	\N	\N	\N	\N	\N	\N	\N	\N	\N	\N	1	t	\N
572	\N	Q72DY4	\N	\N	\N	\N	\N	\N	\N	\N	\N	\N	\N	1	t	\N
573	HISX_DESVH	P62457	2794518	\N	hisD	\N	\N	\N	\N	MPCRILTLQSEAQWPLLGDMLAGRYDPDDAVEPVVRDILAAVRSKGDEALAEYTRRFDCPDFTPALLHVTSEEVAQAVASVPADDIAIIRQAADNIRSFHEAQKERSWFVTHDDGTILGQKVTPVDRAGLYVPGGKGGDTPLLSSLLMNAIPAQVAGVTSITVASPPRPDGTLNPHLLAAAHILGITDIIRAGSAWAVAAFAFGTQTIAPVDVIAGPGNIFVTTAKRMVQGRVAIDMIAGPSEILILADATARPDWVAADMLSQAEHDPLASSILVTTEPALAEAVTAELERQLATLPRADIARKALADWGAVVVVPDMDVAVAIANRVAPEHLEVLTAQPWELAGSLRHAGALFLGPYSPEPLGDYFAGPNHVLPTMGTARFSSALSVQTFCKRTSIIAASRAFAERNADAVARLARLEGLEAHARSAASRNSQQ	46,131	436	\N	1	t	\N
574	\N	Q72C56	\N	\N	\N	\N	\N	\N	\N	\N	\N	\N	\N	1	t	\N
575	\N	Q729M0	\N	\N	\N	\N	\N	\N	\N	\N	\N	\N	\N	1	t	\N
576	\N	Q72AT3	\N	\N	\N	\N	\N	\N	\N	\N	\N	\N	\N	1	t	\N
577	\N	Q72AT6	\N	\N	\N	\N	\N	\N	\N	\N	\N	\N	\N	1	t	\N
578	\N	Q72EI3	\N	\N	\N	\N	\N	\N	\N	\N	\N	\N	\N	1	t	\N
579	\N	Q72AX1	\N	\N	\N	\N	\N	\N	\N	\N	\N	\N	\N	1	t	\N
580	\N	Q72AT7	\N	\N	\N	\N	\N	\N	\N	\N	\N	\N	\N	1	t	\N
581	\N	Q729L4	\N	\N	\N	\N	\N	\N	\N	\N	\N	\N	\N	1	t	\N
582	\N	Q72EI7	\N	\N	\N	\N	\N	\N	\N	\N	\N	\N	\N	1	t	\N
583	\N	Q729L1	\N	\N	\N	\N	\N	\N	\N	\N	\N	\N	\N	1	t	\N
584	\N	Q726H6	\N	\N	\N	\N	\N	\N	\N	\N	\N	\N	\N	1	t	\N
585	\N	Q72EI0	\N	\N	\N	\N	\N	\N	\N	\N	\N	\N	\N	1	t	\N
586	\N	Q72DT1	\N	\N	\N	\N	\N	\N	\N	\N	\N	\N	\N	1	t	\N
587	\N	Q72DT0	\N	\N	\N	\N	\N	\N	\N	\N	\N	\N	\N	1	t	\N
592	\N	Q72DT3	\N	\N	\N	\N	\N	\N	\N	\N	\N	\N	\N	1	t	\N
593	\N	Q72DT2	\N	\N	\N	\N	\N	\N	\N	\N	\N	\N	\N	1	t	\N
594	\N	Q72CE4	\N	\N	\N	\N	\N	\N	\N	\N	\N	\N	\N	1	t	\N
595	\N	Q72FH0	\N	\N	\N	\N	\N	\N	\N	\N	\N	\N	\N	1	t	\N
596	\N	Q726V3	\N	\N	\N	\N	\N	\N	\N	\N	\N	\N	\N	1	t	\N
597	\N	Q726V4	\N	\N	\N	\N	\N	\N	\N	\N	\N	\N	\N	1	t	\N
598	\N	Q726V1	\N	\N	\N	\N	\N	\N	\N	\N	\N	\N	\N	1	t	\N
599	\N	Q72CF2	\N	\N	\N	\N	\N	\N	\N	\N	\N	\N	\N	1	t	\N
600	\N	Q726U8	\N	\N	\N	\N	\N	\N	\N	\N	\N	\N	\N	1	t	\N
601	TIG_DESVH	Q72CE9	2794582	\N	tig	\N	\N	\N	\N	MEYKVEDVSPVKKKVNVTVPVEEVDAALGAAIAMYRTSVNLDGFRKGKVPASIVENRFRKEIYAEATQDLVNVHINEIVTSLAVSPLSRIDFDGGELERGKEFSYTISFEVMPQFDLPDYEGFAVEQEKAVVDEKEVDEVIARIRRNMAELVPVAETRPGADGDVVVLDFAAFENGEPIEGVSAENFQLSLGEKQSLEDFENLVKTIPAGQEAEGPITFPDDFLNPDFAGKTVTMKVKVHAVKERRLPEIDDALAQKAGGFESMEKMRETVVTSYMQSREQLHKATAQKSMLDKLLKMVDFALPESMVDMYVGNLIEDMRVKMERQGRGLESLGKTPEQLREQVLPEAQQIARSQIFLLAAGRKEAVEVSEQEVDGQLQQLAMRSGQDFDTLKDYYVRNGLIFNLRDRLIADKAMDAIYAKANVTMVDPAPAA	48,295	433	\N	1	t	\N
602	LON_DESVH	Q72CE6	2794585	\N	lon	\N	\N	\N	\N	MTDTGREGLQNREEGFELPLMSLREVVMFPRSIVPLFVGREASIKAIESAISDYGKKIFLVAQREPELEKPGPEDLFEVGTVSKILQLLRLPDGTIKVLFEGLYRARWDGTADAIIGADDAYPRVRVTRIEQESSEDDDEALVRATHEALDEYGKINKKLAQETLVAISALSDAARLADAIMPHLKVDYRRKQELLEVESGAERLEKVYELLQGEIAVASLEKRIKSRVKNQMERNQREYYLNEQIKAIHKEMGREDDPQAEVNELEARLAEKSMPEEAREKALREMKKLRQMPPSSAEYTVVRNYVDWILDLPWNTLKETEIDIDNARSILDADHYGLEKPKERILEYLAVQKLVNRLKGPILCLVGPPGVGKTSLAKSVAKATGREFVRLSLGGVRDEAEIRGHRRTYVGALPGKIIQSLKRVKHNNPLFCLDEIDKMSTDFRGDPSSALLEVLDPEQNSTFNDHYLDMDYDLSQVFFITTANSLHSIPLPLQDRMEIIRLPGYLETEKRRIAHDFLLPKQVEAHGLAASNLRISDNAVLEIIRSYTREAGVRNLEREIASVCRKAAMQVVEAGDKEKTLTVSRQNLGNFLGVKKYRHGEREDTSQVGVCTGLAWTEMGGELLVVETALMPGSGRVEITGKLGDVMTESAKAALSYLRSRSDLFGLRPDFHKEIDIHVHVPEGATPKDGPSAGITLATSMVSALLGIPVRNDVAMTGEITLRGRVLPIGGLREKLLAAHRGQIGKVLVPRENEKDLKEVPGEILKGLEIVFVDHVDEVLPQALMAQAESIFGGRTQSTPLYAKLRKDAQDGGATMPTAQ	91,617	821	\N	1	t	\N
603	\N	Q72DE1	\N	\N	\N	\N	\N	\N	\N	\N	\N	\N	\N	1	t	\N
604	MTNA_DESVH	Q72FX9	2796751	\N	mtnA	\N	\N	\N	\N	MERHIRYDAASRSLILLDQRYLPTREEDFVCRNTDDIVTALQVMVVRGAPAIGVTAAWGCVLAAYETAESGMETWRPVLDGLIERIANARPTAVNLRWAVERMRAAWHSLGRADLATLITYWTNEAKRIHRDDIAINRRMGEHGAELIDDGDAVMTHCNAGALATAGYGTALGVIRGAVEAGKNITVIANETRPFLQGARLTAFELHEDGIPVTVACDNACGLLMKRGMVQKVVVGADRIAANGDAANKIGTYSVALLAREHGIPFYVAAPLSTIDRETPDGDHIPIENRTPTEVTHVGATQITPDGVPVFNFAFDVTPAHLIAGIVTEMGVLRAPYRESIAEAFRKAGL	37,901	350	\N	1	t	\N
605	\N	Q72FX8	\N	\N	\N	\N	\N	\N	\N	\N	\N	\N	\N	1	t	\N
606	\N	Q728U3	\N	\N	\N	\N	\N	\N	\N	\N	\N	\N	\N	1	t	\N
607	\N	Q72FY3	\N	\N	\N	\N	\N	\N	\N	\N	\N	\N	\N	1	t	\N
608	\N	Q72FY1	\N	\N	\N	\N	\N	\N	\N	\N	\N	\N	\N	1	t	\N
609	\N	Q728G8	\N	\N	\N	\N	\N	\N	\N	\N	\N	\N	\N	1	t	\N
610	\N	Q728G7	\N	\N	\N	\N	\N	\N	\N	\N	\N	\N	\N	1	t	\N
611	\N	Q72FT8	\N	\N	\N	\N	\N	\N	\N	\N	\N	\N	\N	1	t	\N
612	\N	Q72A54	\N	\N	\N	\N	\N	\N	\N	\N	\N	\N	\N	1	t	\N
613	SURE_DESVH	Q72A55	2794221	\N	surE	\N	\N	\N	\N	MRIALTNDDGIQAPGLRAIYKALIEAGHTVDVVAPVTEQSAVGHAVTIAMPLRVKVFHENGFRGHGVYGTPTDCMKLGLSSLLEHKPELVVSGINAGANVGPDILYSGTVSAATEAAHMGYRAVALSYDSFRPEDISAHARHAAALLPHIEWAGLPERCVVNINYPAVPVESIKGVRVCPQTRAVWHDWYEHRTDPRGGSYWWLNGVIPPETVAPGTDRALLTEGYITVTPLRFDFTDSETLTRLASLEE	27,128	250	\N	1	t	\N
614	\N	Q729D5	\N	\N	\N	\N	\N	\N	\N	\N	\N	\N	\N	1	t	\N
615	\N	Q729E0	\N	\N	\N	\N	\N	\N	\N	\N	\N	\N	\N	1	t	\N
616	\N	Q729E1	\N	\N	\N	\N	\N	\N	\N	\N	\N	\N	\N	1	t	\N
617	\N	Q72AK2	\N	\N	\N	\N	\N	\N	\N	\N	\N	\N	\N	1	t	\N
618	\N	Q72AJ9	\N	\N	\N	\N	\N	\N	\N	\N	\N	\N	\N	1	t	\N
619	\N	Q725S7	\N	\N	\N	\N	\N	\N	\N	\N	\N	\N	\N	1	t	\N
620	\N	Q726C5	\N	\N	\N	\N	\N	\N	\N	\N	\N	\N	\N	1	t	\N
621	\N	Q727Q8	\N	\N	\N	\N	\N	\N	\N	\N	\N	\N	\N	1	t	\N
622	\N	Q726C6	\N	\N	\N	\N	\N	\N	\N	\N	\N	\N	\N	1	t	\N
623	\N	Q727R0	\N	\N	\N	\N	\N	\N	\N	\N	\N	\N	\N	1	t	\N
624	\N	Q727R3	\N	\N	\N	\N	\N	\N	\N	\N	\N	\N	\N	1	t	\N
625	\N	Q725H6	\N	\N	\N	\N	\N	\N	\N	\N	\N	\N	\N	1	t	\N
626	\N	Q725S6	\N	\N	\N	\N	\N	\N	\N	\N	\N	\N	\N	1	t	\N
627	\N	Q725H4	\N	\N	\N	\N	\N	\N	\N	\N	\N	\N	\N	1	t	\N
628	ACP_DESVH	Q72CS8	2796682	\N	acpP	\N	\N	\N	\N	MSVEEKVKKIIMDQLGVSAEEVKPEASFVEDLGADSLDLTELIMAMEEEFGVEIDDDDAQKILKVKDAIDYVSNKQ	8,478	76	\N	1	t	\N
629	\N	Q72CS9	\N	\N	\N	\N	\N	\N	\N	\N	\N	\N	\N	1	t	\N
630	FABH_DESVH	Q72CS6	2796684	\N	fabH	\N	\N	\N	\N	MTSPSLLRGFGAYAPERILTNADIESMVETTDEWITTRTGIRQRHVVAPGQTTSDLAVEAARAALADAALDTADITHVLVATCTPDASCPNTACIVARKLGMTGVMALDCNAACSGFLYGLELAQGIVAARPASRVLLVAAEALSLRCNWKDRTTCVLFGDGAGATVVTADVDATQGTAVLEDSIVTSDGSLGDLLTIGGGTANPYAIGDSVGEEYFVRMQGRDVFKHAVRSMTQVCNDLLARNGFTTEDVDLVIPHQANLRIIEAVGDRLGFASEKVFVNVHDFGNTSAASIPLALADARAQGRIRPGMRVLLTTFGGGFTWGAALLRF	34,666	330	\N	1	t	\N
631	\N	Q72CS7	\N	\N	\N	\N	\N	\N	\N	\N	\N	\N	\N	1	t	\N
632	ADEC_DESVH	Q72EX7	2796510	\N	ade	\N	\N	\N	\N	MTYRPLLNDLVDMAAGRAPVDLVVRNARIVDVFSQRIVEAPLAIGGGRFLGFFEAEAHATLDAEGRYLLPGLIDGHVHIESSLVSPAQFARLVLARGTTAVIADPHEIANVCGLAGLRYMLDATRDLPLDVRLALPSCVPATPFENAGAVLDAAALATLMDDPRVAGLGEMMNFPGVLAGDADVLDKIALALDRGKTVDGHSPGLAGRDLATYAAARIATDHECTTVDEMHERIALGMYVLLREGSAARDMARLAPGITPGNARRCVFCTDDRQPADILRDGHIDNHLRIAVSHGVDPVTAVTIATLNAAECFGLRDRGAVAPGRVADFVLVDDLTGFAVRKVYAAGRLVARDGAVVVDLPDHADPAVRDTVNIRPLDDTAFRLPLPTGLARVIGLQPHSLLTDALERDVPRDASGCFTPGDGLVKLAVVERHKATGNVGVGIIEGYGLRGGAVATTVAHDSHNIVVAGDNDADMLVAVRELERTGGGITLCAGGRVLASLPLPVAGLMSDRPATEVSATFAQMLSIAHETLHISRDIEPFMTLSFLTLPVIPALKLTDRGLFDVRTFSFTTVGV	60,692	575	\N	1	t	\N
633	GLYA_DESVH	Q72CT0	2796660	\N	glyA	\N	\N	\N	\N	MDELLLQDPEVGKAIILEIERQTGKLELIASENFVSAAVRQAQGSVLTHKYAEGYPGKRYYGGCEFVDIAENIAIERARTIFGCEYANVQPHSGSQANMGVYFACLKPGDTILGMNLSHGGHLTHGSPVNFSGRLFNVVFYGVEKETGRIDYEQVAALAREHKPSLIVAGASAYPRTIDFARFRAIADEVGAKLMVDMAHIAGLVAAGYHPSPVQHAHYTTTTTHKTLRGPRGGMILSTEDNGKTLNSQIFPGIQGGPLMHVIAAKAVAFGEALRPAFKEYQKQVVDNAAALAGVLTAAGFDLVSGGTDNHLMLVDLTSKDVTGKDAEIALDKAGITVNKNTVPFETRSPFVTSGVRLGTPALTTRGMKAAEMEKVGGWIVDAIANTTNETRLAEISREVERFARQFPLFAW	44,377	412	\N	1	t	\N
634	\N	Q72EL7	\N	\N	\N	\N	\N	\N	\N	\N	\N	\N	\N	1	t	\N
635	\N	Q72EX0	\N	\N	\N	\N	\N	\N	\N	\N	\N	\N	\N	1	t	\N
636	\N	Q72EL2	\N	\N	\N	\N	\N	\N	\N	\N	\N	\N	\N	1	t	\N
637	\N	Q72EL3	\N	\N	\N	\N	\N	\N	\N	\N	\N	\N	\N	1	t	\N
638	\N	Q72CV7	\N	\N	\N	\N	\N	\N	\N	\N	\N	\N	\N	1	t	\N
639	SYS_DESVH	Q72FH6	2795009	\N	serS	\N	\N	\N	\N	MLDLKLLQKNPEVVAKALAMRHSDIDIATFTTLDTRRRALLTEVESLKSERNKASAEVAKAKRAGEDASALIERLGGVSERIKALDLEAEAVKSEQNDWMLTIPNIPHESVPEGRDENDNVEVLRWGTPRAFSFTPREHWDIGVALGGLDFERAGKLAGSRFTVYWKWAARLERALANYFLDTHISANGYTEVLPPFMVNRKTMTGTGQLPKFEEDLFRLESWDYFLIPTAEVPLTNLHADEILEEGDLPLGYTAQTPCFRSEAGSYGKDTRGLIRQHQFTKVEMVRFAHPERSFDELERMRGHAEALLQNLGLPYRVITLCSGDMGFSATKTYDLEVWLPGQDKYREISSCSNCGDFQARRANIRFRPAGGGKPEFVHTLNGSGLAVGRTLVAVLENYQQEDGSVIVPEVLRPYMGGLERITA	47,579	424	\N	1	t	\N
640	\N	Q72F75	\N	\N	\N	\N	\N	\N	\N	\N	\N	\N	\N	1	t	\N
641	\N	Q72F84	\N	\N	\N	\N	\N	\N	\N	\N	\N	\N	\N	1	t	\N
642	\N	Q72F83	\N	\N	\N	\N	\N	\N	\N	\N	\N	\N	\N	1	t	\N
643	\N	Q72B29	\N	\N	\N	\N	\N	\N	\N	\N	\N	\N	\N	1	t	\N
644	\N	Q72C54	\N	\N	\N	\N	\N	\N	\N	\N	\N	\N	\N	1	t	\N
645	\N	Q72EF8	\N	\N	\N	\N	\N	\N	\N	\N	\N	\N	\N	1	t	\N
646	\N	Q72BI9	\N	\N	\N	\N	\N	\N	\N	\N	\N	\N	\N	1	t	\N
647	RL22_DESVH	Q72CH5	2794191	\N	rplV	\N	\N	\N	\N	MESRATAKFMRVSPRKTRLVARNIDGLPVEDAMNLLRFTPNKPAGVLYDVLRSALANAQQMPGVDVDAMVVKQVVVNEGPSWKRFLPRAQGRATRIKKRTSHITVILAEGQE	12,483	112	\N	1	t	\N
648	\N	Q72F17	\N	\N	\N	\N	\N	\N	\N	\N	\N	\N	\N	1	t	\N
649	\N	Q72EF2	\N	\N	\N	\N	\N	\N	\N	\N	\N	\N	\N	1	t	\N
650	\N	Q728N7	\N	\N	\N	\N	\N	\N	\N	\N	\N	\N	\N	1	t	\N
651	\N	Q728N4	\N	\N	\N	\N	\N	\N	\N	\N	\N	\N	\N	1	t	\N
652	\N	Q725L6	\N	\N	\N	\N	\N	\N	\N	\N	\N	\N	\N	1	t	\N
714	HSLV_DESVH	Q72BQ7	2796189	\N	hslV	\N	\N	\N	\N	MELKGTTILAVRGAQGVTIAGDGQVTMGQSIVMKHSARKVRRLYNGRVVAGFAGSTADAFTLFEHFEAKLEEHRGNLVRAAVEMAKSWRKDKYLRRLEAMLLVADNEHILVLSGNGDVIEPDDGIAAIGSGGPYALAAARALARHTQLDAETIAREAMRIAGEICVFTNDHLTVESAETQA	19,487	181	\N	1	t	\N
715	\N	Q725I2	\N	\N	\N	\N	\N	\N	\N	\N	\N	\N	\N	1	t	\N
653	GLGA_DESVH	Q729V4	2795396	\N	glgA	\N	\N	\N	\N	MQRQVVFATSEMYPFSKSGGLGDVLGALPLALHRMGVPTAVVTPFYGRLRTADYPIRLTVSDCHVGYPWAPITCDVFEADYHGMPVYFIHRGEYFDRRYYYNDHKGDYFDNCERFVFFCRALLALMRRLGQPPAVLHAHDWQTALVPAFLYFLRQTDPFWQDTRSVLTIHNLAFQGRFASRLFETSGLPPQAWSVDGAEFWGDFNLLKAGIAYADKVTTVSPSYAREILGPAYGSGLDGILRKRAHALHGILNGADYDIWSPGNDRFLPCRYTPTDLAGKAQCKRALIEELGLDPHLARRPILGFIGRLRGQKGIDLLLDILPRLMESDVGVIILGEGNLTHEARALELMEAYRGRVCTIVSYTEDLAHRIQAGSDIFLMPSRYEPCGLTQMYALRYGTPPVATAVGGLRDTIVPWPSPESTGFTFGRCESAAFLRAILDAVHLWTTAPGDWQGMVRRAMAQAFTWERAGRAYLDLYAQLGVSPGEEGA	54,678	489	\N	1	t	\N
654	\N	Q72BI8	\N	\N	\N	\N	\N	\N	\N	\N	\N	\N	\N	1	t	\N
655	\N	Q729V1	\N	\N	\N	\N	\N	\N	\N	\N	\N	\N	\N	1	t	\N
656	\N	Q72AV3	\N	\N	\N	\N	\N	\N	\N	\N	\N	\N	\N	1	t	\N
657	\N	Q72AV4	\N	\N	\N	\N	\N	\N	\N	\N	\N	\N	\N	1	t	\N
658	GATB_DESVH	Q72AV5	2793554	\N	gatB	\N	\N	\N	\N	MASYEAVIGLEVHAQLRTRSKLFCSCSTAFGADPNAHVCEVCAGMPGVLPVLNEKAVEFAARMGIAVGCTVNRTSVFARKNYFYPDLPKGYQISQYEQPICEHGHLDISVGDAVKRIGITRIHLEDDAGKNIHSAGENVSYVDLNRTGVPLIEIVSEPDLRSAEEAVAYLKALRAIVVHLGICDGNMEEGSFRCDANVSLRPRGAAEFGTRAELKNLNSFRHVQRAIEYEISRQADLLDDGDKVVQETRLYDSVKNITVSMRGKEEAHDYRYFPDPDLIPIHIDEARLAEWQATLPELPQARLERFMSSFGLSAQDAEVLTAERDHAEFFEAAVKLYDQPRKIANMMLGPLQRELNQRGTSLAVSAMRPEALAELVRIIDAGLISAKIGNDVFGELFENGAMPEAFVRERGLVQISDTSAIEQAVDEVIAENPAEVEAYRGGKTKLVSFFVGQVMRKTRGKANPALVNELLASKLG	52,465	476	\N	1	t	\N
659	\N	Q72FG3	\N	\N	\N	\N	\N	\N	\N	\N	\N	\N	\N	1	t	\N
660	\N	Q72AV8	\N	\N	\N	\N	\N	\N	\N	\N	\N	\N	\N	1	t	\N
661	\N	D3UEB9	\N	\N	\N	\N	\N	\N	\N	\N	\N	\N	\N	1	t	\N
662	\N	Q72C15	\N	\N	\N	\N	\N	\N	\N	\N	\N	\N	\N	1	t	\N
663	\N	Q72B71	\N	\N	\N	\N	\N	\N	\N	\N	\N	\N	\N	1	t	\N
664	\N	Q72B74	\N	\N	\N	\N	\N	\N	\N	\N	\N	\N	\N	1	t	\N
665	NADK_DESVH	Q72AV2	2793557	\N	nadK	\N	\N	\N	\N	MHPIRSVLIVTKPGHPTALDLAQDIGVWLTRRGVSCRILEGPGEALPLRQLAADAGLVLVLGGDGTMLGVARRLAGTGVPLLGINLGRVGFLAEVPAGEWAATLERLLAAPLRVERRLALRFGVERGGVEIFQGDAVNDVVINRGALARVITLDIDVDGERLAGLRADGLIISTPTGATGYAVSARGPLMDPALDAFTVTPICPFLGNFPPLVLGGGSVCSVRIREQGTEVHATIDGQEGIALRSGDRITLTGLRDGLCFATLGGGGYCARLRACGFVRDHACTLPDMLPDEGGTSTDV	31,108	299	\N	1	t	\N
666	XGPT_DESVH	Q72D63	2794778	\N	gpt	\N	\N	\N	\N	MSTADRYRKVFPVTWEQLHRDAKALSWRLLEKGPYKGIIAIARGGLVPAAVIARELDIHLVETICISSYQWQEQTSSHKVLKTVEGRGEGWLIIDDLADTGGTARLVREMLPEAHFATVYAKPAGRPLVDTFITEVSQDTWILFPWDSEVQYVVPLVNQPQQS	18,401	163	\N	1	t	\N
667	CH10_DESVH	Q72AL5	2795991	\N	groS	\N	\N	\N	\N	MNLKPLNDRVLVKRLESEEKTAGGLYIPDTAKEKPSRGEVVAAGPGKTADDGKLVAMTVKAGDMVLFNKYAGTEIKIDGVEHLVMREDDILAIIE	10,296	95	\N	1	t	\N
668	\N	Q725L4	\N	\N	\N	\N	\N	\N	\N	\N	\N	\N	\N	1	t	\N
669	\N	Q72EK0	\N	\N	\N	\N	\N	\N	\N	\N	\N	\N	\N	1	t	\N
670	\N	Q728Y5	\N	\N	\N	\N	\N	\N	\N	\N	\N	\N	\N	1	t	\N
671	\N	Q72DI0	\N	\N	\N	\N	\N	\N	\N	\N	\N	\N	\N	1	t	\N
672	\N	Q72G07	\N	\N	\N	\N	\N	\N	\N	\N	\N	\N	\N	1	t	\N
673	\N	Q72DI8	\N	\N	\N	\N	\N	\N	\N	\N	\N	\N	\N	1	t	\N
674	\N	Q729M7	\N	\N	\N	\N	\N	\N	\N	\N	\N	\N	\N	1	t	\N
675	\N	Q72DI3	\N	\N	\N	\N	\N	\N	\N	\N	\N	\N	\N	1	t	\N
676	QRCB_DESVH	Q72E84	2793634	\N	qrcB	\N	\N	\N	\N	MALDRRGFLKFIGGATAGILATPVVWKGLDDVSIWSQNWSWIPRNIKGANSYVPTVSKLCPTGIGVRVRLVDGRPVRVIGNPEHPLSKGGVSSIAAAEVQMLYSPARMKRPLKRSPDGAYVMISWEEAEAMLLDGLKAAKGGDALACISGDDNGTINELLSAFVQQSGSKSFFLMPGEAQPAAKAWDLMGGEGQIGYDIEKSDFVLAIGANVLEAWGTAIRNRHAFGASHPHGAEPTAQFVYAGPVLNNTATGADDWLPIRPGTESAFALGLAHLLIKAGASSSAPDFDAFRSLAASFSPEKVAAQTGVDAKALTALAQALAKAKHPLVIVGSEFSQGAGAAPVMAGIALNMLLGSVNRDGGLRALPVARKVVPAGMDRKAMLQQDLTLWASAIASGKAKAPKAMLVYEANPVYALPQGSAFKDTLAKVPFKVAFTSFLDETAMQCDLVIPVSMGLERLDDVCTPYGCGEVVYSLATPVTAPLFDTKPAGDALIALGGKLGLDLGVASFEDMLKAKAAAHGADFDKLAEGTAFTSRATVGANLSFRPDVLSKALDVKAPALPLALAPVMKLNMGTSKTAIPPFNTKTIRRWEVQGKEGYVMLNGATARKLGLAQHDRVVLSNPTGKVTVRVNIFEGVMNDTVAMPLGFGHTAFDEFSKGKGENVMHLLAPSTEPVTGLAVWTGAGVNIAKA	72,355	691	\N	1	t	\N
677	\N	Q72E81	\N	\N	\N	\N	\N	\N	\N	\N	\N	\N	\N	1	t	\N
678	QRCC_DESVH	Q72E85	2793633	\N	qrcC	\N	\N	\N	\N	MSSFKEFKIKWGMVIDLDKCTGCGACMVACQAENNIAPQPDASNKLKSLNWLVVYELNNGKPFPEHDVAYLPRPCMQCGKPSCVSVCPVVATDKNEEGGIVSQVYPRCIGCRYCMASCPYHARYFNWFDPTWPEGMDKTLTPDVSVRPRGVVEKCTFCHHRFMQAKDKARVEGRDPSALRDGDYVTSCTEACPNGAIIFGDFNNPEHRVHELHKSKYAFRLLERLGTDPQVYYLSRREWVRRLGDNYLEHEKVKG	29,043	255	\N	1	t	\N
679	\N	Q72E24	\N	\N	\N	\N	\N	\N	\N	\N	\N	\N	\N	1	t	\N
680	\N	Q72E80	\N	\N	\N	\N	\N	\N	\N	\N	\N	\N	\N	1	t	\N
681	\N	Q72E27	\N	\N	\N	\N	\N	\N	\N	\N	\N	\N	\N	1	t	\N
682	\N	Q727L8	\N	\N	\N	\N	\N	\N	\N	\N	\N	\N	\N	1	t	\N
683	\N	Q727B7	\N	\N	\N	\N	\N	\N	\N	\N	\N	\N	\N	1	t	\N
684	\N	Q727B8	\N	\N	\N	\N	\N	\N	\N	\N	\N	\N	\N	1	t	\N
685	GPMA_DESVH	Q727C0	2793973	\N	gpmA	\N	\N	\N	\N	MARLILLRHGQSAWNLENRFTGWTDVDLSPAGEAEALAAARLIRDEGLDFSVCHTSMLTRAIRTLHLVQQELDRLWTPVRKHWRLNERHYGALQGLDKRETAARHGEDQVFVWRRSYDVPPPVIAPDDPKHPVHDPRYADVPPDVLPCGESLEATVARVLPYWYDAIAPDLMAGRDVLVAAHGNSLRALVMHLDGLDREDVSRLDIPTGLPRLYELDAALRPVSYRYLGDPAEAEERARAVAAQGRLEKN	28,208	250	\N	1	t	\N
686	\N	Q727C3	\N	\N	\N	\N	\N	\N	\N	\N	\N	\N	\N	1	t	\N
687	\N	Q727C5	\N	\N	\N	\N	\N	\N	\N	\N	\N	\N	\N	1	t	\N
688	\N	Q72ES6	\N	\N	\N	\N	\N	\N	\N	\N	\N	\N	\N	1	t	\N
689	\N	Q72ES7	\N	\N	\N	\N	\N	\N	\N	\N	\N	\N	\N	1	t	\N
690	\N	Q72AP3	\N	\N	\N	\N	\N	\N	\N	\N	\N	\N	\N	1	t	\N
691	\N	Q72ES3	\N	\N	\N	\N	\N	\N	\N	\N	\N	\N	\N	1	t	\N
692	\N	Q72ES5	\N	\N	\N	\N	\N	\N	\N	\N	\N	\N	\N	1	t	\N
693	\N	Q72DP5	\N	\N	\N	\N	\N	\N	\N	\N	\N	\N	\N	1	t	\N
694	\N	Q72AQ2	\N	\N	\N	\N	\N	\N	\N	\N	\N	\N	\N	1	t	\N
695	\N	Q72AQ1	\N	\N	\N	\N	\N	\N	\N	\N	\N	\N	\N	1	t	\N
696	\N	Q72DP8	\N	\N	\N	\N	\N	\N	\N	\N	\N	\N	\N	1	t	\N
697	\N	Q726R1	\N	\N	\N	\N	\N	\N	\N	\N	\N	\N	\N	1	t	\N
698	\N	Q72AQ5	\N	\N	\N	\N	\N	\N	\N	\N	\N	\N	\N	1	t	\N
699	\N	Q726Q9	\N	\N	\N	\N	\N	\N	\N	\N	\N	\N	\N	1	t	\N
700	NDK_DESVH	Q729L7	2793806	\N	ndk	\N	\N	\N	\N	MVERTFSIIKPDAVERNLQGEVLAMIQGAGLKVVAMKMIHLTKAQAEGFYAVHRERPFFDSLTTYMCSGPVVCSVLEGENAISRYREIMGATNPANAAEGTIRKKYAVSLEANSVHGSDAPETAAFEISYFFNALEIVG	15,164	139	\N	1	t	\N
701	\N	Q72C12	\N	\N	\N	\N	\N	\N	\N	\N	\N	\N	\N	1	t	\N
702	ILVC_DESVH	Q72CA6	2793511	\N	ilvC	\N	\N	\N	\N	MKVYYEKDANLEALKGKTVAIIGYGSQGHAHAQNLRDSGISVIVGQRPGGANYALAKEHGFEPVSAAEAAAKADLIMILLPDQVQAAVYEAEIKPNLKAGDALLFAHGFNIHFGQIEPPKDVDVFMIAPKGPGHLVRRTYTEGGGVPCLVAVHQDATGKAMEKALAYAKGVGGSRSGVIETTFREETETDLFGEQAVLCGGLSSLIKAGFETLVEAGYQPEIAYFECLHEVKLIVDLIYEGGLERMRYSISDTAEYGDYVTGKRIVTEETKKEMKKVLRDIQDGTFARNFILEAKAGYPGFKATRRLEAEHQIEKVGGELRGMMPWLKKKV	36,066	331	\N	1	t	\N
703	\N	Q72FD4	\N	\N	\N	\N	\N	\N	\N	\N	\N	\N	\N	1	t	\N
704	\N	Q72C13	\N	\N	\N	\N	\N	\N	\N	\N	\N	\N	\N	1	t	\N
705	\N	Q72CA8	\N	\N	\N	\N	\N	\N	\N	\N	\N	\N	\N	1	t	\N
706	\N	Q72CA7	\N	\N	\N	\N	\N	\N	\N	\N	\N	\N	\N	1	t	\N
707	\N	Q3V892	\N	\N	\N	\N	\N	\N	\N	\N	\N	\N	\N	1	t	\N
708	\N	Q726Q7	\N	\N	\N	\N	\N	\N	\N	\N	\N	\N	\N	1	t	\N
709	\N	Q726Q8	\N	\N	\N	\N	\N	\N	\N	\N	\N	\N	\N	1	t	\N
710	\N	Q72CB0	\N	\N	\N	\N	\N	\N	\N	\N	\N	\N	\N	1	t	\N
711	DAPA_DESVH	Q72AX2	2794312	\N	dapA	\N	\N	\N	\N	MQFTGAFTAIVTPFRNGRVDEERFRELIEWQIEQGINGLVPCGTTGESATLSHDEHRDVIRICVEQVKGRIPVLAGAGSNNTREAIDLTRFAKEAGADGALLITPYYNKPTQEGLYLHFKAIASEVSMPFIVYNVPSRTGTNICPETLARLNRDIPEVVGVKEATGNLIQVSEILEYCGTDFQVLSGDDFTVLPLLSVGGCGVISVTSNVVPAKMSDMCRAFKAGDLATARRLHFELSPINRAMFLETNPIPVKTALALMGRIDLEMRLPLCPLQQVNQSRLRDILAAAGIL	31,903	292	\N	1	t	\N
712	\N	Q72AU0	\N	\N	\N	\N	\N	\N	\N	\N	\N	\N	\N	1	t	\N
713	GSA_DESVH	Q725I1	2795873	\N	hemL	\N	\N	\N	\N	MSQRSSELFERAQQLIPGGVNSPVRACLGVDSEPLFIARAAGSRLHTVDGETFIDFVESWGPMLLGHTHPEVTAAVHAAVDRGTSYGAPCEDEVVLAAKVVDALPGVDMVRMVNSGTEATMSALRLARGYTGRTKLVKFVGCYHGHADPFLASAGSGVATLSIPGTPGVPESTVRDTLLAPYNDLAAVKDLFALHGKDIAAIIVEAVAGNMGLVPPKAGFLEGLRELCDQHGALLIFDEVITGFRVSFGGAQQRFGITPDLTTLGKIIGGGLPVGAYGGKREIMQRIAPCGEVYQAGTLSGNPLAMAAGIATLDVLSRSDYAGLEARVAAFVKELEAILKGKGVPVRINTLASMFTVFFTNDPVTDFASAKTADGALYTSFYKQMRAQGIYLAPSPFEAAMVSFAHTDDDLAAMLDAARKVTF	44,469	423	\N	1	t	\N
716	\N	Q72BQ9	\N	\N	\N	\N	\N	\N	\N	\N	\N	\N	\N	1	t	\N
717	\N	Q72AT9	\N	\N	\N	\N	\N	\N	\N	\N	\N	\N	\N	1	t	\N
718	\N	Q725I7	\N	\N	\N	\N	\N	\N	\N	\N	\N	\N	\N	1	t	\N
719	\N	Q72BR2	\N	\N	\N	\N	\N	\N	\N	\N	\N	\N	\N	1	t	\N
720	\N	Q72BR3	\N	\N	\N	\N	\N	\N	\N	\N	\N	\N	\N	1	t	\N
721	\N	Q72BR4	\N	\N	\N	\N	\N	\N	\N	\N	\N	\N	\N	1	t	\N
722	\N	Q72FZ0	\N	\N	\N	\N	\N	\N	\N	\N	\N	\N	\N	1	t	\N
723	\N	Q72AX6	\N	\N	\N	\N	\N	\N	\N	\N	\N	\N	\N	1	t	\N
724	\N	Q72FZ1	\N	\N	\N	\N	\N	\N	\N	\N	\N	\N	\N	1	t	\N
725	\N	Q729K3	\N	\N	\N	\N	\N	\N	\N	\N	\N	\N	\N	1	t	\N
726	\N	Q725I4	\N	\N	\N	\N	\N	\N	\N	\N	\N	\N	\N	1	t	\N
727	\N	Q728V2	\N	\N	\N	\N	\N	\N	\N	\N	\N	\N	\N	1	t	\N
728	\N	Q72AD6	\N	\N	\N	\N	\N	\N	\N	\N	\N	\N	\N	1	t	\N
729	\N	Q72B06	\N	\N	\N	\N	\N	\N	\N	\N	\N	\N	\N	1	t	\N
730	\N	Q72AD3	\N	\N	\N	\N	\N	\N	\N	\N	\N	\N	\N	1	t	\N
731	\N	Q72B07	\N	\N	\N	\N	\N	\N	\N	\N	\N	\N	\N	1	t	\N
732	\N	Q72AC9	\N	\N	\N	\N	\N	\N	\N	\N	\N	\N	\N	1	t	\N
733	\N	Q72B02	\N	\N	\N	\N	\N	\N	\N	\N	\N	\N	\N	1	t	\N
734	\N	Q72B01	\N	\N	\N	\N	\N	\N	\N	\N	\N	\N	\N	1	t	\N
735	\N	Q729K1	\N	\N	\N	\N	\N	\N	\N	\N	\N	\N	\N	1	t	\N
736	Y3308_DESVH	Q725W7	2796044	\N	\N	\N	\N	\N	\N	MQTRITWHGHSNFQVASGGTNVLIDPFFDGNPVAAARWDAIDRPDLVLVTHDHGDHVGQAIDICKATGAKLGCVVGTDARLVEAGLPRELVLNGIGFNIGGTVECAGARITMTQAYHSSESGVPVGYIVTMPDGFTFYHAGDTGIFSEMELWGRLYAIDLALLPIGGVFTMDPRQAALACSLLRARSVIPMHWGTFPVLEQNTTRFREQLANHAPDCRLFNMTPGESLTLDRSQEGCAC	25,814	239	\N	1	t	\N
737	RL19_DESVH	Q72DU4	2795499	\N	rplS	\N	\N	\N	\N	MDIMKKIELEHLRMDLPKFRSGDTVKVHLRIVEGEKERIQMFQGNVIRIHRGTTGGTFTVRKVSDGVGVERVFPLHSPFIDRVELITEGRVRRSRLYYLRDLRGKAARIKPKNRF	13,501	115	\N	1	t	\N
738	PDXJ_DESVH	Q3V891	2793681	\N	pdxJ	\N	\N	\N	\N	MPILVVNVDHVATLRQQRLGIEPDPVTAAHMAELAGARGIIVHLREDRRHIQDRDVSLLRQTLKTRLHLEMAATEEMQGIALAEKPHMVCLVPEKREELTTEGGLVVAGRVDFLQAYVKPFHEIGIATSLFIEADPDQIRAAARVGVTHVELHTGHFADAPDAAERKRQRDAIVAGIGLARTLGLKVNLGHGLNYDNIFDFEAVPGICEFSIGHSIVSRAVLTGFGPAVRDMVDIINRFPG	26,414	241	\N	1	t	\N
739	\N	Q72AQ3	\N	\N	\N	\N	\N	\N	\N	\N	\N	\N	\N	1	t	\N
740	\N	Q72F72	\N	\N	\N	\N	\N	\N	\N	\N	\N	\N	\N	1	t	\N
741	RS16_DESVH	P62229	2794851	\N	rpsP	\N	\N	\N	\N	MAVKLRLTRMGNKKRAFYRIVAVNSETRRDGRPLEYIGFYNPMVDPAEVKIDAEKVQKWLALGAEPTDTVRNLIKKQQA	9,106	79	\N	1	t	\N
742	PHNC_DESVH	Q72AQ6	2795313	\N	phnC	\N	\N	\N	\N	MSHASDPKKAGAHGDKSLVVEHLRKEYVRGKAVLKDISFTVSGQSTTAIIGPSGTGKSTLLRCINRLIEPTAGRILVSGEDVCALKGTALREARRRIGMVFQEYNLVERLSVMENVLCGRLGYISPWRAWLRKFPQEDIDRAFDLLDMVGLADFARARADELSGGQRQRVGIARAVMQEPHILLADEPTSSLDPKTSVEIMELLRAVAEKRDIPVLVNIHDVTLGRRFSDRVIGMCKGEVLFDDVPSALQDDHLKQIYGGEEWLQ	29,432	265	\N	1	t	\N
743	\N	Q729K8	\N	\N	\N	\N	\N	\N	\N	\N	\N	\N	\N	1	t	\N
744	\N	Q72AQ9	\N	\N	\N	\N	\N	\N	\N	\N	\N	\N	\N	1	t	\N
745	KAD_DESVH	Q72AR0	2795309	\N	adk	\N	\N	\N	\N	MNILIFGPNGSGKGTQGALVKKKYDLAHIESGAIFREHIGGGTELGKQAKAFIERGDLVPDDITIPMVLETLKSKGANGWLLDGFPRNMVQAQKLWDALQAEGMKLDYVIEILLPREVAKNRIMGRRLCKNDNNHPNNIFIDAIKPNGDVCRVCGGELSARSDDQDEGAIGKRHDIYYNTVDGTLAAAYFYKDLAAKGMTKYIELDGEGAIDAIKDKLLAQLS	24,421	223	\N	1	t	\N
746	\N	Q72AR1	\N	\N	\N	\N	\N	\N	\N	\N	\N	\N	\N	1	t	\N
747	\N	Q72AR2	\N	\N	\N	\N	\N	\N	\N	\N	\N	\N	\N	1	t	\N
748	\N	Q72F10	\N	\N	\N	\N	\N	\N	\N	\N	\N	\N	\N	1	t	\N
749	\N	Q72F44	\N	\N	\N	\N	\N	\N	\N	\N	\N	\N	\N	1	t	\N
750	\N	Q0PIQ8	\N	\N	\N	\N	\N	\N	\N	\N	\N	\N	\N	1	t	\N
751	\N	Q0PIQ7	\N	\N	\N	\N	\N	\N	\N	\N	\N	\N	\N	1	t	\N
752	DSVD_DESVH	Q46582	2796154	\N	dsvD	\N	\N	\N	\N	MEEAKQKVVDFLNSKSGSKSKFYFNDFTDLFPDMKQREVKKILTALVNDEVLEYWSSGSTTMYGLKGAGKQAAAEHED	8,830	78	\N	1	t	\N
753	PTA_DESVH	Q726S7	2796446	\N	pta	\N	\N	\N	\N	MSNNLYITATESKSGKSAVVLGMMQLLLRDVRKVAFFRPIINQASTDVRDHDINLILRHFGLDIAYEDTYAYSLQDARELINNGQHATLLDNILKKYKKLEDAYDFVLCEGTDFLGKDAAFEFELNADIAANLGCPVMVVANGQQKAARELIASTQLTIDLLDEKGLDVVTAVINRATVTEAEREEIIKSLECKVNCSNPLAVYVLPEESTLGKPTMNDVKKWLGAQVLYGHGRLDTLVDDYIIAAMQIGNFLDYVSQGCLVITPGDRSDIILSSLASRLSTAYPDISGLLLTGGLEPAANVHRLIEGWTGVPIPILSVKDHTYKTIQTLNELYGKIEPDNDRKINTALALFERHIDSSELGSRLINRKSSRITPKMFEFNLIEKAKRNRMRIVLPEGAEERILRAADILVRREVADIILLGDANTVGSRIGDLGLDMDGVQIVQPNLSPKFDEYVAAYHECRKKKGISMEQARDMMNDPTYFGTMMVHKGDADGMVSGAINTTAHTIRPAFEFIKTKPGVSIVSSVFLMCLKDRVLVFGDCAVNPNPTAEQLAEIAISASHTARIFGVDPRVAMLSYSTGSSGKGADVEKVIEATRIAKERAPELLLEGPLQYDAAIDMDVARTKLPGSTVAGQATVFIFPDLNTGNNTYKAVQRAAGAVAIGPVLQGLNKPVNDLSRGCTVADIVNTVAITAIQAQAEKGLI	76,830	704	\N	1	t	\N
754	\N	Q72C09	\N	\N	\N	\N	\N	\N	\N	\N	\N	\N	\N	1	t	\N
755	\N	Q728D6	\N	\N	\N	\N	\N	\N	\N	\N	\N	\N	\N	1	t	\N
756	\N	Q72FD5	\N	\N	\N	\N	\N	\N	\N	\N	\N	\N	\N	1	t	\N
757	\N	Q72FN6	\N	\N	\N	\N	\N	\N	\N	\N	\N	\N	\N	1	t	\N
758	\N	Q72FP3	\N	\N	\N	\N	\N	\N	\N	\N	\N	\N	\N	1	t	\N
759	\N	Q72FP0	\N	\N	\N	\N	\N	\N	\N	\N	\N	\N	\N	1	t	\N
760	\N	Q72FE1	\N	\N	\N	\N	\N	\N	\N	\N	\N	\N	\N	1	t	\N
761	\N	Q728R0	\N	\N	\N	\N	\N	\N	\N	\N	\N	\N	\N	1	t	\N
762	MURD_DESVH	Q728U6	2795634	\N	murD	\N	\N	\N	\N	MTCDKEKTRGIRPGDIAVVVGTGRSGVAAARLLHAKGARVRVLERDAANVPATFAEWAAGAGVEIVCGAHDAAHFADAAVVVPSPGVAVATLRPYLPATGGPEVMAEMELAWRELSGEPVIAVTGTSGKTTTVSLCAHMLRTQGLSVFLGGNIGTPLCEYVLEGKRADVLVIEISSFQLQTCSTFRPRVAMLLNITANHLDYHADMQEYIDAKFRLFRCQDEDDLAVFGEGLAPLVDRYGVKARRVTFRATDRFAESRLFGAHNRANAEAAWTAAREFGVTLENALQAVATFAPMPHRLEQVAERGGVLYVNDSKCTTVSALRVALEAFDRPVLLLAGGKFKGGDLEGLIPLVRERVRAVMLFGASREVFEAAWRDVVPMTWDATLEEAVRRAASAARQGEVVLMAPATASFDLFRNYGHRGDVFRAAVESLA	46,640	433	\N	1	t	\N
763	\N	Q72FD8	\N	\N	\N	\N	\N	\N	\N	\N	\N	\N	\N	1	t	\N
764	GLMU_DESVH	Q728D5	2796235	\N	glmU	\N	\N	\N	\N	MASTTGALILAAGKGTRMHSDKPKVLQTILGEPMLRFVMDALAPVFGDRVWTVVGHRADMIYAAFAGEDARFVVQEQQLGTGHALQMAWESLRAAGLDRVVVVNGDTPLLATETIDFFLKESAEADIAFMTLTLPDPGAYGRVVRHNGHVAAIVEAKDYDEALYGPEPSEINTGIYALRLDAVESLLPRLTNANRSGEYYITDLVGLAVAERMNVLGIQCGEDPNLLGVNNPAELIRSEALLRTRLVIGHIEGGVLIHAPETVRISPRATIEPGAEIYGPCEIYGTSRIARGAVVHSHCWLRNAEVESGSEVKSFSHLEGATVGKGCSVGPFARLRPGAVLDEEARVGNFVEMKKARLHKGAKAGHLTYLGDADVGAGANIGAGTITCNYDGKNKHRTVIGAGAFIGSNTALVAPVTVGDGSLVGAGSVITKDVPEASLAIARGRQTNLPRKPKA	48,181	455	\N	1	t	\N
765	\N	Q728D4	\N	\N	\N	\N	\N	\N	\N	\N	\N	\N	\N	1	t	\N
766	RS4_DESVH	Q72CF5	2794623	\N	rpsD	\N	\N	\N	\N	MAKYTDAKCRQCRREGTKLFLKGDRCFTDKCAFDRRPYAPGQHGRARKKVSDYAVQLREKQKVRRMYGILEQQFHAYFTKADMAKGVTGANLLSLLERRLDNVIYRLGFANSRNQARQLVRHGIFTLNGRKVNIPSLQVRIGDTIEVPEKSRKIPVLAEAQEVIARRGCPAWLEADGANFRGVVKALPQREDIQFPINEHLIVELYSK	23,905	208	\N	1	t	\N
767	\N	Q728S9	\N	\N	\N	\N	\N	\N	\N	\N	\N	\N	\N	1	t	\N
768	PGK_DESVH	P62412	2795619	\N	pgk	\N	\N	\N	\N	MAVIKMTDLDLKGKRVLLREDLNVPLKEGRITSDKRIRAALPSIRMAMEAGARVLIVSHLGRPVEGEFDEAFSLAPVAAHLSRELGRDVRLVKDYIDGVDVAEGDCVLCENVRFLKGEKKNTEELGRRLAALCDIFVMDAFGAAHRAQASTHAVARFAPVACAGPLLAAELDALERALDAPKHPLVGIIGGSKVSTKLTLLDNLSHRVDRLIVGGGIANNFIKAAGYEVGKSLYEPELVEEAARLMAAARAAGGEIPVPLDVVVGPELADGAPATVRKVSEVGPDEMILDIGPATATRYREILLAAGTIVWNGPVGAFEWEQFGAGTRALCEAVADSPAFSIAGGGDTVAAVEKYGVASRVGYISTGGGAFLEFLEGKELPAVAILQERAAQS	41,450	393	\N	1	t	\N
769	\N	Q729R8	\N	\N	\N	\N	\N	\N	\N	\N	\N	\N	\N	1	t	\N
770	\N	Q72E54	\N	\N	\N	\N	\N	\N	\N	\N	\N	\N	\N	1	t	\N
771	\N	Q727H1	\N	\N	\N	\N	\N	\N	\N	\N	\N	\N	\N	1	t	\N
772	\N	Q727H0	\N	\N	\N	\N	\N	\N	\N	\N	\N	\N	\N	1	t	\N
773	\N	Q726A1	\N	\N	\N	\N	\N	\N	\N	\N	\N	\N	\N	1	t	\N
774	PANC_DESVH	Q729A4	2796625	\N	panC	\N	\N	\N	\N	MQIITEPQTIQQACLRWRADGVHTALVPTMGYYHAGHESLMAHARAVSEKVIVSLFVNPAQFGPGEDFAAYPRDLERDAAMAEAQGVDVLFAPKAEDLYKKDHATWVEVPALSQTMCGLSRPTHFRGVCTVVTKLLMLTMPRIAVFGQKDWQQVAVIRRMVRDLNIPVDIVGRPIVREPDGLAMSSRNIYLTAEERLQAPHIHHGLALGRAITQSGERDAETIKTAIRRYWAQNLPGGEEDYLTIVDPVSLEPVDRLTGATLCATAVRVGQARLLDNMMLLGD	31,345	283	\N	1	t	\N
775	METK_DESVH	Q729A3	2796626	\N	metK	\N	\N	\N	\N	MIPSKGKYYFTSESVTEGHPDKVADQISDAVLDVLLAQDPNSRVACETLVTTGMAVIAGEITTRGYADLPHVVRETIRNIGYNSSEMGFDWQTCAVISSIDKQSADIAQGVDRATNEDQGAGDQGMMFGFACDETATLMPAPIYWAHQLSQRLTEVRKDGTVDIFRPDGKTQVSFEYVDGKPVRINNVVVSTQHKDSASQADIIDAVKTHVIRPILEPSGFFDEKACDIFINTTGRFVIGGPMGDCGLTGRKIIQDTYGGMGHHGGGAFSGKDASKVDRSGAYMARYIAKNVVASGLAPKCEVQIAYCIGVAEPVSVLVSSQGTASVPDEVLTRAVREVFDLRPFHITRRLDLLRPIYGKTSCYGHFGRELPEFTWEHTDAAADLRTAAKV	42,424	391	\N	1	t	\N
776	\N	Q729A8	\N	\N	\N	\N	\N	\N	\N	\N	\N	\N	\N	1	t	\N
777	\N	Q72BF4	\N	\N	\N	\N	\N	\N	\N	\N	\N	\N	\N	1	t	\N
778	\N	Q729B0	\N	\N	\N	\N	\N	\N	\N	\N	\N	\N	\N	1	t	\N
779	\N	Q72BF2	\N	\N	\N	\N	\N	\N	\N	\N	\N	\N	\N	1	t	\N
780	\N	Q729B1	\N	\N	\N	\N	\N	\N	\N	\N	\N	\N	\N	1	t	\N
781	\N	Q729X2	\N	\N	\N	\N	\N	\N	\N	\N	\N	\N	\N	1	t	\N
782	\N	Q725P5	\N	\N	\N	\N	\N	\N	\N	\N	\N	\N	\N	1	t	\N
783	\N	Q72FN8	\N	\N	\N	\N	\N	\N	\N	\N	\N	\N	\N	1	t	\N
784	ARLY_DESVH	Q72D36	2794073	\N	argH	\N	\N	\N	\N	MAEKKMWGGRFKQGTATLVEEYTESVSYDRALYAQDIAGSMAHARMLARQGVLTAEEAAIIVDGLATVRSEIEAGSFVWRREFEDVHMNIENRLTELVGDVGKKLHTGRSRNDQVALDFRLFVSDRVRVWRELGRDLVGVIVDQARQHTATLLPGCTHMQPAQPVSLAQHLLAYAWMLRRDIDRLEDCDKRARVCPLGAAALAGTTYPLDPASVADELGMYGTFRNSMDAVSDRDFVLEALFDGSVIMAHLSRLCEEFILWANPAFGYIFLPDAYATGSSIMPQKKNPDVAELMRGKTGRVYGALTTMLTTVKGLPMTYNRDLQEDKEPFIDADRTVSASLEIMAGMLREVRFNTARMRTALRSGFLNATELADYLVGKGIPFREAHHLTGAAVALAEEKGVTLEELPLEDYRGICDRIDEDVYPILEPEAAVSRRETPGGTGPRSVAAQIAELDSWLGR	51,036	460	\N	1	t	\N
785	ASSY_DESVH	P61522	2794339	\N	argG	\N	\N	\N	\N	MSGIKKVVLAYSGGLDTSVILKWLAVTYNCEVVTLTADLGQEEDLDGVDDKAMRTGASRAYVEDLQEEFARDFIFPMMRAGAVYEGRYLLGTSIARPLIAKRLVEIARAEGAQAVAHGATGKGNDQVRFELAVNALAPDLRVIAPWREWDLRSRTQLNAFAEEHGIPISSSAKQYSMDRNMLHCSFEGGELEDPWNEPGPNSYVMAVPMEQAPDEAEYISIDFEHGNPVAVNGERLSPAALVKKLNSIGGRHGIGRLDMVENRFVGIKSRGVYETPGGTLIHIAHRDLEGICIDRETMHLRDAMLPRYAAAIYNGFWFAPEREAMQAMIDVSQQRVTGTVRLKLYKGNAWPVGRQSPNTLYCHDLATFEDCATYDHKDAAGFIKLQGLRIRGYKKG	43,911	396	\N	1	t	\N
786	OTC_DESVH	Q72D35	2794340	\N	argF	\N	\N	\N	\N	MPKHFTRIRDLGFEGAWKVLERAKEMKDTGYRGRTLEGKVATLIFEKASTRTRISFEVAVRHLGGTTIFMTPAESQLGRSEPLRDTARVISRYTDCMIVRTFGQAKIDELASFGSIPVVNALTDEGHPCQVMSDVLTMYERTPDLSQVRVAWIGDGNNMANSWIEAAMYFPFELFMAFPEGYEPDRQLLGLALEAGAKIFLTRDPHMAIDGAHYVNTDVWASMGQEEEQKRREAAFKGFCIDGALMGRAHPDAKFMHCLPAHRGEEVTDEVMESPASIVWDQAENRLHMQKAILEWVFTE	33,900	300	\N	1	t	\N
787	\N	Q72D34	\N	\N	\N	\N	\N	\N	\N	\N	\N	\N	\N	1	t	\N
788	\N	Q72EN9	\N	\N	\N	\N	\N	\N	\N	\N	\N	\N	\N	1	t	\N
789	\N	Q72D39	\N	\N	\N	\N	\N	\N	\N	\N	\N	\N	\N	1	t	\N
790	\N	Q729M6	\N	\N	\N	\N	\N	\N	\N	\N	\N	\N	\N	1	t	\N
791	\N	Q72D37	\N	\N	\N	\N	\N	\N	\N	\N	\N	\N	\N	1	t	\N
792	\N	Q728L3	\N	\N	\N	\N	\N	\N	\N	\N	\N	\N	\N	1	t	\N
793	\N	Q72FA9	\N	\N	\N	\N	\N	\N	\N	\N	\N	\N	\N	1	t	\N
794	\N	Q72FD6	\N	\N	\N	\N	\N	\N	\N	\N	\N	\N	\N	1	t	\N
795	\N	Q72FB2	\N	\N	\N	\N	\N	\N	\N	\N	\N	\N	\N	1	t	\N
796	\N	Q72CM5	\N	\N	\N	\N	\N	\N	\N	\N	\N	\N	\N	1	t	\N
797	\N	Q72CM6	\N	\N	\N	\N	\N	\N	\N	\N	\N	\N	\N	1	t	\N
798	\N	Q72EF1	\N	\N	\N	\N	\N	\N	\N	\N	\N	\N	\N	1	t	\N
799	AZOR_DESVH	Q728Q5	2796122	\N	azoR	\N	\N	\N	\N	MATILYIKASPRGERSHSVTVADAFVKAYSEANPGDVVRVLDVFEADLPAFGTDAVVARYLSGQGDPLSPAQEAAWAAVKRQVEDFKTADKYVIALPMWNFSIPWRLKQFFDIIIQPGLTFSYDEQGYHGLVTGRPVLVSYARGGAYPAGTPAEGWDFQKRYLEHILGFIGFTDIRSVVVEPTLAGGPDTAQAKRAEAVEQARRMALEF	22,989	209	\N	1	t	\N
800	\N	Q72CN2	\N	\N	\N	\N	\N	\N	\N	\N	\N	\N	\N	1	t	\N
801	\N	Q72FH1	\N	\N	\N	\N	\N	\N	\N	\N	\N	\N	\N	1	t	\N
802	\N	Q72CT4	\N	\N	\N	\N	\N	\N	\N	\N	\N	\N	\N	1	t	\N
803	\N	Q728C8	\N	\N	\N	\N	\N	\N	\N	\N	\N	\N	\N	1	t	\N
804	\N	Q72C14	\N	\N	\N	\N	\N	\N	\N	\N	\N	\N	\N	1	t	\N
805	KGUA_DESVH	Q72DM9	2794118	\N	gmk	\N	\N	\N	\N	MGRERSGIVLVLCAPSGTGKTTLTRRLLTEFPRFAFSVSYTTRKPRNGEVDGKDYHFVTVEAFLRLRDAGFFAEWAEVHGNFYGTPLKATLDLLDEGRDVLFDIDVQGARQLRASLQRGRYVFIMPPSRDELEHRLRARGTDDEETIARRLANAAKELREARRFDAWIVNDDLERAYDELRAAYIEETLSPECRSAFLDGLLQGWND	23,721	207	\N	1	t	\N
806	\N	Q729W6	\N	\N	\N	\N	\N	\N	\N	\N	\N	\N	\N	1	t	\N
807	\N	Q729W7	\N	\N	\N	\N	\N	\N	\N	\N	\N	\N	\N	1	t	\N
808	\N	Q72E67	\N	\N	\N	\N	\N	\N	\N	\N	\N	\N	\N	1	t	\N
809	\N	Q72B89	\N	\N	\N	\N	\N	\N	\N	\N	\N	\N	\N	1	t	\N
810	PROA_DESVH	Q72AN9	2793523	\N	proA	\N	\N	\N	\N	MNIASQIEDMGRRARAAGRRLAAASPAAKAGALDHLATLLEQRQDAILAANAADLAAAAEAGMDAPRMDRLRLTPATIAEMAAACRHVAALPDPVGAIETQWQRPNGLLVGKMRIPLGVIAMIYESRPNVTIDSAILCLKAGNAVILRGGSEAIHSNLALAALITEALSSVGLPAEAVQVVSTTDRAVIAELCKLEEHIDVIIPRGGETLIRAVVDMARMPVLKHYKGVCHAYIDSGADLAQAVEIIHNAKVQRPGVCNALEGLLVHRDEAAAFLPAIAERLGNDGVEFRACPASLPLLGDSAIPMKDEDNGQEFHDLILLVRIVDDMDEALAHIAAYGSNHTEIICTRDHGNAMRFLREADASMVAVNASSRFNDGGQLGLGAEIGISTSKLHSYGPMGVQELTTTKFVVFGAGQIRQ	44,316	419	\N	1	t	\N
811	\N	Q72E63	\N	\N	\N	\N	\N	\N	\N	\N	\N	\N	\N	1	t	\N
812	\N	Q727W0	\N	\N	\N	\N	\N	\N	\N	\N	\N	\N	\N	1	t	\N
813	\N	Q72AP0	\N	\N	\N	\N	\N	\N	\N	\N	\N	\N	\N	1	t	\N
814	\N	Q72EB9	\N	\N	\N	\N	\N	\N	\N	\N	\N	\N	\N	1	t	\N
815	\N	Q726Y6	\N	\N	\N	\N	\N	\N	\N	\N	\N	\N	\N	1	t	\N
816	\N	Q726Y0	\N	\N	\N	\N	\N	\N	\N	\N	\N	\N	\N	1	t	\N
817	\N	Q72BL7	\N	\N	\N	\N	\N	\N	\N	\N	\N	\N	\N	1	t	\N
818	GPMI_DESVH	Q72BL6	2795880	\N	gpmI	\N	\N	\N	\N	MSLKPTLLLILDGWGKAPAGPGNAVTLAGMPHLSSLLRQAGCTELACSGRAVGLPEGFMGNSEVGHMNIGAGRVVYQDMTRIDIAVERGELASNPALTGLFEAVRATGGRVHLMGLLSDGGVHSHIAHVEALALAARDAGVEVVVHAFLDGRDTAPTSGVGYVKRLASFLESNRAGRIGSLVGRYYAMDRDKRWDRNLLAWAMLTRGEGAPADDPVGAVEAAYAAGETDEFVKPRVVVEGGSPIGTIRDGDGVFFFNFRADRARQLSHMFVDGTFEHGDRGHVPSLAGFATMTSYDPALGLPVAFDKQPLDGTLGEVVANQGLRQLRIAETEKYAHVTYFLNCGREEPFPGEERRLLPSPRDVATYDLKPEMSAEAVTDTLLEEWAGGGYTLAVCNVANLDMVGHTGVIPAAVRACETVDACVRRIADAVLASGGRLVITADHGNAEELLDESGNPQTAHSMNRVPFTVVEQGRVHTFREGGVLGDIAPTILGLWGVPASAGMTGTSLITE	54,089	511	\N	1	t	\N
819	CBIKP_DESVH	Q72EC8	2795040	\N	cbiKp	\N	\N	\N	\N	MSRHPMVTRLLCLVFSCLIILACSPAFAGHGAPKAQKTGILLVAFGTSVEEARPALDKMGDRVRAAHPDIPVRWAYTAKMIRAKLRAEGIAAPSPAEALAGMAEEGFTHVAVQSLHTIPGEEFHGLLETAHAFQGLPKGLTRVSVGLPLIGTTADAEAVAEALVASLPADRKPGEPVVFMGHGTPHPADICYPGLQYYLWRLDPDLLVGTVEGSPSFDNVMAELDVRKAKRVWLMPLMAVAGDHARNDMAGDEDDSWTSQLARRGIEAKPVLHGTAESDAVAAIWLRHLDDALARLN	31,807	297	\N	1	t	\N
820	PSD_DESVH	Q726X7	2796293	\N	psd	\N	\N	\N	\N	MRNPSISITPEGLPAIGLCTLATLTFALIGCWVMAVIFLLLTWFCCHFFRDPERVTPTGAGLAVSPADGRVIRVEPVTDPITGEKRTCVCIFMNVFNVHVNRMPVAGTIRNIVYHPGKFFNAAWDKAATDNERCDYLIEDAEGGKWTMVQIAGLIARRIVCRVDEGDTLTRGERYGMIRFGSRVDLYLPDGYCPTVSVGEHVFAGQTIVARKSPEGA	23,900	217	\N	1	t	\N
821	\N	Q72BM3	\N	\N	\N	\N	\N	\N	\N	\N	\N	\N	\N	1	t	\N
822	\N	Q72BM2	\N	\N	\N	\N	\N	\N	\N	\N	\N	\N	\N	1	t	\N
823	\N	Q72BM4	\N	\N	\N	\N	\N	\N	\N	\N	\N	\N	\N	1	t	\N
824	\N	Q72DA8	\N	\N	\N	\N	\N	\N	\N	\N	\N	\N	\N	1	t	\N
825	\N	Q72DA9	\N	\N	\N	\N	\N	\N	\N	\N	\N	\N	\N	1	t	\N
826	\N	Q72CE0	\N	\N	\N	\N	\N	\N	\N	\N	\N	\N	\N	1	t	\N
827	UPP_DESVH	Q72DA4	2794522	\N	upp	\N	\N	\N	\N	MAVYVVDHPLVKHKLGRLRQHDVPVSEFRAIANELCRLLAYEATKDLETEKVSVQGWAGPVEVDQIKGKKITAVPILRAGLGMLDGFLDMIPGAKVSVVGMFRNEETLEPVQYYTKLAKNIDERMAVILDPMLATGGTLDATIDLLKNAGCPQIKGLFLVAAPEGLKRIVDKHPDVDIYVAAVDERLNEHGYILPGLGDAGDKIFGTK	22,729	208	\N	1	t	\N
828	RL17_DESVH	Q72CF3	2794625	\N	rplQ	\N	\N	\N	\N	MRHSNSGKKLGRTPSHRKALFRNLAKALLTHGKIRTTEIKAKELRRVVEPLITLALRNDLHARRQAYSVLGSHQLVKRLFDEIGPAFVGVPGGYTRVVKLGQPRRGDCAPLAIIEFTRTVAASEAAAAPAEAE	14,584	133	\N	1	t	\N
829	HIS8_DESVH	Q72DA0	2794526	\N	hisC	\N	\N	\N	\N	MTAPSMSRPDDVRPEVLDFKPYVPGLSIDEIRDRFGLADVVKLASNENPLGTSPVVQRTLKTKADLAFRYAQSGNPRLTRAIAAHHGVAPERVVAGNGSDEIIDLLIRVRATPGKHNIVAFRPCFSIYELQAKFCGLEFRQADLRPDFTFDWDAFLAATDENTAIAFVTTPDNPSGWCPPVSELEHVARTLPPSCLFVIDEAYMDFCGDEAAHSLLSRLDAFPNIAVLRTFSKSFGLAGLRLGYGILPERLADYLHRVRLPFSVNILAEEAGLAALEDTVFRSETLRVTAEGRAYIAEGLTALGCEVMPSWANFIMFRPPTDATDLFEALLRRGIIIRPLKSYGLPQHLRVSVGNADENRRFIEACKEILPHA	41,268	373	\N	1	t	\N
830	\N	Q725Z2	\N	\N	\N	\N	\N	\N	\N	\N	\N	\N	\N	1	t	\N
831	\N	Q72CB2	\N	\N	\N	\N	\N	\N	\N	\N	\N	\N	\N	1	t	\N
832	\N	Q728M4	\N	\N	\N	\N	\N	\N	\N	\N	\N	\N	\N	1	t	\N
833	EFP_DESVH	Q72BH0	2795905	\N	efp	\N	\N	\N	\N	MYSTTDFRKGLKIELDGTPFEIVDFQHFKPGKGGAMVRTKLRNILNGRVVDNTFRSGEKVGRPDLESRDMQYLYHEGDDLVLMDLTTYEQLYMHEDLTDGKAGFLKDGQQVRVLLYNGKPLDLELPVSLVLEVVETEPGAKGDTVSNVTKPAKLETGIVVQVPIFVNQGDRIKVDTRSREYLGRE	20,893	185	\N	1	t	\N
834	\N	Q72DD7	\N	\N	\N	\N	\N	\N	\N	\N	\N	\N	\N	1	t	\N
835	\N	Q726L8	\N	\N	\N	\N	\N	\N	\N	\N	\N	\N	\N	1	t	\N
836	\N	Q72C46	\N	\N	\N	\N	\N	\N	\N	\N	\N	\N	\N	1	t	\N
837	\N	Q72BV4	\N	\N	\N	\N	\N	\N	\N	\N	\N	\N	\N	1	t	\N
838	\N	Q72BU7	\N	\N	\N	\N	\N	\N	\N	\N	\N	\N	\N	1	t	\N
839	\N	Q72DD2	\N	\N	\N	\N	\N	\N	\N	\N	\N	\N	\N	1	t	\N
840	\N	Q72DD4	\N	\N	\N	\N	\N	\N	\N	\N	\N	\N	\N	1	t	\N
841	\N	Q726M6	\N	\N	\N	\N	\N	\N	\N	\N	\N	\N	\N	1	t	\N
842	\N	Q72BU5	\N	\N	\N	\N	\N	\N	\N	\N	\N	\N	\N	1	t	\N
843	CLPX_DESVH	Q72CE7	2794584	\N	clpX	\N	\N	\N	\N	MSSNTGGSDRELRCSFCAKGQDEVKRLIAGPGVYICDECVALCNEIVAHEDAGEREEMDRLLTPAEIKARLDEYVIGQHQAKKILSVAVHNHYKRVFYAEALGGEVELEKSNILLIGPSGSGKTLLAKTLARVLKVPFAIADATTLTEAGYVGEDVENILVQLLQNADYDIEAAAKGIIYIDEIDKISRKGDGPSITRDVSGEGVQQALLKIIEGTEANIPPKGGRKHPQQEFIRMDTSNILFILGGAFIGLDKIVDQRSGGGSMGFGAKVSNRKDRPLGELLDQVHPNDLVKFGLIPEFIGRIPVVTHVDELGEEDLIRILTEPKNALVRQYQKLFELDKVTLRFTANALKSIASQAIERKTGARGLRNVMENVMLDIMYSLPTLEGVKECIINRAVVEKGREPVLIYDTEAKTGS	45,664	417	\N	1	t	\N
844	\N	Q726M1	\N	\N	\N	\N	\N	\N	\N	\N	\N	\N	\N	1	t	\N
845	\N	Q726M2	\N	\N	\N	\N	\N	\N	\N	\N	\N	\N	\N	1	t	\N
846	\N	Q72C50	\N	\N	\N	\N	\N	\N	\N	\N	\N	\N	\N	1	t	\N
847	\N	Q72G56	\N	\N	\N	\N	\N	\N	\N	\N	\N	\N	\N	1	t	\N
848	\N	Q72G54	\N	\N	\N	\N	\N	\N	\N	\N	\N	\N	\N	1	t	\N
849	SYN_DESVH	Q72G53	2793559	\N	asnS	\N	\N	\N	\N	MQRTQIVDALAATAPQPVIRLCGWVRTRRDAKGFSFLEINDGSCLANIQAIVDEGIPAYANIGAVSTGAAVDITGELVESPGKGQKWEVRVQTLTLLGAADAETYPLQKKRHSDEFLRSIAHLRARTNKYGAAFRIRSEAAFAIHEFYRERGFFYVHTPILTGSDCEGAGEMFRVTTLPVEGSATPASGNRYENDFFGKECNLTVSGQLEAETLALGLGKVYTFGPTFRAENSNTPRHAAEFWMIEPEVAFADLEEDMNLAEDMTRTVVRRILDRCAADLDLFNRFVDTTLVERLRQIADEPFARCSYTEAIELLLKSGKKFEYPVSFGLDLQTEHERYLAEEHFGKPVIVYNYPKEIKAFYMRLNDDGRTVAAMDVLVPRIGELIGGSQREERLDVLEARINEMGQNLEDYWWYLDLRRFGSVPHAGFGMGFERLLMLLTGITNIRDVIPFPRTPGNLEF	51,912	461	\N	1	t	\N
850	\N	Q72G58	\N	\N	\N	\N	\N	\N	\N	\N	\N	\N	\N	1	t	\N
851	\N	Q72G57	\N	\N	\N	\N	\N	\N	\N	\N	\N	\N	\N	1	t	\N
852	RLMN_DESVH	Q727F1	2793934	\N	rlmN	\N	\N	\N	\N	MTDILNLTYEELEAFMTAELGEPRFRARQVWQWLWQKCARSFDEMTNVSKATRARLAEKAVITWPEVETVQKSADGTTKFLLRLADGALVETVLIPSASREGTLRITQCLSCQVGCAMGCTFCSTGTMGFERNMTMGEILGQVLVARAHLGDSRPDHPILRNLVFMGMGEPLLNLNEVMRSLRTLNDEFGLSFSPRRITVSTCGIEKGLRELGESGLAFLAVSLHAPNQEIRKRIMPKAAHWHLDDLITALESYPLKTRERVTFEYLLLGGVNDGIEHARELVRLVSRTKGKLNLIVYNPAEGDPYDAPTPERILAFEQYLWSKNITAIIRKSKGQDIKAACGQLKASELQRGTASAGADAPEA	40,471	364	\N	1	t	\N
853	\N	Q727F2	\N	\N	\N	\N	\N	\N	\N	\N	\N	\N	\N	1	t	\N
854	\N	Q727F3	\N	\N	\N	\N	\N	\N	\N	\N	\N	\N	\N	1	t	\N
855	PYRB_DESVH	Q727F4	2793931	\N	pyrB	\N	\N	\N	\N	MQNETRSLWPHKDLLDVDQLSKDELLHLLDTAAQFHEINRRPVKKVPTLKGKSVILFFAEPSTRTKTSFDVAGKRLSADTFSLAKSGSSLQKGESLKDTALTLEAMNPDVLVIRHSSSGAARFLAERLACGVVNAGDGWHAHPTQALLDCYSLRQVWGDTFEGRTLCILGDIAHSRVARSNVKLLTSLGVRVRLCAPRTLLPAGVGNWPVEVFTDLDAAVRDADAVMCLRLQLERQQAGLLPDLREYSNRYCLTPRRLELAKPEAKVLHPGPMNRGLEIASSIADAPASLVLDQVAAGVATRMAILFLLATRTDGGR	34,649	317	\N	1	t	\N
856	\N	Q72DQ4	\N	\N	\N	\N	\N	\N	\N	\N	\N	\N	\N	1	t	\N
857	RS2_DESVH	Q72DQ5	2795173	\N	rpsB	\N	\N	\N	\N	MAYVSMKQMLETGVHFGHQTRRWNPKMRPFIFGARNGIHIIDLQQTVKMFRVAHDKVVDTVANGGRVMFIGTKRQAQEAVATEAGRAGQFYVTNRWMGGTLTNFFTIQKSIDRLKKLEAMFADGTVNRYQKKEILRLQREMDKLLATLGGIKDMDKLPQLAFVIDPHREDIAIKECRKLGIPIVAVTDTNCDPDLIDFVIPGNDDAIRAIKLFVAAIADACLEGDALRKERKGQDAEEELKKASEPKAAEAAAE	28,474	254	\N	1	t	\N
858	\N	Q72AW2	\N	\N	\N	\N	\N	\N	\N	\N	\N	\N	\N	1	t	\N
859	\N	Q72DQ3	\N	\N	\N	\N	\N	\N	\N	\N	\N	\N	\N	1	t	\N
860	PYRH_DESVH	Q72DQ8	2795170	\N	pyrH	\N	\N	\N	\N	MSELKYKRVLLKLSGEALAGENKFGIDPATVSKICHEIADVVDMGLQVALVIGGGNIFRGLSSSAKGMDRSSADYMGMLATVLNALAVQDALEKLGHPTRVLSAITMQEVCEPYIRRRAERHLEKGRVVICAAGTGNPYFTTDTAAALRGMELKCEAIIKATKVDGVYDKDPMKHDDAVLFPRLTYVETLQRKLGVMDSTAITLAMENEVPIIVCNMFKGSIKRVVCGEEVGTIVQGG	25,722	238	\N	1	t	\N
861	\N	Q079G1	\N	\N	\N	\N	\N	\N	\N	\N	\N	\N	\N	1	t	\N
862	\N	Q72AL7	\N	\N	\N	\N	\N	\N	\N	\N	\N	\N	\N	1	t	\N
863	\N	Q72BQ1	\N	\N	\N	\N	\N	\N	\N	\N	\N	\N	\N	1	t	\N
864	\N	Q72AW7	\N	\N	\N	\N	\N	\N	\N	\N	\N	\N	\N	1	t	\N
865	\N	Q72AW4	\N	\N	\N	\N	\N	\N	\N	\N	\N	\N	\N	1	t	\N
866	\N	Q72DQ1	\N	\N	\N	\N	\N	\N	\N	\N	\N	\N	\N	1	t	\N
867	CLPB_DESVH	Q72AW6	2794318	\N	clpB	\N	\N	\N	\N	MDIGKFTEKSQQALAEAQNIAVRFGHQEVDAEHLADALVRQEQGLVPRLLDRMGQKPEAFAEALERELGKRPAVSGPGAAPGQIFVSKRLNAVLVKAQDFARQLKDEYVSVEHIFCVLLEEPASTIMGRIAREFSLSREKVLGVLEDVRGSQRVTSANPEDTYEALQKYGRDLVEEARKGKLDPVIGRDAEIRRVIRILSRRTKNNPVLIGEAGVGKTAIVEGLAHRILKGDVPEGLKERGLFALDMGALIAGAKYRGEFEERLKAVLKEVEKSEGRIIMFIDELHTIVGAGKTDGAMDASNLLKPMLARGELHCIGATTLDEYRKYIEKDPALERRFQPVLVDEPTIEDAISILRGLKERFEVHHGVRISDSAIVEAVTLSHRYITDRQLPDKAIDLIDEAAALIRTEIDSLPADLDEANRKIMQLEIEREALRRETDVASRERLERLENELADLRAEQTALLSQWEREKGSIDHVRSIKEDIERTRHAIEEAERAYDLNRAAELKYSRLLELERQLESAEKGGHDETRLLKEEVRPDDIAEIVARWTGIPVTRLLESEREKLLRLADVLHERVVGQEEAVDAVSEAVLRARAGLSDPSRPIGSFIFLGPTGVGKTELCKTLAEALFDTEENIVRLDMSEYMEKHAVARLIGAPPGYVGYDEGGQLTEAVRRKPYSVVLFDEVEKAHPDVFNTLLQILDDGRLTDSHGRTVDFRNTIIIMTSNIGSPYMLDGISEGGEFLSGVREKVMEELRRHFRPEFLNRVDETVLFKPLLPAQIARIVELLLGRLRGRLAERKIDIRLGDVARDFIAKAAYDPVYGARPLRRYLQHNIETPLARKLIAGELRDGTTVEVDVVDDALSFRIE	97,211	865	\N	1	t	\N
868	\N	Q72AW5	\N	\N	\N	\N	\N	\N	\N	\N	\N	\N	\N	1	t	\N
869	RS13_DESVH	Q72CF7	2794621	\N	rpsM	\N	\N	\N	\N	MARIAGVDLPRGKRVDIALTYIYGIGRATALQILDATGVNWTRNVDDLNADEVNEIRKEIEQNHKVEGDLRREISANIKRLMDIGCYRGLRHRRGLPVRGQRTHTNARTRKGPRRGTVGKKK	13,854	122	\N	1	t	\N
870	RS11_DESVH	Q72CF6	2794622	\N	rpsK	\N	\N	\N	\N	MARPKRTVKKREKKNVPVGLAHIQATFNNTIVTFTDTRGNTISWASAGQSGFKGSRKSTPFAAQMAAEQAAKKAQENGMRTVGIYVKGPGSGREAAMRAINAAGFKVAFIRDITPIPHNGCRPPKRRRV	13,993	129	\N	1	t	\N
871	\N	Q72BQ3	\N	\N	\N	\N	\N	\N	\N	\N	\N	\N	\N	1	t	\N
872	\N	Q72CJ4	\N	\N	\N	\N	\N	\N	\N	\N	\N	\N	\N	1	t	\N
873	\N	Q72CG0	\N	\N	\N	\N	\N	\N	\N	\N	\N	\N	\N	1	t	\N
874	RS5_DESVH	Q72CG3	2794387	\N	rpsE	\N	\N	\N	\N	MEQNEFGLIEKIVYLNRVAKVVKGGRRFSFSALVVVGDGKGSVGFGLGKAQEVPEALRKATERAKKSMIEVPLIDGTLPYEILGRFGAGHVLLKPASKGTGIIAGGAVRAVMEAVGVTDVLTKAIGTNNPHNVLRATVAGLASLRSAEEVGQLRGKKLEAPRK	17,144	163	\N	1	t	\N
875	RL30_DESVH	Q72CG2	2794388	\N	rpmD	\N	\N	\N	\N	MIKVKLVRSLICCNPTQRATVAALGLRKVGSEKTFKDDAAIRGMINKVKHLIEVSE	6,181	56	\N	1	t	\N
876	\N	Q72CJ6	\N	\N	\N	\N	\N	\N	\N	\N	\N	\N	\N	1	t	\N
877	\N	Q72CK0	\N	\N	\N	\N	\N	\N	\N	\N	\N	\N	\N	1	t	\N
878	GLMM_DESVH	Q72CK1	2794348	\N	glmM	\N	\N	\N	\N	MGRRLFGTDGLRGQVNIYPMTADMALRLGLAAGTRFRNGNRRHRVVIGKDTRLSGYMFESALTAGLCAAGMDVFQVGPLPTPAISFLTRNMRADLGVVISASHNPFMDNGIKFFDRSGFKLPDDVENQMTDMVLDPDWQWDYPASEKVGRAYKIADAPGRYIVYIKSSFPADLTLDGLRVVIDCANGANYKVAPLALEELGAEVIKLGTEPNGLNINHQCGSLYPEVVAAKVRETRADIGLALDGDADRLIVVDEKGTILDGDQIMALCAQDLMAKGKLPGNMLVATVMSNMALEVFMKEHGGTLLRTAVGDRYVVEAMRQHGALLGGEQSGHLIFREYSTTGDGLLAALQILRIMRERGKPLSELAGQLQLFPQQLINVHVERKIPFAECQPVADAVAAIETELGDRGRVLLRYSGTESVCRVMVEGEHPEQVARLAEMLAETVQKHLR	49,196	450	\N	1	t	\N
879	\N	Q726F2	\N	\N	\N	\N	\N	\N	\N	\N	\N	\N	\N	1	t	\N
880	IXTPA_DESVH	Q726F4	2795859	\N	\N	\N	\N	\N	\N	MTKATIVLATRNAGKVAELADALRAYGLDVLGLDAFPQVGEIEETGTTFEENALLKARAVAEATGHVAVADDSGLEVDALERRPGVYSARYSDDTPDLPGDTRDARNNAKLLLELDGVPAERRTARFRCVMAACTPDGRHVFAEGAWEGHIALAPEGDNGFGYDPLFIDPQSGLHSAQLSRDEKNARSHRGKALRRLLELWPAFWRG	22,467	207	\N	1	t	\N
881	\N	Q726F6	\N	\N	\N	\N	\N	\N	\N	\N	\N	\N	\N	1	t	\N
882	\N	Q72DU1	\N	\N	\N	\N	\N	\N	\N	\N	\N	\N	\N	1	t	\N
883	\N	Q726F8	\N	\N	\N	\N	\N	\N	\N	\N	\N	\N	\N	1	t	\N
884	\N	Q726T9	\N	\N	\N	\N	\N	\N	\N	\N	\N	\N	\N	1	t	\N
885	\N	Q725J7	\N	\N	\N	\N	\N	\N	\N	\N	\N	\N	\N	1	t	\N
886	\N	Q725Z9	\N	\N	\N	\N	\N	\N	\N	\N	\N	\N	\N	1	t	\N
887	\N	Q726U6	\N	\N	\N	\N	\N	\N	\N	\N	\N	\N	\N	1	t	\N
888	\N	Q72FS5	\N	\N	\N	\N	\N	\N	\N	\N	\N	\N	\N	1	t	\N
889	\N	Q728H5	\N	\N	\N	\N	\N	\N	\N	\N	\N	\N	\N	1	t	\N
890	\N	Q72FT3	\N	\N	\N	\N	\N	\N	\N	\N	\N	\N	\N	1	t	\N
891	\N	Q72FT0	\N	\N	\N	\N	\N	\N	\N	\N	\N	\N	\N	1	t	\N
892	RRF_DESVH	Q72DQ9	2795169	\N	frr	\N	\N	\N	\N	MDMDSILLDAEERMEKAIAALEREFSRLRTGRASASLVDGIKVDYYGTPTPISQVASVAVPDSRCITIQPWDRNAFSLIEKAILKSDLGLNPVNDGKIIRINIPPLTEERRKDLGKMARKYAEEAKVAVRNVRRDANEQLKKLEKNKELSEDDLRKAQEDVQKLTDRFVAKTDEKAGAKEKEIMDI	21,042	186	\N	1	t	\N
893	\N	Q729E9	\N	\N	\N	\N	\N	\N	\N	\N	\N	\N	\N	1	t	\N
894	\N	Q729E8	\N	\N	\N	\N	\N	\N	\N	\N	\N	\N	\N	1	t	\N
895	\N	Q729F1	\N	\N	\N	\N	\N	\N	\N	\N	\N	\N	\N	1	t	\N
896	\N	Q729F0	\N	\N	\N	\N	\N	\N	\N	\N	\N	\N	\N	1	t	\N
897	\N	Q729E7	\N	\N	\N	\N	\N	\N	\N	\N	\N	\N	\N	1	t	\N
898	\N	Q729E6	\N	\N	\N	\N	\N	\N	\N	\N	\N	\N	\N	1	t	\N
899	SYGA_DESVH	Q72AU2	2794709	\N	glyQ	\N	\N	\N	\N	MHFQNVILTLQNYWASRGCVITQPIDVECGAGTFNPSTFLRVIGPEPWNVAYVEPSRRPTDGRYGENPNRLQHYFQFQVILKPSPDNVQELYLGSLRALGIDPAAHDIRFVEDDWESPTLGAWGLGWEVWLNGMEVTQFTYFQQVGGIDLAPTSVEITYGLERLCMYLQGKESVYDLDWNEHVTYGDIYHQNEVEQSKYNFERSDAAMLLHAFNAYETECRRLTEEGLLWPAYDYCLKCSHTFNLLDARGAISITERTGYIGRVRYLASGVARLYAAQREQLGYPMLRK	33,236	289	\N	1	t	\N
900	RL25_DESVH	Q72BR0	2793465	\N	rplY	\N	\N	\N	\N	MSEQKTLSVQKRDNLGKGANRRLRSEEVVPGVFYDTKGNNVAVQMPAKPLQKLFEEVGRTTVFQLEIEEEGKKSTHPVLIWDALFHPYKKKFTHIDFFGVDLDREIKIRVPLEFVGTSRGVKLGGKLEVYREFIDVMSKPLTLPKKITLDLTELDINSTIMLKDVAMPEGVRPATNENFAILSVLTPKSE	21,543	190	\N	1	t	\N
901	ARGB_DESVH	Q72C18	2794884	\N	argB	\N	\N	\N	\N	MDCVENARLQSKVLIESLPYLRQFHGETVVIKYGGHAMKDEALKKAFALNVALLKLVGINPVIVHGGGPQIGKMLEQLNIQSHFREGLRVTDDATMDVVEMVLVGKVNKEIVNQMNLAGAKAVGLSGKDGMLIRARKMEMVISKEAQAPEIIDLGKVGEVMGVNTTLLRSLERDGFVPVIAPVGVDDNGETYNINADAVAGAVAAALKAKRLLLLTDVAGILDHDKKLIRSVNMREAVNLFSDGTLTGGMIPKVKCCLEALEEGVEKAMIIDGRTENCILLELLTDKGVGTEIVSDRAAQAACNCVLR	33,080	308	\N	1	t	\N
902	\N	Q729X5	\N	\N	\N	\N	\N	\N	\N	\N	\N	\N	\N	1	t	\N
903	\N	Q72B30	\N	\N	\N	\N	\N	\N	\N	\N	\N	\N	\N	1	t	\N
904	\N	Q72B31	\N	\N	\N	\N	\N	\N	\N	\N	\N	\N	\N	1	t	\N
905	HCP_DESVH	P31101	2796735	\N	hcp	\N	\N	\N	\N	MFCFQCQETAKNTGCTVKGMCGKPEETANLQDLLIFVLRGIAIYGEKLKELGQPDRSNDDFVLQGLFATITNANWDDARFEAMISEGLARRDKLRNAFLAVYKAKNGKDFSEPLPEAATWTGDSTAFAEKAKSVGILATENEDVRSLRELLIIGLKGVAAYAEHAAVLGFRKTEIDEFMLEALASTTKDLSVDEMVALVMKAGGMAVTTMALLDEANTTTYGNPEITQVNIGVGKNPGILISGHDLKDMAELLKQTEGTGVDVYTHGEMLPANYYPAFKKYPHFVGNYGGSWWQQNPEFESFNGPILLTTNCLVPLKKENTYLDRLYTTGVVGYEGAKHIADRPAGGAKDFSALIAQAKKCPPPVEIETGSIVGGFAHHQVLALADKVVEAVKSGAIKRFVVMAGCDGRQKSRSYYTEVAENLPKDTVILTAGCAKYRYNKLNLGDIGGIPRVLDAGQCNDSYSLAVIALKLKEVFGLDDINDLPVSYDIAWYEQKAVAVLLALLFLGVKGIRLGPTLPAFLSPNVAKVLVENFNIKPIGTVQDDIAAMMAGK	59,979	553	\N	1	t	\N
906	\N	Q729F2	\N	\N	\N	\N	\N	\N	\N	\N	\N	\N	\N	1	t	\N
907	\N	Q72C87	\N	\N	\N	\N	\N	\N	\N	\N	\N	\N	\N	1	t	\N
908	\N	Q726C1	\N	\N	\N	\N	\N	\N	\N	\N	\N	\N	\N	1	t	\N
909	\N	Q729N7	\N	\N	\N	\N	\N	\N	\N	\N	\N	\N	\N	1	t	\N
910	RISB_DESVH	P61940	2796655	\N	ribH	\N	\N	\N	\N	MLHIKTIEGQLDAKGLKFAIVATRFNDFIVDRLIGGACDYLQRHGCDRENLTIVRIPGAFEMPLVAKKLAHSGKYDGIIALGAVIRGATPHFDFVSNEASKGLAQACLESGVPLGFGLLTTDNIEQAIERAGSKAGNKGAEAAAAVLETVRVMEQL	16,606	156	\N	1	t	\N
911	\N	Q72CS3	\N	\N	\N	\N	\N	\N	\N	\N	\N	\N	\N	1	t	\N
912	RL28_DESVH	Q72CS2	2796688	\N	rpmB	\N	\N	\N	\N	MGKQCEVCGKKPQVGHHVSHSNIKTKRRFEPNLQSVRHQLPSGEVKTVTVCTRCLRSGAVTKPVVRKSA	7,636	69	\N	1	t	\N
913	\N	Q72EU1	\N	\N	\N	\N	\N	\N	\N	\N	\N	\N	\N	1	t	\N
914	\N	Q72CU2	\N	\N	\N	\N	\N	\N	\N	\N	\N	\N	\N	1	t	\N
915	\N	Q72A53	\N	\N	\N	\N	\N	\N	\N	\N	\N	\N	\N	1	t	\N
916	\N	Q72CT8	\N	\N	\N	\N	\N	\N	\N	\N	\N	\N	\N	1	t	\N
917	MSRB_DESVH	Q72EK2	2793421	\N	msrB	\N	\N	\N	\N	MKPSREELKKRLTPLQYDVTQEEGTEPPFRNEYWDEKREGLYVDIVSGEPLFSSRDKYDSGTGWPSFTRPVDPQGIVERVDRKLFTTRTEVRSRNGDSHLGHVFPDGPQPTGLRYCINSAALRFVPVEDLEQQGYGHLLHLFQ	16,538	143	\N	1	t	\N
918	\N	Q72EK1	\N	\N	\N	\N	\N	\N	\N	\N	\N	\N	\N	1	t	\N
919	\N	Q72F65	\N	\N	\N	\N	\N	\N	\N	\N	\N	\N	\N	1	t	\N
920	\N	Q72FI6	\N	\N	\N	\N	\N	\N	\N	\N	\N	\N	\N	1	t	\N
921	\N	Q728V3	\N	\N	\N	\N	\N	\N	\N	\N	\N	\N	\N	1	t	\N
922	\N	Q72F71	\N	\N	\N	\N	\N	\N	\N	\N	\N	\N	\N	1	t	\N
923	\N	Q728V8	\N	\N	\N	\N	\N	\N	\N	\N	\N	\N	\N	1	t	\N
924	\N	Q728V5	\N	\N	\N	\N	\N	\N	\N	\N	\N	\N	\N	1	t	\N
925	COBT_DESVH	Q725Z4	2796003	\N	cobT	\N	\N	\N	\N	MNHELRSVIDAINPVDQSLMAAAQAHLDNLTKPRGSLGRLEELAARLYCIAGGRRPLRVDPARVFTVAGDHGVSAEGVSPFPQEVTRQMVLNFANGGAGINVLCRTAGVDLRVVDAGCLGGPFPEHPALIQRKVAEGTASIARGPAMSLETCEKALLLGISLAEEAAADGCRCVGTGDMGISNTTPSTALYCAYLGLDPADITGPGAGLAGEAVRHKVEVIRRALEVNRHIVEAGDPVATLAALGGIEIATLAGLVIGAARHGLACVIDGFISTAAFTAAWKICPDVRGYCFLSHASAEPGYRSVVDALNAQPLLHLGLRLGEGTGGALAMFLMRAAADIFNDMATFADAGVSEADD	36,856	357	\N	1	t	\N
926	\N	Q72F70	\N	\N	\N	\N	\N	\N	\N	\N	\N	\N	\N	1	t	\N
927	\N	Q729S7	\N	\N	\N	\N	\N	\N	\N	\N	\N	\N	\N	1	t	\N
928	\N	Q72D22	\N	\N	\N	\N	\N	\N	\N	\N	\N	\N	\N	1	t	\N
929	RL16_DESVH	Q72CH3	2794193	\N	rplP	\N	\N	\N	\N	MLSPRKVKFRKWQKGRNKGVATRGATVAFGDIGLKAIEHGKLTSQQIEAARIAMMRHIKRGGKVWIRIFPDRPVTAKPLETRQGSGKGSPVGWCAPVKPGRVLYEIKGVSLELAKEALTRAAHKLPVKTVIVVREGV	15,056	137	\N	1	t	\N
930	\N	Q729F3	\N	\N	\N	\N	\N	\N	\N	\N	\N	\N	\N	1	t	\N
931	\N	Q728X5	\N	\N	\N	\N	\N	\N	\N	\N	\N	\N	\N	1	t	\N
932	\N	Q72FD0	\N	\N	\N	\N	\N	\N	\N	\N	\N	\N	\N	1	t	\N
933	\N	Q728X8	\N	\N	\N	\N	\N	\N	\N	\N	\N	\N	\N	1	t	\N
934	\N	Q728Y0	\N	\N	\N	\N	\N	\N	\N	\N	\N	\N	\N	1	t	\N
935	DAPAT_DESVH	Q72BI1	2795926	\N	dapL	\N	\N	\N	\N	MAAFKLADRLATLPPYLFAGIDKVKAEVAARGVDIISLGIGDPDMATPGFIIEAMKEAIARPANHQYPSYVGMLAFRQEVANWYDRRFGVSLDPATEVIGLIGSKEGIAHFPFAFINPGDLVLVCTPNYPVYHIATGFAGGEVQFVPLLEENDFLPDLDAIPEDTWKRAKMIFVNYPNNPTAATAPLGFYEKLVDICRRFDVIIAHDTAYTEIYYDEDNRPPSILSVPGAKDVAIEFHSLSKTYNMTGWRVGMAVGNPTLVAGLGKIKENMDSGIFQAVQEASIVALRDGDDFCRELRGIYRQRRDTVINALHKAGIQCRVPQATFYVWARVPQGHTSADFVTRVLQETGVVVTPGNGFGTPGEGFFRISLTVDNARLEEAVSRIAKL	42,665	388	\N	1	t	\N
936	\N	Q728M6	\N	\N	\N	\N	\N	\N	\N	\N	\N	\N	\N	1	t	\N
937	\N	Q72BH8	\N	\N	\N	\N	\N	\N	\N	\N	\N	\N	\N	1	t	\N
938	\N	Q728M8	\N	\N	\N	\N	\N	\N	\N	\N	\N	\N	\N	1	t	\N
939	\N	Q728N1	\N	\N	\N	\N	\N	\N	\N	\N	\N	\N	\N	1	t	\N
940	\N	Q72EG8	\N	\N	\N	\N	\N	\N	\N	\N	\N	\N	\N	1	t	\N
941	\N	Q728N2	\N	\N	\N	\N	\N	\N	\N	\N	\N	\N	\N	1	t	\N
942	\N	Q72D64	\N	\N	\N	\N	\N	\N	\N	\N	\N	\N	\N	1	t	\N
943	\N	Q72D65	\N	\N	\N	\N	\N	\N	\N	\N	\N	\N	\N	1	t	\N
944	RS20_DESVH	Q72AU4	2794707	\N	rpsT	\N	\N	\N	\N	MANHKSALKRHKQSLKRAARNRAVRTRIKNVIKDVRIALQQQDKEQAATALVQASAVLDKAASKGVVHWKTAARKISRLTKAVNQVA	9,647	87	\N	1	t	\N
945	SYGB_DESVH	Q72AU3	2794708	\N	glyS	\N	\N	\N	\N	MSQFVLEIGTEELPARFLPALERELAERFTRALADAGIECDPVRVMSTPRRAVVRMDAVNPVQSESEEVVTGPPARIAFTPEGGLTKAAEGFARTQGVEVADIFRLTTDKGEYIAVRKHMGGARSIDLLRDICPAIIGALPFPKRMRWGSGDFTYARPMRWLLALFDESVVDFEVGGVRSGNITYGHRIHGAGPLTVARAGDYERVIREQGGVTPVGEERRNAVVKGGNALAVAAGGKVIWKDSLLDEVQGLVEHPVPCLGNIDPSFLELPREVLLTSMESHQKSFGVEDAEGRLMPHFLTVLNLTPLDGDLVRKGWERVLRARLEDARFFWKTDLASSFDAWLASLDNVIFLGPLGSMGDKTRRLEQLCAWLAAEVGFDDATAAARAGRLSKGDLVSGMVGEFDTLQGIMGGIYARRMGEAEAVAAAIAEQYLPAGPDSPVPSSMCGALLSIADKADTLAGCFGLGMIPTGAADPYALRRCVLGIARIILEHGLQLDVRGLFAKAFALYGERAWKLAPEDALVKLDEFFMARLRNLFIANGYETLLVEAVLAAGCDDVRSAGARLEALAAFSRRDDFASAVLTFKRAANIIRKQGGDSDVALDGAWKADLLVEDAERQLAASLEAMFPRFDGLWAEGDYPALFGLLGELRPVVDGFFEGVMVMSDDAALRTNRLNLLQALVGRLSRLADFGALQM	75,402	696	\N	1	t	\N
946	HEM3_DESVH	Q72AV0	2794701	\N	hemC	\N	\N	\N	\N	MKHLVIATRGSKLALWQAEHIKSLIETEHAGKVDVSLKIIKTKGDIILDVPLAKVGGKGLFVKEIEEALLDGSADLAVHSMKDVPMELPEGLFLGCIPEREEPSDTLLSVRYASLDALPHGARVGTSSLRRQSQLLALRPDLDIISLRGNVDTRLRKLMDGEFDAIVMATAGLKRLGLAAPHHEVLAPPRFLPAVGQGALGIEFREDRADLRDMLAFLDHRPTRIRVEAERGFLAGLEGGCQVPIAGHAVMTGDDNFRIEGLVADLKGERVIRRTLEGTGANARNRGLELASQVLADGAAEILDEVYASGAADRQ	34,040	315	\N	1	t	\N
947	\N	Q72AU9	\N	\N	\N	\N	\N	\N	\N	\N	\N	\N	\N	1	t	\N
948	\N	Q72DM2	\N	\N	\N	\N	\N	\N	\N	\N	\N	\N	\N	1	t	\N
949	GREA_DESVH	Q725M4	2793895	\N	greA	\N	\N	\N	\N	MSSIPISVEGFKQLEKELDRLKKERPGVIQAIKEAREEGDLSENAGYDAARERQGMLEARIKYIESRMAQFNVIDLDTISGDKVMFGATVKIEDLESGEEKEYTLLGPDEADYAKGSISVQSPVARAMLGKEEGDEIVVDAPRGKIHYEIVSIRFLGTKGQQR	18,151	163	\N	1	t	\N
950	\N	Q72AB2	\N	\N	\N	\N	\N	\N	\N	\N	\N	\N	\N	1	t	\N
951	\N	Q72AB5	\N	\N	\N	\N	\N	\N	\N	\N	\N	\N	\N	1	t	\N
952	RPOZ_DESVH	Q725M7	2793892	\N	rpoZ	\N	\N	\N	\N	MARITVEDCQKRIDNRFLLVQMAIKRVQQYREGYEPLVDSKNKEVVTALREIAAGKVMPEDLALYRPAEGEEMPVAE	8,851	77	\N	1	t	\N
953	\N	Q72CL6	\N	\N	\N	\N	\N	\N	\N	\N	\N	\N	\N	1	t	\N
954	\N	Q72CL8	\N	\N	\N	\N	\N	\N	\N	\N	\N	\N	\N	1	t	\N
955	\N	Q72CM3	\N	\N	\N	\N	\N	\N	\N	\N	\N	\N	\N	1	t	\N
956	\N	Q72BI5	\N	\N	\N	\N	\N	\N	\N	\N	\N	\N	\N	1	t	\N
1013	\N	Q72EY8	\N	\N	\N	\N	\N	\N	\N	\N	\N	\N	\N	2	t	\N
957	RS6_DESVH	Q72DH3	2795152	\N	rpsF	\N	\N	\N	\N	MRKFETLLLLSPELAADAREALLTTLSGVVEREQGSMITADHWGMRDLAYPVRKQMRGYYVRLEYTAPGATVAELERIIRISDGIFKFVTVKLADAVEEVA	11,360	101	\N	2	t	\N
958	RS18_DESVH	Q72DH2	2795153	\N	rpsR	\N	\N	\N	\N	MAFKKKFAPRRKFCRFCADKELPIDYKRADILRDFITERGKIIARRITGTCAHHQRVLTREIKRARQMALLIYTATHSSDVKKKSIL	10,278	87	\N	2	t	\N
959	\N	Q72DH5	\N	\N	\N	\N	\N	\N	\N	\N	\N	\N	\N	2	t	\N
960	ALR_DESVH	Q72DH4	2795151	\N	alr	\N	\N	\N	\N	MPISYNKASVVVSLQSIIANYRRIRTVAQRPMPVIKSDAYGHGLEAVGMALEAEGARECAVGTVGEGAKLRKAGFGADIVALLGALDREDAQLAASSGIIPTVLDIAGLERLAAQGTPERPVRVALKFDTGMARLGFTEHDVSALCERLRTLPSVRPVMAVSHLAVADDPTQSAFTMAQGAAFARIMAGLRSNFPDIMGSLSNSAATLAHPQLHWDVQRPGIALYGSNPLRGTALARHGEGLLPAMSVSVPVLQVHPLPAGRSISYGRTYTATKDATVAIIAAGYADNYSRALSGRGVAVAGGRRVPVLGRVCMQTTAIDVTDVPGIATGDRVWLLGGPGPATVSADELADLWGTISYEVLCLLGMNPRRHDDSVE	39,406	376	\N	2	t	\N
961	SYY_DESVH	Q72DH6	2795149	\N	tyrS	\N	\N	\N	\N	MIDIDRQLEHIKRGCAELIDEGELRKKLERGTPLRIKAGFDPTAPDLHLGHTVLIHKLRHFQELGHTVIFLIGDFTGLIGDPSGRSDTRPPLTREQVLANAETYKQQVFKILDPEKTVVDFNSRWMGEFGAADFIRLASRYTVARMMERDDFEKRYKEGRPIAVHEFLYPLVQGYDSVALKADVELGGTDQKFNLLVGRHLQSQYGQEPQCILTMPLLEGLDGVKKMSKSLGNYVGIDESPADMFGKLMSVSDELMWRYFELISSRSLDEIADLRRKVETGEAHPKLVKESLAYELTTRYHGEDKAAEAQQGFNAVFAGGGVPDDAPVHACDHGDDSTPPAFLEAAGLVKSRGEAKRLIKEGALSVDGVRCDDANSPLASGEYVIKLGKKRFLRLTVR	44,442	398	\N	2	t	\N
962	\N	Q72DH8	\N	\N	\N	\N	\N	\N	\N	\N	\N	\N	\N	2	t	\N
963	ILVD_DESVH	Q725Q1	2795687	\N	ilvD	\N	\N	\N	\N	MRSKKMTHGLEKAPHRSLLHALGLTREELARPLVGVVNAANEVVPGHIHLDDIAEAVKAGVRAAGGTPLEFPAIAVCDGLAMNHEGMRFSLPSRELIADSIEIMATAHPFDALVFIPNCDKSVPGMLMAMLRLDVPSVMVSGGPMLAGATLAGRADLITVFEGVGRVQRGDMTEAELDELVEGACPGCGSCAGMFTANSMNCLAETIGLALPGNGTTPAVTAARIRLAKHAGMKVMEMLERNIRPRDIVTEKAVANAVAVDMALGCSTNTVLHLPAVFAEAGLDLTLDIFDKVSRKTPNLCKLSPAGHHHIQDLHAAGGIPAVMAELDRIGLIDRSAMTVTGRTVGENLDALGAKVRDADVIRPVDAPYSPQGGIAILKGSLAPGGAVVKQSAVAPEMMVREAVARVFDSEEAACEAIMGGRIKAGDAIVIRYEGPKGGPGMREMLTPTSAIAGMGLGADVALITDGRFSGGTRGAAIGHVSPEAAEGGPIGLVQEGDRIRIDIPARALDLLVDEDELARRRAAFVPVEKEITSPLLRRYARMVSSAATGARQR	57,868	554	\N	2	t	\N
964	RL9_DESVH	Q72DH1	2795154	\N	rplI	\N	\N	\N	\N	MKIILRADVENLGRLGDVVTVKPGFGRNYLLPQGLGMLASQANLKAFELERKKLQARMDALRNAAADIAAKLEGLVLAIPMRVGENDKLYGSVTTAIIGDGLAAQGIEVDRRRILLDSAIRALGEYPVRVRLHADVTAEILVKVVSEDKVNDVAESAPAEEPEAAAE	17,954	167	\N	2	t	\N
965	\N	Q72B55	\N	\N	\N	\N	\N	\N	\N	\N	\N	\N	\N	2	t	\N
966	\N	Q72G17	\N	\N	\N	\N	\N	\N	\N	\N	\N	\N	\N	2	t	\N
967	\N	Q72G16	\N	\N	\N	\N	\N	\N	\N	\N	\N	\N	\N	2	t	\N
968	\N	Q72B54	\N	\N	\N	\N	\N	\N	\N	\N	\N	\N	\N	2	t	\N
969	\N	Q727R1	\N	\N	\N	\N	\N	\N	\N	\N	\N	\N	\N	2	t	\N
970	\N	Q72E96	\N	\N	\N	\N	\N	\N	\N	\N	\N	\N	\N	2	t	\N
971	\N	Q72E95	\N	\N	\N	\N	\N	\N	\N	\N	\N	\N	\N	2	t	\N
972	PYRG_DESVH	Q72BL2	2795884	\N	pyrG	\N	\N	\N	\N	MKTKFIFITGGVLSSLGKGLAAASVGALLKARGLKVTIQKLDPYINVDPGTMNPFQHGEVYVTDDGAETDLDLGHYERYLAEPMSQKNNYTSGSIYHRVITKERRGDYLGGTVQVIPHVTDEIKNAVLSLAEDDPDVALIEIGGTVGDIEGLPFLEAIRQLRGDLGKDRCLYIHLTLVPYLRAAGEHKTKPTQHSVKELRSIGIQPDIILCRCEEAITADLKRKIALFCNVDQDAVFSAVDVKNIYEVPLRFYEEGFDQKIAIMLRLPAKNPNLEPWETLVDTCAHPQGRVTIGIVGKYVDLKEAYKSLHEALVHGGVANKVAVDLKYVNSEEITEENVAEALKGLDGILVPGGFGYRGVEGKILTIRYARENRVPFFGICLGMQCAVIEFARNVMGLEDANSEEFNELSKNKVIYLMTEWFDHRRQAVERRDSSSDKGGTMRLGSYPCVVVPDTKAHDAYGVKHIDERHRHRFEFNKAYFDAMAQSGMVFSGLSPDGELVEIVELPDHPWFLGCQFHPEFKSNPMQPHPLFREFIRAAKTHPAGKR	61,071	547	\N	2	t	\N
973	\N	Q72BL3	\N	\N	\N	\N	\N	\N	\N	\N	\N	\N	\N	2	t	\N
974	\N	Q72E94	\N	\N	\N	\N	\N	\N	\N	\N	\N	\N	\N	2	t	\N
975	\N	Q72E93	\N	\N	\N	\N	\N	\N	\N	\N	\N	\N	\N	2	t	\N
976	\N	Q72E18	\N	\N	\N	\N	\N	\N	\N	\N	\N	\N	\N	2	t	\N
977	SYL_DESVH	Q72CT7	2796653	\N	leuS	\N	\N	\N	\N	MKYDHQSIETRWQKKWEDSGIFQCDTEADKPKYYVLEMFPYPSGNIHMGHVRNYSIGDVVARFKRMQGFNVLHPMGWDAFGLPAENAAIKNGTHPAKWTFANIDNMRSQLKRLGYSYDWQREVATCTPEYYRWEQLFFLRFLEKGLVYRKKAAQNWCPKCHTVLANEQVIEGLCWRCDSAVEQKELTQWFLRITDYAEELLADLSKLENGWPERVLSMQRNWIGKSTGAEIRFALDGRDDSITVFTTRPDTIFGATFMSIAPEHPLVEELIDGKPQADDVRAFVERIRNMDRIDRQSDTLEKEGVFTGAYCVNPFTGRKMPIWVANFVLAEYGTGAVMAVPAHDQRDFEFARKYDLPMQVVIQPQGEALDPATMSAAWTEAGALVNSGAFDGLANEDAKQRIADDLETTGNGRRTINYRLRDWNISRQRYWGAPIPVIYCDACGVVPEKEENLPVVLPLDVKTHDDGRSPLPHTPAFYECTCPVCGGKARRETDTMDTFVESSWYFARYTDATNDKAPFTPDALRYWLPVDQYIGGVEHAILHLLYSRFFTKALRDCGFIELDEPFANLLTQGMVLMDGSKMSKSKGNVVDPTEMIARYGADTVRLFCLFAAPPERDFDWSESGIEGSYRFVGRVWRLVEELREHLLAVGACSSTAEDAKTPVARELRLKEHATVRKAGDDLNDRFQFNTAIAAVMELVNALYLAKDELVADESGRKVLSSAVSTVLTLLSPFTPHLSEELWALLGHTESVSTLPWPRWKEDALVRDTVTLVVQVNGKLRGKLDIPADASREEVETLALNEPNVLRYLEGVTVRKVVVIPGKLVNVVVS	93,980	829	\N	2	t	\N
978	\N	Q72E15	\N	\N	\N	\N	\N	\N	\N	\N	\N	\N	\N	2	t	\N
979	\N	Q72BK6	\N	\N	\N	\N	\N	\N	\N	\N	\N	\N	\N	2	t	\N
980	\N	Q72E13	\N	\N	\N	\N	\N	\N	\N	\N	\N	\N	\N	2	t	\N
981	\N	Q727N5	\N	\N	\N	\N	\N	\N	\N	\N	\N	\N	\N	2	t	\N
982	\N	Q725H3	\N	\N	\N	\N	\N	\N	\N	\N	\N	\N	\N	2	t	\N
983	\N	Q727B2	\N	\N	\N	\N	\N	\N	\N	\N	\N	\N	\N	2	t	\N
984	\N	Q727B3	\N	\N	\N	\N	\N	\N	\N	\N	\N	\N	\N	2	t	\N
985	\N	Q725S5	\N	\N	\N	\N	\N	\N	\N	\N	\N	\N	\N	2	t	\N
986	HLDD_DESVH	Q72ET7	2793626	\N	hldD	\N	\N	\N	\N	MYIVTGGAGFIGSAMVWKLNEMGIEDIVVVDNLSTSEKWKNLVNRRYVDYVHRDTFMDMVLHGDLPWDVDAVVHMGACSATTERDADFLMENNLRYSRMLCELCMETGARFINASSAATYGDGSLGFSDDDTTMLRLKPLNMYGYSKQLFDLWAYREGRLDGIASLKFFNVYGPNEYHKGDMRSVICKAYAQIGQEGVMRLFRSCHPDYADGGQMRDFIYVKDCVEVMWWLLQNPGVNGVFNVGTGKARTWNDLVTAVFRAMDREPVIEYIDMPEQLRGKYQSFTEATMGKLRDAGCPVRFTELEDGVTEYVRRYLAAADPHL	36,769	323	\N	2	t	\N
987	\N	Q72ET1	\N	\N	\N	\N	\N	\N	\N	\N	\N	\N	\N	2	t	\N
988	\N	Q72ET0	\N	\N	\N	\N	\N	\N	\N	\N	\N	\N	\N	2	t	\N
989	\N	Q726Q3	\N	\N	\N	\N	\N	\N	\N	\N	\N	\N	\N	2	t	\N
990	\N	Q72CB5	\N	\N	\N	\N	\N	\N	\N	\N	\N	\N	\N	2	t	\N
991	\N	Q72C78	\N	\N	\N	\N	\N	\N	\N	\N	\N	\N	\N	2	t	\N
992	\N	Q726Q1	\N	\N	\N	\N	\N	\N	\N	\N	\N	\N	\N	2	t	\N
993	\N	Q72CC0	\N	\N	\N	\N	\N	\N	\N	\N	\N	\N	\N	2	t	\N
994	\N	Q72CC3	\N	\N	\N	\N	\N	\N	\N	\N	\N	\N	\N	2	t	\N
995	\N	Q72C76	\N	\N	\N	\N	\N	\N	\N	\N	\N	\N	\N	2	t	\N
996	\N	Q72CB7	\N	\N	\N	\N	\N	\N	\N	\N	\N	\N	\N	2	t	\N
997	TATA_DESVH	Q72CB6	2795091	\N	tatA	\N	\N	\N	\N	MFGIGFQELLVVLVLVLLVFGANKLPEIGGGLGRAIRNFKRAASEPDEIDVTPTDKKDKNDDKQA	7,069	65	\N	2	t	\N
998	\N	Q72CB9	\N	\N	\N	\N	\N	\N	\N	\N	\N	\N	\N	2	t	\N
999	\N	Q72BR6	\N	\N	\N	\N	\N	\N	\N	\N	\N	\N	\N	2	t	\N
1000	\N	Q72BR5	\N	\N	\N	\N	\N	\N	\N	\N	\N	\N	\N	2	t	\N
1001	NUSB_DESVH	Q72CT6	2796654	\N	nusB	\N	\N	\N	\N	MTTKGTPSRRAARALAFQILYGLGFSPAASVKQLREAYASSPDVADKGRSPQPEGFAWELIEGIWTEQANIDEVIGLFSQNWRIDRIGRVELTLLRIAVYEMLYRIDVPPKVAINEALELSKQFGDANARGFINGILDAAAKALEGGQLKPRV	16,830	153	\N	2	t	\N
1002	CARA_DESVH	Q726J4	2796605	\N	carA	\N	\N	\N	\N	MRALLALEDGFVLEGRSFTGPGETGGEAIFNTGMTGYQEVLTDPSYAGQMVCMTYPLVGNYGVTREDMESGKVHVEAFIVKECCKVPSNWRSEISLPDYLKRHGVMGIEGIDTRALTRHLRIHGAMRGVISTQETDPARLVERARALPSMEGQNLVTRVAPAAPYRWDGERPQAVTLEPGGCAWVGKGPRLVVYDFGIKWNILRLLAQQGFDMLVVPPSFKAADVAAVGAQAVFLSNGPGDPATLKDEIAEIAKLAQTYPTAGICLGHQLLGHALGGRTMKLKFGHHGCNHPVKDLTTGRIEISSQNHGFCVDIDSLTDVEITHVNLNDGTLEGFAHKTKPVIAVQHHPEASPGPNDSRYFFARFRNMVREAAGC	40,745	375	\N	2	t	\N
1003	\N	Q72BS4	\N	\N	\N	\N	\N	\N	\N	\N	\N	\N	\N	2	t	\N
1004	\N	Q72F73	\N	\N	\N	\N	\N	\N	\N	\N	\N	\N	\N	2	t	\N
1005	\N	Q72BE8	\N	\N	\N	\N	\N	\N	\N	\N	\N	\N	\N	2	t	\N
1006	\N	Q72AZ7	\N	\N	\N	\N	\N	\N	\N	\N	\N	\N	\N	2	t	\N
1007	\N	Q72AZ8	\N	\N	\N	\N	\N	\N	\N	\N	\N	\N	\N	2	t	\N
1008	F16PA_DESVH	Q72AZ9	2796475	\N	fbp	\N	\N	\N	\N	MPEVTVTEHLLLHQKKSPAATGQFTTLLNDLVLSAKIISRSVTKAGLLDVLGGTGEVNVQGELVQKLDEFANRVLIYRMERSGAVCAMASEENADIIKVPEKLHRGDYVLIFDPLDGSSNIDVNINVGTIFSILRRKSPASDDVCIDDVLQPGYEQVAAGYILYGPSTMLVFSTGQGVHGFTLDPSVGEFLLSHPDMSIPERGRIYSINESYWNYWDEPTREIVSYFKGDHNERGKPYSLRYVGSLVADFHRTLLYGGIFMYPMDYRHPDKPQGKLRLMCEASPLAFLAEQAGGRAIDGSRRILDVCPGTLHERIPLFIGSARDVDKVEEIYARHRA	37,508	337	\N	2	t	\N
1009	\N	Q72AD8	\N	\N	\N	\N	\N	\N	\N	\N	\N	\N	\N	2	t	\N
1010	\N	Q72AD9	\N	\N	\N	\N	\N	\N	\N	\N	\N	\N	\N	2	t	\N
1011	\N	Q72AE2	\N	\N	\N	\N	\N	\N	\N	\N	\N	\N	\N	2	t	\N
1012	\N	Q72AE0	\N	\N	\N	\N	\N	\N	\N	\N	\N	\N	\N	2	t	\N
1014	\N	Q72EY6	\N	\N	\N	\N	\N	\N	\N	\N	\N	\N	\N	2	t	\N
1015	\N	Q72AR8	\N	\N	\N	\N	\N	\N	\N	\N	\N	\N	\N	2	t	\N
1016	SYI_DESVH	Q72AR5	2795304	\N	ileS	\N	\N	\N	\N	MSDYKKTLQLPETKFPMKANLTQREPEMLRKWEKDDAYGAMVRASGQQGTYVLHDGPPYANGNIHMGHALNKILKDIIVKSRNLQGFKAEYVPGWDCHGLPIELKVEHELGEKKRTMPAHAVRKRCRQYAEKYLDIQRKEFKRLGVFGAWDKPYVTMHPSYEAATARELGNFAAKGGLVRSKKPIYWCCSCQTALAEAEVEYHDHTSPSVHVRFPLRDPRVAEVLPGVDPAHAYIVIWTTTPWTLPDNMAVAVHPDFDYVVVRHGGDFHIVAEGLLEACLKAFKWDEHEVVARIGGRALEGLKATHPFYDRPSPIVLADYVTLESGTGCVHTAPGHGREDYETGLRYGLDIYSPLTDEGRYLDCVEFFAGMTIFEANPKVIEKLREVGNLLAEGRITHSYPHCWRCKKPVIFRATTQWFIAMERNDLRQKALDAIRDDVRWIPSWGQERIHNMIEFRPDWCISRQRMWGVPIVALLCEDCGEAWNDADWMRDIAERFAKHATGCDYWYETDLSDIVPAGLRCPKCGGDHWKKETDILDVWFDSGTSFAAVVEQREECGFPADLYLEGSDQHRGWFHSSLLASIGTRGVPPYRSVLTHGYVVDGDGRKMSKSVGNVVAPQEIIDKHGAEVLRLWVASVDYREDIRISEEILNRLVDAYRRIRNTCRYLLGNISDLTPETMVPFEAMDPLDRFALDLASRAHERIQDAYTEYEFHKVFHTLHNLCVTDLSAFYLDILKDRLYSSAADSHARRSAQTALYRILMLMVRDMAPVLSFTAEEVFGYVPAALRPDVISVFALPATDAPAFTLDTTSRAAWEKLLAVRSETTKAIEPLRKSGEVGHSLDTHVTLFADPSLKATLEGLGSDLRAMFIVSRLEVMDLADAPADAWTSEELPELKVTVRKAEGEKCERCWIISADLGTDAAHPTLCPRCTAVLTGTGA	105,978	938	\N	2	t	\N
1017	\N	Q728C0	\N	\N	\N	\N	\N	\N	\N	\N	\N	\N	\N	2	t	\N
1018	ARGJ_DESVH	P62060	2796170	\N	argJ	\N	\N	\N	\N	MSASPKGFRFATVSAGFRKEARPDLALIVSDTPATAAGVFTTNRFQAAPVVVARENLSARPVARAVVINSGQANACTGDEGMTNCRTTLDLVGKACGIPAAEVLPASTGVIGAQLHMDKWREAAPRLAAALGQNTHHDFARAIMTTDAFPKVAERELAIAGTTVRLVGMAKGAGMICPNMATMLSVVLCDAAVTPEAWQRLFLDAVDRTFNRVTVDGDTSTNDTVFGLANGASGVTVEGEDLAKLGEALTDVLARLAYMLVQDGEGATKVMRVKVSGAVDDAEAEAVARTVGHSQLVKTAMYGRDANWGRIVAAVGRSGASFKAEDVVVTLCGVELFRNGQPTDLDFDTLLREPLKGRDVTVDIELGAGTGHYELLASDLTHDYVNCNADYRS	41,361	393	\N	2	t	\N
1019	\N	Q72AS0	\N	\N	\N	\N	\N	\N	\N	\N	\N	\N	\N	2	t	\N
1020	\N	Q726S9	\N	\N	\N	\N	\N	\N	\N	\N	\N	\N	\N	2	t	\N
1021	\N	Q726T1	\N	\N	\N	\N	\N	\N	\N	\N	\N	\N	\N	2	t	\N
1022	\N	Q725V9	\N	\N	\N	\N	\N	\N	\N	\N	\N	\N	\N	2	t	\N
1023	RL18_DESVH	Q72CG4	2794386	\N	rplR	\N	\N	\N	\N	MKFTKNEARLRRKVRIRKKISGTAERPRLVVYRSNLHIYAQIVDDTTGSTLVATSTLSISRTQEGVHANKAGAELVGKEIARLAKDKDIQSVVFDRNGYLYHGRIKAVADGAREAGLEF	13,270	119	\N	2	t	\N
1024	RL6_DESVH	Q72CG5	2794385	\N	rplF	\N	\N	\N	\N	MSRIGKQPIPIPSGVEVKIGNDVVEVKGPKGALTTPVCSVLSYEVTDGKVVITRLDETRQTRAQHGLRRTLLANCIEGVSKGFSKTLEVVGVGYKVAVKGDVVDLSVGYSHPVLIDLPAGISAKAEGNKLTISGVDKELVGEVAAQMRRVRKPEPYKGKGIKYDNEQIRRKAGKSGGKK	19,133	179	\N	2	t	\N
1025	RS8_DESVH	Q72CG6	2794384	\N	rpsH	\N	\N	\N	\N	MLTDPIADMLTRIRNAHLALHKEVSVPRSKMKESLAAILKQEGYIEDVATEEGSIKLTLKYFKGKPVISGLKRVSKPGRRVYVGMHEIPKVQNGLGICILSTSRGVMDGNSAHESKVGGELLCEIW	13,871	126	\N	2	t	\N
1026	\N	Q72F29	\N	\N	\N	\N	\N	\N	\N	\N	\N	\N	\N	2	t	\N
1027	RL5_DESVH	Q72CG8	2794382	\N	rplE	\N	\N	\N	\N	MTRLENIYREKVVPVLQKEFNYDSSMQVPGIVKVSLNIGLGAASQNNKLMEEALKELTVIAGQKAVVTRAKKSIASFKLREGMPIGCRVTLRKERMWDFLDKLINFALPRVRDFRGVPDRGFDGRGNFTLGIKEHAIFPEMEADRVENPKGMNITIVTTATTDKEGKLLLDQLGMPFRK	20,212	179	\N	2	t	\N
1028	RL24_DESVH	Q72CG9	2794381	\N	rplX	\N	\N	\N	\N	MKQFRIHKDDKVMVIAGKDKGKIGKVLKILRNKDRILVEKVNVAKRHVRPNPYRQQPGGIIEKEMPLHVSNVMVVCDACAKPTKVGYRYTEDGKKVRFCKKCNEIID	12,332	107	\N	2	t	\N
1029	RL14_DESVH	Q72CH0	2794380	\N	rplN	\N	\N	\N	\N	MIQVESTLQVADNSGAKKVACIKVLGGSHRRYATVGDIIMVSVKEAMPHCKVKKGDVMQAVIVRTAKEVRRADGSYIKFDSNAAVLLNKQGEPVGTRIFGPVARELRARNFMKIVSLAPEVL	13,280	122	\N	2	t	\N
1030	RS17_DESVH	Q72CH1	2794195	\N	rpsQ	\N	\N	\N	\N	MSEATYQRKGRTLVGIVVSDKNDKTIVVRVETLVKHPLLKKYVRRRKKFTAHDPMNECGIGDKVKIIEFRPLSRNKRWHLESILEKAV	10,300	88	\N	2	t	\N
1031	RL29_DESVH	Q72CH2	2794194	\N	rpmC	\N	\N	\N	\N	MKAAELRKLTAEELKTKLVEQQQELFNLRFRHATAQLENTSSMGDARRTIARIQTILKEKE	7,114	61	\N	2	t	\N
1032	\N	Q726S8	\N	\N	\N	\N	\N	\N	\N	\N	\N	\N	\N	2	t	\N
1033	\N	Q72FS0	\N	\N	\N	\N	\N	\N	\N	\N	\N	\N	\N	2	t	\N
1034	\N	Q72FS1	\N	\N	\N	\N	\N	\N	\N	\N	\N	\N	\N	2	t	\N
1035	\N	Q728I7	\N	\N	\N	\N	\N	\N	\N	\N	\N	\N	\N	2	t	\N
1036	\N	Q727V2	\N	\N	\N	\N	\N	\N	\N	\N	\N	\N	\N	2	t	\N
1037	\N	Q72FF3	\N	\N	\N	\N	\N	\N	\N	\N	\N	\N	\N	2	t	\N
1038	\N	Q72FF2	\N	\N	\N	\N	\N	\N	\N	\N	\N	\N	\N	2	t	\N
1039	\N	Q72B13	\N	\N	\N	\N	\N	\N	\N	\N	\N	\N	\N	2	t	\N
1040	\N	Q727U8	\N	\N	\N	\N	\N	\N	\N	\N	\N	\N	\N	2	t	\N
1041	\N	Q72FE9	\N	\N	\N	\N	\N	\N	\N	\N	\N	\N	\N	2	t	\N
1042	\N	Q72FE8	\N	\N	\N	\N	\N	\N	\N	\N	\N	\N	\N	2	t	\N
1043	\N	Q727U9	\N	\N	\N	\N	\N	\N	\N	\N	\N	\N	\N	2	t	\N
1044	SYFB_DESVH	Q728S0	2795719	\N	pheT	\N	\N	\N	\N	MLLSLKWLREFVPFEGTAAELGDRLTMLGLELEEIIRPFDAIEPIVVGHVVSRERHPEADKLSVCKVDVGQGEPLDIVCGAPNVAAGQRVPVALVGTTMPGGMVIKKAKLRGQPSHGMICSERELGLGEDHDGIMVLPESFRIGARLVDELDLDREVCDIAITPNRADCLSVLGLAREVALAFGLPLTMPALDLKEEGADASNALRIDIPDASLCPLFHGRVLEGAAVRKSPAWMRYRLIAVGVRPISNIVDVTNYILMELGQPLHAYDLDLLAGGRIEVSAAREGERLTTLDGVERVLTSNDLLIRDGEKPVGLAGVMGGAETEISDKSSRVFLEAAVFRPGTIRKTARRLGLSSEASYRFERGVDQVVCTYAMNRAAQLIAGLSGATLRPGICHNEPLPWQAPVLRFRRARGEALLGISLDETFCRETLERLGCKVDAADAADWKVTAPSHRRDFEREADLIEEVARVRGMDTIEPVLPKVMRPLDRAGAPESKYSFWLRLKHWAAGLGLNEAINYSFVGQKDLDHLNLAVDGRIPIMNPLTADQNVLRTELAPGLLQNLRHNIAQGNAGLRLFEVAHIFEADATSDTTARERARLDILVYGSRYDSQWPHVEADADYADIKGIVEHCLAFLHLEGATFTLAASHPFLMPCVDVAVQGRQVGVIGRVRPEIADAYHARKDAWLADLDLDVLRELHDAARIAFRSLPVYPPVRRDITVAAPGSLQVGAVLDHILGLRLPLLCGVELIDVFEPEGKDERNLTFRMTFRHASRTLKDAEVDKERDKVAHSLVEKLPVRI	87,706	798	\N	2	t	\N
1045	\N	Q728S3	\N	\N	\N	\N	\N	\N	\N	\N	\N	\N	\N	2	t	\N
1046	\N	Q728S2	\N	\N	\N	\N	\N	\N	\N	\N	\N	\N	\N	2	t	\N
1047	\N	Q72BE4	\N	\N	\N	\N	\N	\N	\N	\N	\N	\N	\N	2	t	\N
1048	IF3_DESVH	Q728R6	2795723	\N	infC	\N	\N	\N	\N	MRRDVPQDSVRRNEQIRAREVRLIGAEGEQLGIISRNDAIALAKEKGLDLVEVAATADPPVCRVMDYGKYKYEQQKKKQEAKKRQTVVQIKEIKVRPKTDEHDYQTKLKHVRRFLEEGDRCKVTVFFRGREIVHKDRGLTILDRFVEDTKDLAKLDQEARAEGRTLQMMLAPIPKK	20,497	176	\N	2	t	\N
1049	SYFA_DESVH	Q728R9	2795720	\N	pheS	\N	\N	\N	\N	MDLLKELESLVPELERGLGQASSLQELEEQRIAFLGRKGRLAQVMAHLPELAPAERPRVGQAANTVKQALTELFEQRKVVLEQAKEAAALSRFDPSLPGRMPWRGSLHPVTLVMEEICSVFGALGYDIVTGPEVENDYHNFEALNMPPEHPARDMQDTLYITESILMRTHTSPLQVRTMKSLRPPVAAIAPGKVYRRDSDITHTPMFHQIEGFMVDHNVSMAELRGTLTSFLRTVFGGDTRVRFRPSFFPFTEPSAEVDISCCICGGKGHVGNEPCRVCKTTGWVEILGCGMIDPEVFKSVGYDPEVYTGFAFGLGVERVAMLKYGIGDLRMFFENDVRFLSQFA	38,526	345	\N	2	t	\N
1050	RL20_DESVH	Q728R8	2795721	\N	rplT	\N	\N	\N	\N	MRVKRGLAAHRRHKKYLDMAKGYRGGRSRLYRTAREAVERSLCYAFRDRKVKKREFRKLWILRINAAARLNGLSYSKFMHGLTLAGVELNRKVLADLAVREKDDFAKIAELAKSKLN	13,664	117	\N	2	t	\N
1051	SYT_DESVH	Q728R5	2795724	\N	thrS	\N	\N	\N	\N	MNVSIEGQMLEVASGASCGDALKGALSGKKFKNVLACRLDGGLVDITATVPDGTTTIEPVYADSPEGLDLIRHSTAHIMACAVKRLFPAAKVTIGPSIDNGFYYDFDAERPFSPEDFEAIEREMQKIVDAATPFERSEMPRDEAVALFEGMGETYKVEIIRDLPNDTVSLYRCGEFVDLCRGPHIPHAGFAKAFKLMSVAGAYWRGDEKNPMLSRIYGTAFADAKTLKEHLHRIEEAKRRDHRKLGQQLDLFAFHEDVAPGMVFWHPKGMLVRTIIEDFLRKEHLKRRYDIVQGPQLLRRELWEKSGHYDNYRENMYFTEIDENAYGVKPMNCLAHMLIYRSAIRSYRDLPKRFFELGVVHRHEKSGVLHGLLRVRQFTQDDAHIICRPDQLEDEIIDVIALVRDLMNLFGFDYKVAVSTRPEKSIGSDEAWELATNALVKAVERAGIPYTINEGDGAFYGPKIDVRLMDCIGREWQCSTIQCDFTLPERFDLVYVGQDGERHRPVMVHRAILGSLERFIGVLIEQYAGAFPAWLAPVQARLLTVTDAQNEFVESARAALAKAGIRVEADVRNEKLGYKVREAQLEKIPYILVVGDKEVEAGGVNVRLRTGENLGLKSLDEVVSLLESDCQEPFKRGGMSYSFS	72,664	644	\N	2	t	\N
1052	\N	Q729B3	\N	\N	\N	\N	\N	\N	\N	\N	\N	\N	\N	2	t	\N
1053	\N	Q726E6	\N	\N	\N	\N	\N	\N	\N	\N	\N	\N	\N	2	t	\N
1054	\N	Q726E7	\N	\N	\N	\N	\N	\N	\N	\N	\N	\N	\N	2	t	\N
1055	PURA_DESVH	Q725K9	2796202	\N	purA	\N	\N	\N	\N	MSNVVVMGAQWGDEGKGKIVDLLTRESDVIVRFQGGNNAGHTVLVGEKQYILHLIPSGILHEGKKCLIGNGVVLDPEVFCREIDSLRAQGVDMSPARLMISRKTHLIMPYHKVLDQAREAHKCKDAKIGTTGRGIGPCYEDKSARIGVRAADLAMPELLRSKIEAALVEKNALFTGLYGQQPLDADAVFEEVMAHGAKLVPYLADVSSEIHDAWAEGRSVLFEGAQGTHLDIDHGTYPFVTSSNTVSGNAAAGSGVPPTKLDRIIAIVKAYTTRVGAGPFPTELDDATGEYLQQKGHEFGATTGRKRRCGWLDAVVLRESVRLNGPTDIALTKLDVLSGLKEISICTAYIYRGEQVAYPPQEQNGMAHVTPVYETIPGWDDDITGCTTWESLPAPVKAYVLRIEEITGVRISLVSVGPERDQTIRR	46,281	426	\N	2	t	\N
1056	\N	Q729X4	\N	\N	\N	\N	\N	\N	\N	\N	\N	\N	\N	2	t	\N
1057	\N	Q729C1	\N	\N	\N	\N	\N	\N	\N	\N	\N	\N	\N	2	t	\N
1058	\N	Q72E91	\N	\N	\N	\N	\N	\N	\N	\N	\N	\N	\N	2	t	\N
1059	\N	Q72ER8	\N	\N	\N	\N	\N	\N	\N	\N	\N	\N	\N	2	t	\N
1060	\N	Q72ER9	\N	\N	\N	\N	\N	\N	\N	\N	\N	\N	\N	2	t	\N
1061	PNP_DESVH	Q72ER6	2796763	\N	pnp	\N	\N	\N	\N	MTNIFNAMRVTATVGGKEIVFETGRLANQADGAVWIQCGGTVVLVTACSQATDRDLGFFPLTVEYSEKMYAAGRIPGSFFRREIGRPSERETLVSRLIDRPIRPLFPKGLKDEVQVLANVISSDQNNDSDVLAVTGASTALGLSSIPFDGPVAGARIGRIDGQFVINPTIKEMERSDLNIVLAASRDAVVMVEGEASFVPEAVIVEALEWGHKEIQPLIDAQLKLREMAGKAKREFTAPVEDADLAARVAALATADLDVALRIPEKMARKDARKAVKEKVMEALVADPAYAEDTTPLRAVGDILSALEKRIVRERIVREGRRIDGRDTTTVRPILIEAGILPRAHGSALFARGETKSLVVATLGSSTDEQRMDSLTGDVTKRFMLHYNFAPYCVGEVKPVRVSRREIGHGALAEKALRPILPLGEDFPFTLRVVAETMESNGSSSMAAVCGGCLSLMDAGVPITAPVAGVAMGLIKEGDQYVVLTDILGDEDALGDMDFKIAGTSEGITAVQMDIKVKGLPTDVMARAMQQARDARLHILGEMGKVLEAPRAELSAYAPQHAEVFVNPDIIRIIIGPGGKNIKAITATTGASIDIEDSGRVSIFAPTLEAMEMAREMVQYYDQRADIGKNYTGKVRKVLEIGAIVEILPNLEALVHISQLDTNRVEQASDVARLGEDMVVKVIEINGDRIRASRKAVLLEEQGIEWKPEDTARPSGPREGGRRDGGRDGRRDGGRDGRRDGGRDGGRRDGGRRDGGRDRN	82,199	760	\N	2	t	\N
1062	RS15_DESVH	Q72ER5	2796764	\N	rpsO	\N	\N	\N	\N	MVMDIEAKKAVIDAHAKHEGDTGSPEVQVALLTARIEQLTGHFKVHKKDYHSRTGLLKLVGQRRKLLNYLKKKDVQRYRALIEKLGLRK	10,230	89	\N	2	t	\N
1063	\N	Q72CY7	\N	\N	\N	\N	\N	\N	\N	\N	\N	\N	\N	2	t	\N
1064	IF2_DESVH	Q72ER1	2793568	\N	infB	\N	\N	\N	\N	MTENKTKVKDLAAELGVTTKELGQVLKDMNISAKTSTSVIAQEDLPRIKERVQAQRDGGARKEGNPDVIVRRRHRDGDRASARAEAKAPEQEATAAMPETSAPERAEEADKPAVAKPAKAPETEAHARARKEPQAEPVKARIIRRPDEPAPVAKVVEAAPAETPAPEAPAVKATVTAEAAPAKTVEPESERPQADKPATARVVRPATPDASAVPDGTSSAPTLPVRSAEPSDTVERADADADGDDDDAQQRRRKKKRRQPEAVVPQVRVISRPDPAAVAQQQMQQQAAQQQREAGGYRPGGQRPEGGYRPEGQREGGYRPEGQREGGYRPGGAPRPEGGYRPGGPRPEGGYRPGAPRPEGGYRPAGGPRPEGQREGGYRPGAPRPEGGYRPAGGAPRPEGQREGGYRPAGGPPRPGGAPRPGGFGGAPGGMPVPGADGRGDQSKKKRQKGRRTVDFQADGPRGRSDDDVMRGPRGRGKRGKKDVRPAATQPLKAVKRKIKVDEAIRVADMAHQMGLKANEIIKVLFGLGVMATINQSLDIDTATVVAGEFGYEVEKVGFSEDDYLVPKEEDAPETLVTRPPVVTIMGHVDHGKTSLLDAIRKSNVTAGEAGGITQHIGAYHVTTKKGEIVFLDTPGHEAFTAMRARGAQITDLVVLVVAADDGVMEQTREAVNHSKAAGVPIMVAVNKMDKEGANPDRVIRELSELGLVAEDWGGDTIFAKVSAKTREGLDELLELIAIQAEILELKANPDKAARGHVVEAKLDKGRGPLATVLVQEGTLRQGDAFVCGVFAGRVRAMFDDQGRKVKEAGPSTPVEVQGFDGVVEAGEEFVSVADDKVARRIAESRAVKQRERELAKESKVTLETFLSRRADAAEALTLNLVLKADVQGTLEAISEAVRKLSTEKVKINIIHGGAGAITESDILLASASDAIIIGFNVRPTSKVKDIAEQENVDIRFYDIIYKLVDEIKSAMAGMLAPVQREVYLGQAEVRETFSVPKIGVIAGCHVADGKVTRNAGVRLLRDGVVVYTGKITSLKRFKDDVRDVQKGYECGMGLENFNDIKVGDVIEAFEMVEEAATL	115,406	1079	\N	2	t	\N
1065	SYDND_DESVH	Q725Q7	2795681	\N	aspS	\N	\N	\N	\N	MSDQIADIQLEHQQYVAPLGDWQRTHSCCELTAADVGNDVCIMGWVQYRRDHGGLIFVDLRDRKGLTQVVFSPDFAPEAHKDAHIVRSEYVLAIRGRVRPRPEGMTNPGMKTGEIEVVVSEWKLLNTSKTPPFLIEDRTEASENLRLAWRYLDLRRPRMARNFMLRHRAAQSARRYLDELDFLEIETPYLTKATPEGARDFLVPSRLNHGMFYALPQSPQIFKQLLMVSGMDRYYQIVRCFRDEDMRADRQLEFTQIDIEMSFVDEERVMSMAEGLMSRVMKDTLGVDVTVPFPRMTYDQAMGEYGVDKPDTRFDLRLKDVTDAVRGSEFKLFAKAPLVKAMRVPGGETMTRKEIDEFTEFVKIYGAQGLAWIKIREGEWQSPIAKFLSEAERAALVAALGLEVGDIVFFQAGEPGMVNAALGNLRVKLGQHLGLIPEDTYNFLWVTDFPLFEYDEEEKRYVACHHPFTSPKDGHFDLMTSDPAAARARAYDMVLNGYELGGGSIRIHSAEVQRRMFAALGLDPQEAEEKFGFLIQALEHGAPPHGGIAFGMDRLVMLLTGSPSIRDVIAFPKTQKATCLMTQAPDAVSARQLRDLGIRLRETPQEQKPE	69,282	610	\N	2	t	\N
1066	\N	Q72CQ5	\N	\N	\N	\N	\N	\N	\N	\N	\N	\N	\N	2	t	\N
1067	\N	Q72FA2	\N	\N	\N	\N	\N	\N	\N	\N	\N	\N	\N	2	t	\N
1068	\N	Q72CR0	\N	\N	\N	\N	\N	\N	\N	\N	\N	\N	\N	2	t	\N
1069	\N	Q72CR1	\N	\N	\N	\N	\N	\N	\N	\N	\N	\N	\N	2	t	\N
1070	\N	Q72F95	\N	\N	\N	\N	\N	\N	\N	\N	\N	\N	\N	2	t	\N
1071	\N	Q72A47	\N	\N	\N	\N	\N	\N	\N	\N	\N	\N	\N	2	t	\N
1072	\N	Q729N2	\N	\N	\N	\N	\N	\N	\N	\N	\N	\N	\N	2	t	\N
1073	\N	Q72ED6	\N	\N	\N	\N	\N	\N	\N	\N	\N	\N	\N	2	t	\N
1074	\N	Q72E12	\N	\N	\N	\N	\N	\N	\N	\N	\N	\N	\N	2	t	\N
1075	\N	Q729W9	\N	\N	\N	\N	\N	\N	\N	\N	\N	\N	\N	2	t	\N
1076	\N	Q728R3	\N	\N	\N	\N	\N	\N	\N	\N	\N	\N	\N	2	t	\N
1077	\N	Q729X1	\N	\N	\N	\N	\N	\N	\N	\N	\N	\N	\N	2	t	\N
1078	\N	Q729X0	\N	\N	\N	\N	\N	\N	\N	\N	\N	\N	\N	2	t	\N
1079	TGT_DESVH	Q72E53	2794131	\N	tgt	\N	\N	\N	\N	MTTPGTFEIHATDGAARTGCLHTAHGIVRTPIFMPVGTVGSVKAIAPDDLEAIGAEIILGNTYHLYLRPGDELVARRGGLHEFNAWRKPILTDSGGFQVFSLSGLRRIAEEGVEFRSHLDGSKHLFTPEKVVSIQRNLNSDIMMVLDECVPYGADRTYTEKSVGLTTRWAKRCRDAYPKGAAGNLLFGITQGGFFKDLRTRSIGALTDIDFDGFALGGLSVGEPKAEMMDLLYHSAPLLPADKPRYLMGVGTPLDIINGIAAGVDMFDCVLPTRNARNGTLYTSLGKLNIKRREFAEDDGPLDPACSCYTCRTFSRAYLRHLYTAKELLAFRLNSIHNLTYFLDLVRGARAAIAAGRFAEYKRSFEAIYPEEVVA	41,191	375	\N	2	t	\N
1080	\N	Q72E58	\N	\N	\N	\N	\N	\N	\N	\N	\N	\N	\N	2	t	\N
1081	\N	Q72AS8	\N	\N	\N	\N	\N	\N	\N	\N	\N	\N	\N	2	t	\N
1082	PURT_DESVH	Q72E56	2794128	\N	purT	\N	\N	\N	\N	MASIGTPLTPTATRILLLGSGELGREVALEAMRLGVEVVAVDRYPNAPAMQVAHRSHVVSMLDGAALRAIIEAEKPYCIVPEIEAIATGTLLELEQEGYRVVPTARAARLTMDREGIRRLAAEELGLPTSPYRFASTEEEYRAAIETVGLPCVVKPVMSSSGKGQSLVRTPADIDSAWAYAQTGGRAGAGRVIVEGFVDFDYEITLLTVRHAGGVTFCDPIGHLQKDGDYRESWQPQPMDAVALEKARAMADAVTGALGGWGIFGVELFVRGDEVWFSEVSPRPHDTGLVTLISQNMSEFALHVRAILGLPVPLLRQNGPAASCVILAEGDSEAPRFHGVDAALAEQDTALCLFGKPEVHGRRRMGVALALGDDIDAARAKARRAAGSVTVEL	41,958	393	\N	2	t	\N
1083	\N	Q72E57	\N	\N	\N	\N	\N	\N	\N	\N	\N	\N	\N	2	t	\N
1084	\N	Q72BG8	\N	\N	\N	\N	\N	\N	\N	\N	\N	\N	\N	2	t	\N
1085	\N	Q727T3	\N	\N	\N	\N	\N	\N	\N	\N	\N	\N	\N	2	t	\N
1086	LEU3_DESVH	Q726X1	2796299	\N	leuB	\N	\N	\N	\N	MHMNICLLPGDGIGPEIVAQGTKVLDAVARRFGHTVSTSSALIGGAAIDATGSPLPDATVEACRTSDAVLLGAVGGPKWDDLPSEKRPEKGLLGIRKALGLFANLRPAALFPELAGACLLRADIAAAGLDLVVVRELTGDVYFGQPAGIETRDGLRTGFNTMIYDEDEVRRIARVAFDTARARKRRVCSVDKANVLATSRLWREVVEEVARDYPDVELSHMYVDNAAMQLVRWPAQFDVIVTGNLFGDILSDEAAVITGSIGMLPSASMGSGGPALFEPIHGSAPDIAGQDKANPIATILSVGMMLRLGFGLAAEADAIDAAVRRVLAEGYRTGDIMENGRTLVGTVSMGNLIAERI	37,692	357	\N	2	t	\N
1087	LEUD_DESVH	Q726X3	2796297	\N	leuD	\N	\N	\N	\N	MRYAGTAHKVGDHIDTDAIIPARFLVTTDAQKLGENCMEGLEHGWVARVKSGDIMVGGRNFGCGSSREHAPIAILGAGMPVVVAHSFARIFYRNGFNMGLLLLEVGDDVDKIADGDDIEVDAASGVITNRTTGATITCAPVPQSMRELLDTGGLVPYVRARLERENG	17,810	167	\N	2	t	\N
1088	LEUC_DESVH	Q726X4	2796296	\N	leuC	\N	\N	\N	\N	MAHTLAQKILQRHTDEAITDAGQIVRCRVSMVLANDITAPLAIKSFRAMGAKRVFDKDRVALVMDHFTPQKDIEAAQQVKLTREFAREMGVTHYYEGGDCGVEHALLPELGLVGPGDVVVGADSHTCTYGGLGAFATGLGSTDVAGAMALGETWFKVPPTIRATFTGTLPAYVGAKDLILTLIGAIGVDGALYRALEFDGAAIEALDVEGRMTMANMAIEAGGKAGLFAADAKTLTYCTTAGRTGDTAFSADAGAVYERELSFDVTGMTPVVACPHLPDNVKPVSEVKDVTVQQVVIGSCTNGRIGDLREAAAVLRGRKVSRDVRCIVLPATPGIWRQALREGLIETFMEAGCIVGPATCGPCLGGHMGILADGERAIATTNRNFKGRMGSLESEVYLSGPATAAASAVTGVITDPSTL	43,834	419	\N	2	t	\N
1089	\N	Q726X5	\N	\N	\N	\N	\N	\N	\N	\N	\N	\N	\N	2	t	\N
1090	\N	Q72CZ7	\N	\N	\N	\N	\N	\N	\N	\N	\N	\N	\N	2	t	\N
1091	\N	Q72D90	\N	\N	\N	\N	\N	\N	\N	\N	\N	\N	\N	2	t	\N
1092	\N	Q726A2	\N	\N	\N	\N	\N	\N	\N	\N	\N	\N	\N	2	t	\N
1093	\N	Q725Y1	\N	\N	\N	\N	\N	\N	\N	\N	\N	\N	\N	2	t	\N
1094	\N	Q725Y0	\N	\N	\N	\N	\N	\N	\N	\N	\N	\N	\N	2	t	\N
1095	\N	Q72D99	\N	\N	\N	\N	\N	\N	\N	\N	\N	\N	\N	2	t	\N
1096	\N	Q726L0	\N	\N	\N	\N	\N	\N	\N	\N	\N	\N	\N	2	t	\N
1097	RUBY_DESVH	P24931	2795966	\N	rbr	\N	\N	\N	\N	MKSLKGSRTEKNILTAFAGESQARNRYNYFGGQAKKDGFVQISDIFAETADQEREHAKRLFKFLEGGDLEIVAAFPAGIIADTHANLIASAAGEHHEYTEMYPSFARIAREEGYEEIARVFASIAVAEEFHEKRFLDFARNIKEGRVFLREQATKWRCRNCGYVHEGTGAPELCPACAHPKAHFELLGINW	21,544	191	\N	2	t	\N
1098	\N	Q72FQ2	\N	\N	\N	\N	\N	\N	\N	\N	\N	\N	\N	2	t	\N
1099	\N	Q726K8	\N	\N	\N	\N	\N	\N	\N	\N	\N	\N	\N	2	t	\N
1100	\N	Q72DG3	\N	\N	\N	\N	\N	\N	\N	\N	\N	\N	\N	2	t	\N
1101	\N	Q72DG5	\N	\N	\N	\N	\N	\N	\N	\N	\N	\N	\N	2	t	\N
1102	QUEF_DESVH	Q72DG6	2794466	\N	queF	\N	\N	\N	\N	MTTRSTDQTEHLRALGQKTPYPAAGPSTDLLEAFPNRFPDRPYIVSIAFPEFTSLCPVTGQPDFATIVVEYIPDQFCVESKSFKVYMFAFRDHQSFMETITNTILDDMTTKLQPLWCRVKGLFTPRGGTQLHVFAERFKEVEPARAQALRDMVSEWKRENNRHGA	18,924	165	\N	2	t	\N
1103	\N	Q72DG8	\N	\N	\N	\N	\N	\N	\N	\N	\N	\N	\N	2	t	\N
1104	\N	Q726S5	\N	\N	\N	\N	\N	\N	\N	\N	\N	\N	\N	2	t	\N
1105	RECA_DESVH	P62214	2794069	\N	recA	\N	\N	\N	\N	MAKKPSLSPEEMRREALETALSTIERKYGLGAVMKLSDEAHVAIPVIPTGSIGLDLALGVGGVPRGRVTEIYGPESSGKTTLTLHIIAEAQKRGGTAAFIDAEHALDVAYARRLGVNTEELLISQPDFGEQALDIADMLVRSAAVDLVVIDSVAALIPQAELEGSMGDTQVGGQARLMSHALRKLTGTIHKSRTAVIFINQIRMKIGTMGYGSPETTTGGNALKFYSSVRMDIRKIQTLKDKEEVYGSRTRVKIVKNKVAPPFREALFDILYGTGISRTGEIIDLGSDAGIIDKSGSWFAFGSERLGQGKENVRALLEENAPLREAIEAKLIEHLGMTPTKFASSGEEPANDEENDL	38,431	357	\N	2	t	\N
1106	\N	Q72G28	\N	\N	\N	\N	\N	\N	\N	\N	\N	\N	\N	2	t	\N
1107	\N	Q72G27	\N	\N	\N	\N	\N	\N	\N	\N	\N	\N	\N	2	t	\N
1108	\N	Q72BQ2	\N	\N	\N	\N	\N	\N	\N	\N	\N	\N	\N	2	t	\N
1109	RF1_DESVH	Q727E1	2794055	\N	prfA	\N	\N	\N	\N	MFAKLENLELKFEDLEQQLSSAEVFNDQDRYRKLTKAHADLKQVVDAFRRYKEMKQNLADNKELLGDSDHEIRAMAHEEIKAIEAALPDIEQELKILLLPRDPMDDKNILLEIRAGTGGEEASLFAADLFRMYTRYAEIMGWKVEVLSASDSDTGGYKEIIALIAGDKVYSRLKYESGTHRVQRVPATEAQGRIHTSAATVAVMPEAEEVDVDIRPDDLRIDVYRASGAGGQHVNKTESAVRITHLPTGIVVACQDEKSQHKNKAKAMKVLISRVLQAEQERAHSVIADARRALVGSGDRSERIRTYNYPQSRITDHRINLTLYSLDKVMEGELAPLVDALVTHAQTEALKAQADAS	39,977	357	\N	2	t	\N
1110	RL31_DESVH	Q727E3	2794053	\N	rpmE	\N	\N	\N	\N	MKDNIHPTVYKATMNCACGYQAEVLSTKGENVHVEICSNCHPFYTGKQRLIDTAGRIDRFRKKYAKFGEEK	8,142	71	\N	2	t	\N
1111	\N	Q72BL8	\N	\N	\N	\N	\N	\N	\N	\N	\N	\N	\N	2	t	\N
1112	\N	Q729P1	\N	\N	\N	\N	\N	\N	\N	\N	\N	\N	\N	2	t	\N
1113	\N	Q72EF4	\N	\N	\N	\N	\N	\N	\N	\N	\N	\N	\N	2	t	\N
1114	\N	Q72F19	\N	\N	\N	\N	\N	\N	\N	\N	\N	\N	\N	2	t	\N
1115	\N	Q72EF3	\N	\N	\N	\N	\N	\N	\N	\N	\N	\N	\N	2	t	\N
1116	\N	Q72AN0	\N	\N	\N	\N	\N	\N	\N	\N	\N	\N	\N	2	t	\N
1117	\N	Q72BM0	\N	\N	\N	\N	\N	\N	\N	\N	\N	\N	\N	2	t	\N
1118	\N	Q72DR4	\N	\N	\N	\N	\N	\N	\N	\N	\N	\N	\N	2	t	\N
1119	EFG_DESVH	Q72CI3	2795188	\N	fusA	\N	\N	\N	\N	MARVVPIDMQRNIGIMAHIDAGKTTTTERILFYTGVSHKIGEVHDGAATMDWMEQEQERGITITSAATTCFWREHRVNIIDTPGHVDFTIEVERSLRVLDGAVCVFDAVAGVEPQSETVWRQADRYGVPRICFVNKMDRIGASFERCVGMIRDRLRAKPIPVQLPIGAEDRFEGVIDLITGKAVTFDKASKGQTFNVGDVPAEYRDQYDAMRFEMIEAVAEEDEALMEKYLGGEELTVEEIISCVRKATIARNIVPVLCGSAFRNMGVQPLLDAVVDFLPSPVDIEQMKGVNPDKEEETIVCPCDDKEPLAALVFKLFSDPYIGHLSFCRIYSGFIESGMTVLNANTGKRERVGRLLKMHANKREEIKWAGAGDIVALVGLKLASTGDTICDEKRPVVLESLDIPEPVIEVAIEPKTKADRDALSAALAKLAKEDPSFRVKGDDETNQTLIAGMGELHLEIIVDRLTREFSVNANVGKPQVAYRETITKPGKADTKHVKQSGGRGQYGHAVIEIEPNPGKGYEFVNSITGGVIPKEYIAPIDKGIQDALKSGILSGFPTVDIKVNLVFGSYHDVDSSEQAFYVTGSMAIKEAIAKSGPVLLEPIMDVEVVTPDEYLGDVMGDLNGRRGKVQSMEARVGAQSIRAQVPLSEMFGYATDLRSKTQGRATFSMQFHHYERVPAALAEELVKKKG	76,010	691	\N	2	t	\N
1120	\N	Q729P0	\N	\N	\N	\N	\N	\N	\N	\N	\N	\N	\N	2	t	\N
1121	\N	Q728F6	\N	\N	\N	\N	\N	\N	\N	\N	\N	\N	\N	2	t	\N
1122	\N	Q728G3	\N	\N	\N	\N	\N	\N	\N	\N	\N	\N	\N	2	t	\N
1123	\N	Q729N3	\N	\N	\N	\N	\N	\N	\N	\N	\N	\N	\N	2	t	\N
1124	HTPG_DESVH	Q728G0	2795699	\N	htpG	\N	\N	\N	\N	MATAPASHAFRTEVRKMLHIITHSLYTNREIFLRELVSNASDALDKLRFIRSRGDAVVAPDLAPGIDISVDKEARILTIADTGVGMTRQELMDNLGTIARSGSEQFVADLAAAENAKDADAASIIGRFGVGFYAVFMVADRVEVTSRSYIEGEAAHTWTSDGLGEFTVEEATGDIPQRGTVIKAHLREDAAEFLEKYRIEGILRKHSQFISFPIRVDGEQVNTTPALWREPKFSITDEQYADFYKHLTFDTEAPLRTLHVSVDAPVQFTGLVFVPPHGQEVFSMGRDRWGLDLYVRRVLIQRENKDLLPEYLGFLKGIVDTEDLPLNISRETLQENVVVRKIGQTLTKQVLADLARLAADDAEAYATFWRQHGKVFKLGYSDYANREKFAPLLRFNSSHHDDAQGLTSLDDYISRAREGQKEIWYIAAPGREAARLDPRVEVFRRKGLEVLYLLEPIDEFVLETLDSYSDFSFKAVEHADGEKLAQFEDTGPARDVTPLTEDEDAAFARLIERMKALLGDAVEDVRISHRLADSPACLVQPGGASTSSMDRLLRVLHKDESVPRKVFEVNRDHPILRNLLKVFTSDASDPLVEDTTRQLFATSLMLDGYLKDPHELAAMMHRLMEKSGDWYKAVRGL	71,660	637	\N	2	t	\N
1125	\N	Q72EF0	\N	\N	\N	\N	\N	\N	\N	\N	\N	\N	\N	2	t	\N
1126	RS12_DESVH	Q72CI5	2795186	\N	rpsL	\N	\N	\N	\N	MPTINQLIRKERKKVVKRKKTPALQACPQRRGVCTRVYTTTPKKPNSALRKVARVRLTNGLEVTAYIPGEGHNLQEHSVVMIRGGRVKDLPGVRYHIVRGTLDTSGVQDRRQGRSKYGAKRPK	13,909	123	\N	2	t	\N
1127	RS7_DESVH	Q72CI4	2795187	\N	rpsG	\N	\N	\N	\N	MPRKGPVPRREILPDPLYNSRLVARFINRLMYDGKKGAAEKIFYSALDTLAQKTGEEPLKAFEKAIENVKPHLEVKARRVGGATYQVPMEVRPDRQVSLSLRWLIAYSRSRGEKGMVSKLSAELLDAFNNRGGAVKKKEDTHRMAEANKAFAHYRW	17,799	156	\N	2	t	\N
1128	\N	Q72F23	\N	\N	\N	\N	\N	\N	\N	\N	\N	\N	\N	2	t	\N
1129	\N	Q72CJ3	\N	\N	\N	\N	\N	\N	\N	\N	\N	\N	\N	2	t	\N
1130	\N	Q72B78	\N	\N	\N	\N	\N	\N	\N	\N	\N	\N	\N	2	t	\N
1131	\N	Q72CI8	\N	\N	\N	\N	\N	\N	\N	\N	\N	\N	\N	2	t	\N
1132	\N	Q72BP0	\N	\N	\N	\N	\N	\N	\N	\N	\N	\N	\N	2	t	\N
1133	\N	Q72FV6	\N	\N	\N	\N	\N	\N	\N	\N	\N	\N	\N	2	t	\N
1134	CHEB1_DESVH	P62636	2795951	\N	cheB1	\N	\N	\N	\N	MARPCRVLIVDDSALVRQTLADLLSADPGIEVVGTASDPFVAAKRMEAVVPDVILLDIEMPRMDGLTFLRKIMTQHPLPVVICSSVTEQGAEATFKAMEYGAVEVITKPRLGTKRFLEESSIRICDAVKAAARARLHRLGHRTRDVAPKLTADAMLPGPTNFTRVQTTEKVVVVGASTGGTEALQVFLEAMPPDAPPIAIVQHMPEHFTGAFSRRLDGICRIRVREAEDGDIMARGQALIAPGSSHMLLKRNGSRYTVEVKDGPLVRRHRPSVDVLFRSAARYAGANAVAAILTGMGDDGAAGMKELHDMGAHTIAQDEATCIVFGMPHEAIRLGGVDRVLPLDAIAPAVLKACAGS	38,232	357	\N	2	t	\N
1135	\N	Q72C26	\N	\N	\N	\N	\N	\N	\N	\N	\N	\N	\N	2	t	\N
1136	TILS_DESVH	Q72C25	2794877	\N	tilS	\N	\N	\N	\N	MERTIKGVCDGENGEGVRNCHCVVALSGGADSTALLLILHYLRQRLGLSLSALHVDHGLRPESAAEARAAVTFCHALGIPLAVHTLTVDELAAVWRVGTEEAGRKARYDLLAAALPSPAADWICTGHHLGDLAEDVLMRLVRGCGWPALGGMRLCDPARRILRPLLLTEKDRLEAFLATLGVSWTEDPSNASDTYLRNRMRHGVIPLLTAENPGFLDQVRDLWQLAHIDADFWETRTAATLSAAPASPSHVEGEASAPHDAAHGAESIRLPKTTLTGLHQAERLRLFKEVLRRMGEGQARAETLLALDAAWVAGRGGTRFMFAGCKTATVRRGDIIFSGGPPAEDTP	37,410	347	\N	2	t	\N
1137	\N	Q72BP1	\N	\N	\N	\N	\N	\N	\N	\N	\N	\N	\N	2	t	\N
1138	\N	Q72BP2	\N	\N	\N	\N	\N	\N	\N	\N	\N	\N	\N	2	t	\N
1139	\N	Q726P4	\N	\N	\N	\N	\N	\N	\N	\N	\N	\N	\N	2	t	\N
1140	\N	Q726P5	\N	\N	\N	\N	\N	\N	\N	\N	\N	\N	\N	2	t	\N
1141	\N	Q72C27	\N	\N	\N	\N	\N	\N	\N	\N	\N	\N	\N	2	t	\N
1142	\N	Q726G0	\N	\N	\N	\N	\N	\N	\N	\N	\N	\N	\N	2	t	\N
1143	\N	Q72BN7	\N	\N	\N	\N	\N	\N	\N	\N	\N	\N	\N	2	t	\N
1144	\N	Q726P1	\N	\N	\N	\N	\N	\N	\N	\N	\N	\N	\N	2	t	\N
1145	\N	Q72C31	\N	\N	\N	\N	\N	\N	\N	\N	\N	\N	\N	2	t	\N
1146	RS21_DESVH	Q72B46	\N	\N	rpsU	\N	\N	\N	\N	MISLPGVYLNEDDYNFDIALRRFKKQVEKAGILSEMKKRQHYEKPSVMRKKKKAAARKRLLKKIRKMNMA	8,368	70	\N	2	t	\N
1147	\N	Q72B47	\N	\N	\N	\N	\N	\N	\N	\N	\N	\N	\N	2	t	\N
1148	\N	Q72FQ5	\N	\N	\N	\N	\N	\N	\N	\N	\N	\N	\N	2	t	\N
1149	\N	Q72B43	\N	\N	\N	\N	\N	\N	\N	\N	\N	\N	\N	2	t	\N
1150	\N	Q72B39	\N	\N	\N	\N	\N	\N	\N	\N	\N	\N	\N	2	t	\N
1151	\N	Q72AP1	\N	\N	\N	\N	\N	\N	\N	\N	\N	\N	\N	2	t	\N
1152	SIR_DESVH	Q05805	2795952	\N	\N	\N	\N	\N	\N	MSDEPKGAILQRDKLTYAIVPRTPCGLLTPDVLDAVSRVCRKYEVPIIKITSGQRLALVGMKKEAVEPMWEELRLDVGRAVELCVHYVQACPGTAVCRFGLQDSLGIGVAIEEEYVGHDFPAKVKFGISGCPFCCGESYLRDVGLVGTKKGWTLIVGGNSGGHPRIGDVLAEELSTDEAKGLIRKFMEFYRDNSGKRLRVSKFVEKTGIEAIRQAVLG	23,845	218	\N	2	t	\N
1153	\N	Q72CU7	\N	\N	\N	\N	\N	\N	\N	\N	\N	\N	\N	2	t	\N
1154	\N	Q728J5	\N	\N	\N	\N	\N	\N	\N	\N	\N	\N	\N	2	t	\N
1155	\N	Q72EN0	\N	\N	\N	\N	\N	\N	\N	\N	\N	\N	\N	2	t	\N
1156	\N	Q72B21	\N	\N	\N	\N	\N	\N	\N	\N	\N	\N	\N	2	t	\N
1157	GRPE_DESVH	Q72DW7	2796535	\N	grpE	\N	\N	\N	\N	MSRDTTTPDDAAAFEAAATTSGTATSAGENIPGDLLPLCREHICPVCPEKAQADEQRLRALADLENTKKRLQREKDEQVRYAAETVLADLLPTLDNLDLALQYGQGSAECRNMLVGVEMTRKLLLEALGRHGLEAVGEAGEPFTPELHEAMSHEDRGDMPADHVATVMMKGYRLKERLLRPAKVTVSRTPG	20,850	191	\N	2	t	\N
1158	\N	Q72CV3	\N	\N	\N	\N	\N	\N	\N	\N	\N	\N	\N	2	t	\N
1159	FABZ_DESVH	P61452	2796527	\N	fabZ	\N	\N	\N	\N	MIDPAQSILDIRQILGLLPHRYPFLLVDRVVEYVPGDYIKAYKNVTMNEPFFQGHFPGVPVMPGVLIMEALAQAGGILVVKSTDTAVEDKLFLFTGIESVRFRKPVYPGDKLELHCRLLKHKLKLWKMEGRAYVDGKLAAEAVMTAAVTNREDM	17,343	154	\N	2	t	\N
1160	\N	Q729I3	\N	\N	\N	\N	\N	\N	\N	\N	\N	\N	\N	2	t	\N
1161	\N	Q726G8	\N	\N	\N	\N	\N	\N	\N	\N	\N	\N	\N	2	t	\N
1162	\N	Q72B22	\N	\N	\N	\N	\N	\N	\N	\N	\N	\N	\N	2	t	\N
1163	CY553_DESVH	P04032	2796646	\N	cyf	\N	\N	\N	\N	MKRVLLLSSLCAALSFGLAVSGVAADGAALYKSCIGCHGADGSKAAMGSAKPVKGQGAEELYKKMKGYADGSYGGERKAMMTNAVKKYSDEELKALADYMSKL	10,692	103	\N	2	t	\N
1164	\N	Q72DW0	\N	\N	\N	\N	\N	\N	\N	\N	\N	\N	\N	2	t	\N
1165	\N	Q72FW3	\N	\N	\N	\N	\N	\N	\N	\N	\N	\N	\N	2	t	\N
1166	\N	Q72EV5	\N	\N	\N	\N	\N	\N	\N	\N	\N	\N	\N	2	t	\N
1167	\N	Q72EV8	\N	\N	\N	\N	\N	\N	\N	\N	\N	\N	\N	2	t	\N
1168	\N	Q72F55	\N	\N	\N	\N	\N	\N	\N	\N	\N	\N	\N	2	t	\N
1169	\N	Q72C29	\N	\N	\N	\N	\N	\N	\N	\N	\N	\N	\N	2	t	\N
1170	\N	Q72F64	\N	\N	\N	\N	\N	\N	\N	\N	\N	\N	\N	2	t	\N
1171	\N	Q72F62	\N	\N	\N	\N	\N	\N	\N	\N	\N	\N	\N	2	t	\N
1172	\N	Q728X1	\N	\N	\N	\N	\N	\N	\N	\N	\N	\N	\N	2	t	\N
1173	\N	Q72F60	\N	\N	\N	\N	\N	\N	\N	\N	\N	\N	\N	2	t	\N
1174	\N	Q72F61	\N	\N	\N	\N	\N	\N	\N	\N	\N	\N	\N	2	t	\N
1175	\N	Q728A7	\N	\N	\N	\N	\N	\N	\N	\N	\N	\N	\N	2	t	\N
1176	RLME_DESVH	Q729T9	2794082	\N	rlmE	\N	\N	\N	\N	MKKYRDHYFLKAKQENYPARSVYKLKEIDNRFKIFRQGMKVLDLGAAPGSWSLGAAEKVGPRGRVLACDLQETDTVFPDNVTFMQENVFERSEAFENLLDEIAPFDVVISDMAPRTTGTRFTDQARSLELCLEALAVADRCLIKGGSFVVKIFMGPDVQELVQAMRQRFSAVKSFKPKSSRAESKETFYVCLGYRGVETSDTDK	23,105	204	\N	2	t	\N
1177	\N	Q72A89	\N	\N	\N	\N	\N	\N	\N	\N	\N	\N	\N	2	t	\N
1178	\N	Q726P0	\N	\N	\N	\N	\N	\N	\N	\N	\N	\N	\N	2	t	\N
1179	\N	Q728Y8	\N	\N	\N	\N	\N	\N	\N	\N	\N	\N	\N	2	t	\N
1180	\N	Q72EH0	\N	\N	\N	\N	\N	\N	\N	\N	\N	\N	\N	2	t	\N
1181	\N	Q72EG9	\N	\N	\N	\N	\N	\N	\N	\N	\N	\N	\N	2	t	\N
1182	LDH_DESVH	P62051	2793528	\N	ldh	\N	\N	\N	\N	MNRIAVIGVGNVGMAFAYAAAIKRLANDIVLIDANAARAEGESMDLADAMALVGPVQIRSGGYEQCEGARIVVVTAGAKQMPGQSRLDLVRVNAGITRDILTAVMQYADDPLYIMATNPVDVLTHVARTVTGVAPGRVIGSGTVLDSARFRGHVAEILGVDVRGVHAHIVGEHGDSEVALWSRANVSGIPVAEMCARRGIAYDAAFREKALGHVRHAAYEIIGRKGATGYGIGMSLCRIVEAILHDEHSVLTVSCPVAGHYGLGDVSLSLPCVIGSDGIEEVLDAPIAEDEQAALAASARVLGEHLAAL	32,213	309	\N	2	t	\N
1183	\N	Q726P2	\N	\N	\N	\N	\N	\N	\N	\N	\N	\N	\N	2	t	\N
1184	SAHH_DESVH	Q72EH1	2793368	\N	ahcY	\N	\N	\N	\N	MTDAKRAQKLDLSLDHKVADMSLADYGRKDLQLSEREMPGLMELIRKYGGTKPLKGLKVTGSLHMTIQTAMLIRTLYELGADIRWASCNIFSTQDHAAAAIAASGMAKVFAWKGETLEDYWWCTEMALTWPDGSGPDLLVDDGGDATLFIHKGVEVENDPSLLKKAYDNKEFQIIMDRLALAYEQDPGRWQRVAAKVRGVSEETTTGVHRLYQLEQEGKLLFPAINVNDAVTKSKFDNLYGCRESLADGIKRATDVMVAGKVVVVAGYGDVGKGCAQSMRGFGARVLVTEIDPICALQAAMEGYEVTTMEEAVRTGDIFVTATGNCNVITGAHMEAMKDEAIVCNIGHFDNEIDMHYLENTEGCVCLNIKPQVDKWTLRSGRSIIVLAEGRLVNLGCATGHPSFVMSASFTNQTLAQIELATNPDLERKVYTLPKKLDEEVARLHLDRLGVKLTRLSKDQADYIGVSPEGPFKPDHYRY	52,897	479	\N	2	t	\N
1185	MURG_DESVH	Q728U8	2795632	\N	murG	\N	\N	\N	\N	MRRVILTTGGTGGHIFPALAVAEEIRARYPECSVLFMGGLYGPEADLAARAGLDFVGLPVRGVLGRGVRAIGAAFGMAAGIARAYAVMGRFDPDIVLGFGGYAAFAGVLAARLRGRPAAIHEQNSVPGLTNRVLSRVVPRVFLSLPDTLGAFPPQKTCLAGNPVRASIVACGAERSDPRPDHVRRLLVMGGSLGARAINDAVVSSLPALAEAGVEVWHQTGAADWERIRKAYAETGHGEGRVEAFIDDVASAYAWADLVLCRAGATSVAELAVAGKPAVLVPYPFATHDHQTHNARWLVSRGAAVLLEQKDISMTDVPALLVGLLSDRARLNRMAVSARAQGRPDAAAAVVDGLVELLKTTPRAR	38,297	365	\N	2	t	\N
1186	\N	Q72D57	\N	\N	\N	\N	\N	\N	\N	\N	\N	\N	\N	2	t	\N
1187	RIMP_DESVH	Q72EQ8	2794303	\N	rimP	\N	\N	\N	\N	MTKQALDATIADMAGPFLASLGLELWGIELSYGGRTVVRLFVDGPEGVTIDQCAEVSRHVGLALEVEDVISSAYVLEVSSPGLERPFFRAEQMSPYVGRQIELTLIDPTPEWPGRRKFRGELLAVEGDTVVLRPEGAPAPEAEEAVLRTSWQGVRKANLIHVFPEPGHKPRR	18,887	172	\N	2	t	\N
1188	MURA_DESVH	Q726D3	2793861	\N	murA	\N	\N	\N	\N	MDKLVIEGGVPLTGTINVSGSKNAALPILMASILAEEPVTYTNVPRLRDIHTTNKLLSILGCPAEFEGDTVSVRPCDLKPEAPYDLVKTMRASVLCLGPLLARLGEARVALPGGCAIGARPVDLHLTALEKMGARFELEEGYIIGRCRKLKGAHIYFDFPTVGGTENLLMAATLAEGETILENAAREPEVVDLARFLIACGAKIEGHGTSVIRVQGVPRLHGCEYAIMPDRIEAGTFLVAAGITGGELLLTGCPWEELDAVIVKLNAMGMHIEKTSEGVLAKRRNGGLRGTDVTTQPFPGFPTDMQAQVMSLMCLAEGTSVVQENIFENRFMHVLELVRMGADIRISGRSAVVRGVKRLTGAPVMASDLRASASLVLAGLAARGTTHVQRIYHLDRGYERIELKLNAVGARIRREAE	44,823	417	\N	2	t	\N
1189	YIDC_DESVH	Q72D53	2794455	\N	yidC	\N	\N	\N	\N	MENKRAIIAVVLSFIVLVGWGYLSEYMGWTPKSVPATEQKTAASAPAPSVVTSAPEAVTPAPAFSPSTGHEVTVTTPLYKAVLHSGGGVLRQFMLSRYHMGIDRDAAPVNLIESSAIRVAPLGLLVNGQPSWNTGQWAFEGGDLNLADGQTGTLRFVGSVDGLRVVRELEFHADSYLVTEKLHLAPEGDAPRTARVGFTLGTTSLTPGESQYNLTRVAWFADGSFSEKSSTGDLEKGVLIDGSIDWAGVMSNYFLAAVAPKDTRAVLKGKLEGGVYRVAVERPDQMVNPGNSDVIVCNYWFGPKERDLLNAAPNNLGKAIDLGWFGFIARPLVTLLDFFYKYVGNYGTAIILLTILIKLVFWPLSHKSYKSMEQMKKLQPMLAKVREKHADDREKMNEEMMRLYKTYKVNPAGGCLPMLVQIPVFFGLYQALLNAIELRHAPFIAHVPFTDIVWLADLSAKDPFYVTPLVMGATMFLQQKLTPPAGDPTQAKVMMFMPVVFTFLFLNFPSGLVVYWLCNNVLSIAQQWWILRKA	58,879	534	\N	2	t	\N
1190	\N	Q725N2	\N	\N	\N	\N	\N	\N	\N	\N	\N	\N	\N	2	t	\N
1191	\N	Q728T8	\N	\N	\N	\N	\N	\N	\N	\N	\N	\N	\N	2	t	\N
1192	\N	Q72D52	\N	\N	\N	\N	\N	\N	\N	\N	\N	\N	\N	2	t	\N
1193	GATA_DESVH	Q72DX1	2796531	\N	gatA	\N	\N	\N	\N	MSALHTLSLAAIRDALARREVRAEDAVLDCLARIETTEPRIDALLHLRAEAAIEEARALDAAGPDASRPLWGVPVTVKDALTTAGTPTTAGSRILEDFVPFYDAFAVQRLREAGAIILGKNNMDEFAMGSSTENSAYKPTRNPWDTARVPGGSSGGSAASVAAGQCFASLGTDTGGSIRQPASLCGCVGLKPTYGRVSRYGLIAYGSSLDQIGPMTRTVEDAAIVMGVIAGHDKRDSTCADRPVEDFAAALASRHDLAGVRIGVPAEFWGEGLSPEVATSCRAALDAARDLGATIVDVALPHTPQSIAAYYIVASAEASSNLARYDGVRYGKRAHAPEDLMDLYVRSRSEGLGDEVQRRIMLGTYVLSSGYYDAYYRKAAQVRRRILEDYRNAFATCDVICGPVSPVTAWPLGALTADPLQMYLMDVFTLSLNLAGLPGLSLPVGLGTESGMPVGIQLLGRSFDEATLLSVGNVLSRALPPLGSPAGLR	51,637	489	\N	2	t	\N
1194	\N	Q726B2	\N	\N	\N	\N	\N	\N	\N	\N	\N	\N	\N	2	t	\N
1195	\N	Q72CV4	\N	\N	\N	\N	\N	\N	\N	\N	\N	\N	\N	2	t	\N
1196	\N	Q72CK5	\N	\N	\N	\N	\N	\N	\N	\N	\N	\N	\N	2	t	\N
1197	\N	Q72CK4	\N	\N	\N	\N	\N	\N	\N	\N	\N	\N	\N	2	t	\N
1198	\N	Q72CV9	\N	\N	\N	\N	\N	\N	\N	\N	\N	\N	\N	2	t	\N
1199	\N	Q725M0	\N	\N	\N	\N	\N	\N	\N	\N	\N	\N	\N	2	t	\N
1200	\N	Q729V7	\N	\N	\N	\N	\N	\N	\N	\N	\N	\N	\N	2	t	\N
1201	\N	Q725K4	\N	\N	\N	\N	\N	\N	\N	\N	\N	\N	\N	2	t	\N
1202	RL21_DESVH	Q72DK2	2794627	\N	rplU	\N	\N	\N	\N	MYAIIETGGKQFRVEEGSKIFVEKLASEAGSEIVIDKVLMLGGGDVKVGAPYVENAKVTAEVVEHGRGEKVVIFKKWRRNDSRKKQGHRQDFTALKIKAITA	11,288	102	\N	2	t	\N
1203	DER_DESVH	Q725L9	2793844	\N	der	\N	\N	\N	\N	MFAKIALVGRPNVGKSTLFNRLIRSNRAITHDMPGVTRDRMEGIVRGRNKRPFGIIDTGGITLDGHAAVAEGPAGIRGFEAEILRQAEEAIAECVAVCLVVDGREGLLPFDEHLASYLRRTGKPVLVVVNKVDGIEKEDVLTAEFHILGFPVLAVSAEHGHNLRWLESEMRDLLPEEDEDGIDDDAADATAVAIADADAETEDGASASETEEDITEETVEDEPEAPLRLCMLGRPNAGKSSLVNALTGTNRMIVSDVAGTTRDSVDVAFEKDGLSYTFVDTAGVRRRSRITDTVERYSVNSSLKSTTKAHVTLLVLDAVEGITSQDKRLIELLDERKTPFMVLVNKMDLVPAKAREDGKRNFRDLLNFCQHVPLLFVSAKTGYELRSIVPLAARIRRECSVRIPTGQLNRAMEEVITRHQPPVVRRVRPKFYYMTQAESQPPTFVLFVNDADRIQAPYAKYIEKSLRRLFGIEHAPMRVHFRSSHKKNSEK	54,565	491	\N	2	t	\N
1204	OBG_DESVH	Q72DK0	2794629	\N	obg	\N	\N	\N	\N	MRFVDEATINVRAGKGGNGCLSFRREKFIPRGGPDGGNGGDGGSVILRPTNRLLSLYDFRLQRNYEARNGQSGMGSQCDGRKGEDLVLELPLGTLVFEVDDEGHEQMIADLSDPDGVFVVARGGRGGKGNEHFKSSTMRAPRFAQKGEPGEERRLRLELKILADAGLLGLPNAGKSTFISRISAARPKIAAYPFTTLTPNLGVMIDEVDPDRRMVIADIPGLIEGAHTGQGLGHRFLKHVERTRFLVHILSIEDIDPENPWTGFDLINEELARFDEVLREREQIEVVNKIDLRTPEEVDALRQQAAQQGRRIFFISAMHGEGIEEVVDAMWRLRDTIDMHEPLVHLQEVEEEDEEFEDIEVVYTRE	40,966	366	\N	2	t	\N
1205	RL27_DESVH	Q72DK1	2794628	\N	rpmA	\N	\N	\N	\N	MAHKKAGGSSRNGRDSQGQRRGVKRFGGQLVLAGNILIRQLGTKVHPGENVGMGRDYTLFAKVDGTVRYEKFTRKRKVLTRVHIDAV	9,648	87	\N	2	t	\N
1206	ATPG_DESVH	Q72E03	2794847	\N	atpG	\N	\N	\N	\N	MPSLKDVKVKIAGVKKTKQITKAMNMVASAKLRGAQQRIERFRPYAEKFYGMLGDLASKADGSAHPLLEVRDEIKTCGIVLATSDRGLCGSFNANLISTALKLAKQKAAEGKTVKFYCVGKKGRDTIRKADFEVVTAIADQMGSFDFQLANKLGLEVINHYLTGELDEVVLVYGEFVSTAKQLPITLPILPIASEKKDEAEAAPSKEYIYEPAVEGLLAELLPRFIKVQIYRGLLDTSASEHAARMAAMDNATRSCDDMIGALTLLFNKTRQASITRDLMDIVGGAEALKG	31,693	291	\N	2	t	\N
1207	ATPA_DESVH	Q72E02	2794762	\N	atpA	\N	\N	\N	\N	MQIKAEEISKIIEEQIQSYEQRVEMSETGTVLYVGDGIARVHGVQNAMAMELLEFPGGLMGMVLNLEEDNVGVALLGDDTQIKEGDPVKRTGKIFSVPVGDAVMGRVLNPLGQPIDGLGPLDAKEFRPVELKAPGIIARKSVHEPMPTGIKAIDAMTPIGRGQRELVIGDRQTGKTAVCIDAILAQKNTDIHCFYVAIGQKKATVALVADTLRKYGAMEYTTIISATASEPAPLQFISAYSGCTMAEFYRNNGKHALIIYDDLSKQAVAYRQMSLLLRRPPGREAYPGDVFYLHSRLLERAAKVNDSLGAGSLTALPIIETQAGDVSAYIPTNVISITDGQVYLEPNLFNAGIRPAINVGLSVSRVGGAAQIKAMKQVAGTMRLDLAQYRELAAFAQFGSDLDKATKAKLDRGARLVELLKQPQYEPMPTEEQVASMYAATRGLMDDVAVADIRKFETAMLDYLRSGKADILNDIKTKKALDQDIENRLKAAIAEFKKGYQA	54,582	502	\N	2	t	\N
1208	\N	Q729Y2	\N	\N	\N	\N	\N	\N	\N	\N	\N	\N	\N	2	t	\N
1209	ATPB_DESVH	Q72E04	2794846	\N	atpD	\N	\N	\N	\N	MSANIGKIVQVIGAVVDVEFPSGQLPNILNALDIKNPNNTDAPDLVCEVAQHLGDNIVRTIAMDATEGLVRGMEASDTGKPIMVPVGKASLGRIMNVVGRPVDELGPINADKSLPIHRAAPEFTEQNTKVELLETGIKVVDLLIPFPKGGKMGLFGGAGVGKTVILMEMINNIAKQHGGISVFAGVGERTREGNDLYHEMKDAGVLEKAALIYGQMNEPPGARARVALTALACAEYFRDVENQDVLLFVDNIFRFTQAGSEVSALLGRMPSAVGYQPTLGTDLGALQERITSTTKGSITSVQAVYVPADDLTDPAPATTFSHLDGTLVLSRQIAELGIYPAVDPLDSTSRILDPNVVGVEHYGVARQVQQVLQKYKDLQDIIAILGMDELSDEDKLTVARARRIQRFLSQPFHVAETFTGTPGVYVKLEDTIKGFMGILNGDYDHLAEGDFYMVGGIEMALEKYKKRQEQ	50,742	470	\N	2	t	\N
1210	\N	Q729Y5	\N	\N	\N	\N	\N	\N	\N	\N	\N	\N	\N	2	t	\N
1211	\N	Q72FY7	\N	\N	\N	\N	\N	\N	\N	\N	\N	\N	\N	2	t	\N
1417	\N	Q729I1	\N	\N	\N	\N	\N	\N	\N	\N	\N	\N	\N	2	t	\N
1477	\N	Q72DJ4	\N	\N	\N	\N	\N	\N	\N	\N	\N	\N	\N	2	t	\N
1212	ATPD_DESVH	Q72E01	2794763	\N	atpH	\N	\N	\N	\N	MTGNIVARRYARALFALGKKSGLSDLETFGNDLAALAGTLETAPELVRMFRNPVFTPDEKRNVIAKLLDKLKVCPTVRNFCLLLADRERLAFIQDIQAYYGILLDAEKGVIRGELVTAIELANAKRDKVKAQLEAQAGRKLELGFSVDKNILGGVVLKVGDRILDASLRAQLGILKDNIKRGE	20,122	183	\N	2	t	\N
1213	ATPF_DESVH	Q72E00	2794764	\N	atpF	\N	\N	\N	\N	MTLFFASMAYASGDSGHGPDWGNFAFRVVNFVIFAGIIWKAAGKKIVGFFTGRRQGIEQELNDLETRKTEAKKQLAEVERRIANLESERQAILADYRAQGENIKAAIIDKAEKSASLITEQAKRTADNEIKAAIDAMRAQMADEIIVAAEKLLAEKLTANEHEKLIDKYLTKVVLN	19,573	176	\N	2	t	\N
1214	\N	Q729C3	\N	\N	\N	\N	\N	\N	\N	\N	\N	\N	\N	2	t	\N
1215	\N	Q72BJ9	\N	\N	\N	\N	\N	\N	\N	\N	\N	\N	\N	2	t	\N
1216	SYA_DESVH	P61700	2794068	\N	alaS	\N	\N	\N	\N	MITANEIRRRFLEFYKAHGHEAVRSSSLVPKDDPSLLFTNAGMVQFKKIFLGQEKRAYSRATTSQKCLRVGGKHNDLENVGRTARHHTFFEMLGNFSFGDYFKEDAIKFAWKFLTEELKLPKERLYATVFRDDDEAEQLWLKHSDIPAERIYRMGEKDNFWSMGDTGPCGPCSEILIDQGEHMTCGPDCGIGKCDCDRFLEIWNLVFMQYDQDATGKREPLPKPSIDTGMGLERITAVCQGVFSNFDTDIFQAIIQYTCGLANVSYRSDDETDTALRVIADHSRAIAFMITDGILPSNEGRGYVLRRLIRRAYRFGRLIGLTDTFLHKTALKVVDIMGDDYPELRENSDFMARVVREEEDRFNRTLDKGLSMLEDELATLSASGAAHVPGDIAFRLYDTFGFPLDIVNDIAEKRGFSVDEDGFKALMKEQKERAKAAWKGSGEKDIASRFQPLLEEGMRSEFIGYDHLCGEGRIVALMDEHALAVERLAAGQKGYLVTNRTPFYGASGGQSGDIGTIASPSGKVRVVDTIKPSPELVVHHVEAVEGDILLDQEVDLTVTEDDRVASARNHTCTHLLHAALRRVLGDHVKQAGSLVAPDRLRFDFTHIAPMTPEELAAVEREVNRVIMADIPLETDHMHYDDAVKRGAMALFGEKYGDEVRVVAIADESVELCGGTHLRATGQAGLFLIVSESGVAAGVRRIEALTGWNAMHAVLAQRSEQAQLSAMLKARPGEIVSRVESLQKENRTLRKDMERAAAQATSGQGRNIMDEATDVAGVKLLAAKVEVPNVKALRDLMDDVRSKLVSGIACLAAVDGDKVQLIIAVSKDLQTRFTAPQLIKDVAAEVGGSGGGRPDMAQAGGTNPAGIDAAFAKLRSLIGG	96,926	879	\N	2	t	\N
1217	\N	Q72EA3	\N	\N	\N	\N	\N	\N	\N	\N	\N	\N	\N	2	t	\N
1218	\N	Q72EA7	\N	\N	\N	\N	\N	\N	\N	\N	\N	\N	\N	2	t	\N
1219	\N	Q72C36	\N	\N	\N	\N	\N	\N	\N	\N	\N	\N	\N	2	t	\N
1220	\N	Q72DC2	\N	\N	\N	\N	\N	\N	\N	\N	\N	\N	\N	2	t	\N
1221	\N	Q72DC4	\N	\N	\N	\N	\N	\N	\N	\N	\N	\N	\N	2	t	\N
1222	FDNGA_DESVH	Q727P3	2793773	\N	fdnG-3	\N	\N	\N	\N	MKTTRRSFLKLVGVSVVGLSLGQLGFDLEDAQAYAVKLKIEGAKEVGTVCPFCSVCCQVIAYVRNGKLVSTEGDPDFPVNEGALCAKGAALFSMYTNPHRLTKPLYRAPHSDKWVEKDWDWTLNQIARRVKDARDKDMILKNDKGQTVNRLESIFMMGTSHASNEECAVIHQAMRGLGVVHMDHQARVUHSPTVAALAESFGRGAMTNHWIDIKNTDAVLIIGSNAAEHHPVAFKWIMRARDNGAVLMHVDPKFSRTSARCDFHVPLRSGTDIAFLGGMVNHIIAKDLYFKDYVANYTNAAFVVGKDYAFEDGIFSGYDPKTRTYDRSKWEFEKGPDGGPVMDPTLKNERCVFNLMKKHYERYTLKNVSDVTGVSEENLLRVYDAFCATGRPDKAGTILYALGWTQHTVGVQNIRTSTLIQLLLGNIGVAGGGINALRGEPNVQGSTDHALLYHILPGYNAMPVAQWQTLADYNKANTPVTTLKNSANWWSNRPKYVASLLKGWFGDAATPENDFCYEYLPKLEKGEDYSYMYVMDRMYHGKLKGGFIFGVNPMNSFPNTNKMRAALDKLDWLVCSELHNSETTDNWKRPGVDPKACKTEVFLLPSAHRVEKAGTISNSGRWLQWFDKAVEPGQARNFADIFVPLVNKIRALYKAEGGTLPDPVLKLHWTDKFDPEEWTRRINGFFWADTKVGDKEYKRGQLVPAFGQLKDDGSTSSLNWLYTGSYTEEDGNKSKRRDARQTPMQANIGLFPNWSWCWPVNRRILYNRASVDVNGKPWNPKKAVIEWDGAKWVGDVPDGPWPPMADKEKGKLPFIMNKDGFAQFYGTGRMDGPFPEHYEPAETPLDSHPFSKQLSSPVYKFHTSDMDQIAKAADPKYPIVLTTYSLTEHWCGGGETRNVPNLLETEPQLYIEMSPELAEEKGIKNGDGVIVESIRGRAEAIAMVTVRIRPFTVMGKTVHLVGMPFAYGWTTPKCGDSTNRLTVGAYDPNTTIPESKACLVNVRKADKLTEIA	113,389	1012	\N	2	t	\N
1223	\N	Q727A5	\N	\N	\N	\N	\N	\N	\N	\N	\N	\N	\N	2	t	\N
1224	\N	Q726I1	\N	\N	\N	\N	\N	\N	\N	\N	\N	\N	\N	2	t	\N
1225	GCH4_DESVH	Q727G3	\N	\N	folE2	\N	\N	\N	\N	MEDVQNSPAQVAMPIDRVGVKNLQLPLVVSDRAQGRQHTVATVDIGVDLPAHFKGTHMSRFVEALENWTEELDYASMKRLLEDVKTRLEARKAYVLFRFPYFIRKKAPATGSPGLVCYQCRLTGELEEGRPSFLLEVEVPVMTVCPCSKAISDEGAHSQRAVVRIAVRMTRFSWLEEFIDLAEVSGSSPVYTLLKREDEKYVTEDAFAHPTFVEDVVRAAAQRLERHPQISWFRVEVESFESIHCHNAFASIERTITPETQPGS	29,880	264	\N	2	t	\N
1226	\N	Q726J0	\N	\N	\N	\N	\N	\N	\N	\N	\N	\N	\N	2	t	\N
1227	\N	Q72C72	\N	\N	\N	\N	\N	\N	\N	\N	\N	\N	\N	2	t	\N
1228	\N	Q72C66	\N	\N	\N	\N	\N	\N	\N	\N	\N	\N	\N	2	t	\N
1229	\N	Q726I0	\N	\N	\N	\N	\N	\N	\N	\N	\N	\N	\N	2	t	\N
1230	\N	Q72BS5	\N	\N	\N	\N	\N	\N	\N	\N	\N	\N	\N	2	t	\N
1231	\N	Q726M4	\N	\N	\N	\N	\N	\N	\N	\N	\N	\N	\N	2	t	\N
1232	\N	Q729P7	\N	\N	\N	\N	\N	\N	\N	\N	\N	\N	\N	2	t	\N
1233	\N	Q727V0	\N	\N	\N	\N	\N	\N	\N	\N	\N	\N	\N	2	t	\N
1234	\N	Q726K7	\N	\N	\N	\N	\N	\N	\N	\N	\N	\N	\N	2	t	\N
1235	\N	Q726K6	\N	\N	\N	\N	\N	\N	\N	\N	\N	\N	\N	2	t	\N
1236	\N	Q72BT2	\N	\N	\N	\N	\N	\N	\N	\N	\N	\N	\N	2	t	\N
1237	\N	Q726K3	\N	\N	\N	\N	\N	\N	\N	\N	\N	\N	\N	2	t	\N
1238	\N	Q726K0	\N	\N	\N	\N	\N	\N	\N	\N	\N	\N	\N	2	t	\N
1239	\N	Q72DZ0	\N	\N	\N	\N	\N	\N	\N	\N	\N	\N	\N	2	t	\N
1240	\N	Q728M3	\N	\N	\N	\N	\N	\N	\N	\N	\N	\N	\N	2	t	\N
1241	\N	Q72DZ9	\N	\N	\N	\N	\N	\N	\N	\N	\N	\N	\N	2	t	\N
1242	\N	Q72AZ0	\N	\N	\N	\N	\N	\N	\N	\N	\N	\N	\N	2	t	\N
1243	\N	Q72AY9	\N	\N	\N	\N	\N	\N	\N	\N	\N	\N	\N	2	t	\N
1244	\N	Q729N0	\N	\N	\N	\N	\N	\N	\N	\N	\N	\N	\N	2	t	\N
1245	\N	Q727W6	\N	\N	\N	\N	\N	\N	\N	\N	\N	\N	\N	2	t	\N
1246	\N	Q729M4	\N	\N	\N	\N	\N	\N	\N	\N	\N	\N	\N	2	t	\N
1247	\N	Q729M5	\N	\N	\N	\N	\N	\N	\N	\N	\N	\N	\N	2	t	\N
1248	\N	Q72AY3	\N	\N	\N	\N	\N	\N	\N	\N	\N	\N	\N	2	t	\N
1249	\N	Q727W9	\N	\N	\N	\N	\N	\N	\N	\N	\N	\N	\N	2	t	\N
1250	\N	Q729M1	\N	\N	\N	\N	\N	\N	\N	\N	\N	\N	\N	2	t	\N
1251	\N	Q72EI9	\N	\N	\N	\N	\N	\N	\N	\N	\N	\N	\N	2	t	\N
1252	\N	Q72EZ5	\N	\N	\N	\N	\N	\N	\N	\N	\N	\N	\N	2	t	\N
1253	\N	Q72EZ7	\N	\N	\N	\N	\N	\N	\N	\N	\N	\N	\N	2	t	\N
1254	\N	Q72AT0	\N	\N	\N	\N	\N	\N	\N	\N	\N	\N	\N	2	t	\N
1255	\N	Q72DS8	\N	\N	\N	\N	\N	\N	\N	\N	\N	\N	\N	2	t	\N
1256	\N	Q72DS9	\N	\N	\N	\N	\N	\N	\N	\N	\N	\N	\N	2	t	\N
1257	\N	Q72DS2	\N	\N	\N	\N	\N	\N	\N	\N	\N	\N	\N	2	t	\N
1258	\N	Q72DS3	\N	\N	\N	\N	\N	\N	\N	\N	\N	\N	\N	2	t	\N
1259	\N	Q72DS4	\N	\N	\N	\N	\N	\N	\N	\N	\N	\N	\N	2	t	\N
1260	\N	Q72DS5	\N	\N	\N	\N	\N	\N	\N	\N	\N	\N	\N	2	t	\N
1261	\N	Q726S1	\N	\N	\N	\N	\N	\N	\N	\N	\N	\N	\N	2	t	\N
1262	\N	Q726S0	\N	\N	\N	\N	\N	\N	\N	\N	\N	\N	\N	2	t	\N
1263	\N	Q726R9	\N	\N	\N	\N	\N	\N	\N	\N	\N	\N	\N	2	t	\N
1264	ACKA_DESVH	Q726S6	2796447	\N	ackA	\N	\N	\N	\N	MNVLVINSGSSSIKYQLIDMEREVPLCSGLVERIGEPMGKLTHKIRPDAEGEEKLTFEQPFTNHVEGMKRVVELITDADKGVIKDKSEIGAIGHRVLLGGEEIKQSVRIDDWAKGVIRDYIPLGPLHNPANLAGIEVAEELFPGLPNVGVFDTEFHQSMPAKAYLYPLPIELYEELKIRRYGFHGTSHRYITKRTAQYLGKPLDELNIITCHLGNGCSMAAVKNGKCVDTTMGITPLEGLMMGTRCGDIDPAIVPFLMEKKNLSPAEADTLMNKQSGLKGMCGMNDMRDLHAARENGNERAQLAFEMFTYRIKKYIGAYYAVLGRVDAVVFTAGIGENDDFVRAEVCAGLDSLGIAVDPARNAVRNGQPRHISPDGSRVAVLVVPTNEELEIAQATLDVLKG	44,136	402	\N	2	t	\N
1265	RS3_DESVH	Q72CH4	2794192	\N	rpsC	\N	\N	\N	\N	MGQKVHPFGFRLGYNKNWQSRWYSKKEYPAFVFEDHNIRKFVKKTLYHAGLAKIEIERAGGKVRLILSTARPGIVIGRKGVEIEKLRADLRKKFKREFAIEVNEIRRPEVESQLVAENIALQLERRVAFRRAMKRTVSMARKFGAEGIKVTCSGRLAGAEIARTEWYRDGRVPLQTLRADIDFGFAEARTTYGVIGVKVWIFKGELLDNEVA	24,414	212	\N	2	t	\N
1266	\N	Q72FG1	\N	\N	\N	\N	\N	\N	\N	\N	\N	\N	\N	2	t	\N
1267	\N	Q726S3	\N	\N	\N	\N	\N	\N	\N	\N	\N	\N	\N	2	t	\N
1268	RL4_DESVH	Q72CH9	2795192	\N	rplD	\N	\N	\N	\N	MAVVKVYDQNKQEAGEITLAPEVFEVEVRPEILHLVVRAQRAAFRAGTHATKTRAFVSGGGLKPWRQKGTGRARAGSIRSPLWRGGAIIFGPQPRDYEFKVNKKVRKLALRMALSSRLAGSNLLVVKGFELPEVKTKLFAKIADTLGLDKALIIAPEENTTLALSVRNIPGITIATPEQLSVYEILKHKQLVLVEGAVASVQDRLK	22,598	206	\N	2	t	\N
1269	RL23_DESVH	Q72CH8	2795193	\N	rplW	\N	\N	\N	\N	MDYTKILIKPLISEKTTYIKELSRQVAFFVDPRANKIEIKKAVEAAFKVKVADVNVVNRKSSDRVRQGRVVGRVAGFKKAYVTLAPGEKIEFFEGV	10,846	96	\N	2	t	\N
1270	RL2_DESVH	Q72CH7	2794189	\N	rplB	\N	\N	\N	\N	MAVRKLKPTSPGRRFQTVSDFEEITRSTPEKSLVIGLTKKSGRNNNGRVTSRRRGGGHKRLYRIIDFRRDKAGIPAKVAHIEYDPNRTARIALLHYADGEKRYILAPVGIRQGDMILSGEGADIKPGNALPMSRIPVGTNLHNIELQPGRGGQFCRAAGTYAQLVAKEGKYALLRLPSGEVRKVLAACCATVGQVGNVNHENISLGKAGRARWLGNRPKVRGVAMNPIDHPLGGGEGRSSGGRHPVSPWGMPTKGYKTRDRKKASSKLIIKRRGQK	30,148	276	\N	2	t	\N
1271	RS19_DESVH	Q72CH6	2794190	\N	rpsS	\N	\N	\N	\N	MPRSLKKGPFVDGHLMKKVDMAVANSDRRVIKTWTRRSTILPEMVGLTFAVHNGKKFMPVFVTENMVGHKLGEFAPTRTYHGHAADKKSKAKK	10,492	93	\N	2	t	\N
1272	\N	Q72FF5	\N	\N	\N	\N	\N	\N	\N	\N	\N	\N	\N	2	t	\N
1273	RS10_DESVH	Q72CI1	2795190	\N	rpsJ	\N	\N	\N	\N	MTTVSSDRIRIKLKAYDYRILDKAVAEIVDTARNTGAGVAGPIPLPTNIHKFTVNRSVHVDKKSREQFEMRIHKRLMDILEPTQQTVDALGKLSLPAGVDVEIKL	11,752	105	\N	2	t	\N
1478	\N	Q725K7	\N	\N	\N	\N	\N	\N	\N	\N	\N	\N	\N	2	t	\N
1274	RL3_DESVH	Q72CI0	2795191	\N	rplC	\N	\N	\N	\N	MAEKMGILGRKIGVTRIFASDGSAVAVTVIKAGPCPVTQVKTVATDGYDAIQIAFDEAKEKHLNKPEIGHLAKAGKGLFRTLREIRLEAPAAYEVGSELDVTLFATGDRVKVSGTSIGKGYQGVMRRWNFAGSKDTHGCEKVHRSGGSIGNNTFPGHVFKGKKMAGHWGNESVTVLNLEVVDVRPEDNVILVKGSVPGPKNGLVMVRKQ	22,351	209	\N	2	t	\N
1275	\N	Q72FW8	\N	\N	\N	\N	\N	\N	\N	\N	\N	\N	\N	2	t	\N
1276	\N	Q72FX2	\N	\N	\N	\N	\N	\N	\N	\N	\N	\N	\N	2	t	\N
1277	\N	Q72FX3	\N	\N	\N	\N	\N	\N	\N	\N	\N	\N	\N	2	t	\N
1278	\N	Q72FQ7	\N	\N	\N	\N	\N	\N	\N	\N	\N	\N	\N	2	t	\N
1279	\N	Q72B20	\N	\N	\N	\N	\N	\N	\N	\N	\N	\N	\N	2	t	\N
1280	\N	Q72AK7	\N	\N	\N	\N	\N	\N	\N	\N	\N	\N	\N	2	t	\N
1281	DNAK_DESVH	Q72DW8	2796534	\N	dnaK	\N	\N	\N	\N	MGKIIGIDLGTTNSCVYVMEGKDPKCITNPEGGRTTPSVVAFTDKERLVGDIAKRQAVTNPERTVFAVKRLMGRRGDAPEVGRWKEHSPYRIVAGANGDAAVEVQGRPYSAPEISAMILGKLKADAEAYLGETVTEAVITVPAYFNDAQRQATKDAGRIAGLDVKRIINEPTAASLAYGFDRKANEKIAVFDLGGGTFDISILEVGDNVVEVRATNGDTFLGGEDFDQRIISYLVDEFRRENGGIDLARDRMALQRLKEAAEKAKKDLSTSMETEVNLPFITADQTGPKHLMMKLSRAKLEKLVEDLVERTVEPCRKALADAGLTAAQIDEVVLVGGMTRMPLVQKRVSEFFGKEPNRSVNPDEVVAMGAAIQGGILAGDVKDVLLLDVTPLSLGIETLGGVFTRLIERNTTIPTRKSQTFTTAADNQPSVSIHVLQGERPMASDNMTLGRFELTGIPPAMRGVPQIEVSFDIDANGIVNVAAKDLGTGKEQSIRITASSGLSEDEIQRLVKEAEAHADDDKKKQELIEARNQADGLIYGTEKSIRDLGDKLDAALKADIETKVTALRGLLESEDVDAIKKASDELAQASHKLAEQLYKQQAQAGGPEAGAQPEGDAGARKQDDDVVDADYTEVKK	68,659	636	\N	2	t	\N
1282	\N	Q729J3	\N	\N	\N	\N	\N	\N	\N	\N	\N	\N	\N	2	t	\N
1283	TNAA_DESVH	Q729Z3	2793667	\N	tnaA	\N	\N	\N	\N	MKRIPEPFRIKMIEPIRMTTLEDRTRALEEAGYNPFLLKSEDVYIDLLTDSGTGAMSDRQWAGLMMGDEAYAGSRNFLNLEKAVKDVFGYEHTVPTHQGRGAEQILFPCLVARMKGDKPVFISNYHFDTTAAHVEMTGAKAINVVTEKAFDTGTYYDWKGDFDLEKLEATIRQHGAQNVAGIIVTITCNSAGGQPVSMANIREAAAIAKRHGITVIIDSARFCENAWFIKQREAGYADKSIREIIREMYSYGDVLTCSAKKDPIVNIGGLCCIKEDVDLFRAVQVRCVPMEGFVTYGGLAGRDMEALAIGLYEGTDEHFLTYRIKQVEYLGERLRQGGVPIQYPTGGHAVFIDAKLMLPHIPGNQFPAHALANEVYIEGGVRGVEIGSLLLGRDPATGLQKESPLELLRLAIPRRVYTNDHMDYIADTVIAVLDRASSIKGLEFTYEPPVLRHFTARLRPIA	51,358	462	\N	2	t	\N
1284	\N	Q72DW9	\N	\N	\N	\N	\N	\N	\N	\N	\N	\N	\N	2	t	\N
1285	\N	Q729J6	\N	\N	\N	\N	\N	\N	\N	\N	\N	\N	\N	2	t	\N
1286	\N	Q72A59	\N	\N	\N	\N	\N	\N	\N	\N	\N	\N	\N	2	t	\N
1287	\N	Q726E3	\N	\N	\N	\N	\N	\N	\N	\N	\N	\N	\N	2	t	\N
1288	\N	Q726E1	\N	\N	\N	\N	\N	\N	\N	\N	\N	\N	\N	2	t	\N
1289	\N	Q727S1	\N	\N	\N	\N	\N	\N	\N	\N	\N	\N	\N	2	t	\N
1290	\N	Q727R8	\N	\N	\N	\N	\N	\N	\N	\N	\N	\N	\N	2	t	\N
1291	\N	Q729D1	\N	\N	\N	\N	\N	\N	\N	\N	\N	\N	\N	2	t	\N
1292	\N	Q72AZ3	\N	\N	\N	\N	\N	\N	\N	\N	\N	\N	\N	2	t	\N
1293	\N	Q729C9	\N	\N	\N	\N	\N	\N	\N	\N	\N	\N	\N	2	t	\N
1294	\N	Q725R8	\N	\N	\N	\N	\N	\N	\N	\N	\N	\N	\N	2	t	\N
1295	\N	Q729C4	\N	\N	\N	\N	\N	\N	\N	\N	\N	\N	\N	2	t	\N
1296	\N	Q725R5	\N	\N	\N	\N	\N	\N	\N	\N	\N	\N	\N	2	t	\N
1297	\N	Q72BQ4	\N	\N	\N	\N	\N	\N	\N	\N	\N	\N	\N	2	t	\N
1298	\N	Q729I6	\N	\N	\N	\N	\N	\N	\N	\N	\N	\N	\N	2	t	\N
1299	\N	Q72EW5	\N	\N	\N	\N	\N	\N	\N	\N	\N	\N	\N	2	t	\N
1300	TOLB_DESVH	Q726K4	2795975	\N	tolB	\N	\N	\N	\N	MRHRSCFSLFAGLALVFCLAVGTAAAGPVQVDIYGPGQGSLNLAMAAPLGPTPGTPVSGMGVKLNGFINENLSFLPFLRLVDQRAILGGTVMQGYKSPDIDLKRFQLAGADLVVTAGWPQGDASGSFVELRVYEALSGKLVFGKAYSHVEDGLLPNVADRFCSDLMKALTGRGEFFKSTLAFVKHDGKNKRDVWLVKPVGRDLRKITNLPGEALSPSWSPDGRFVVFSHFDDRSHALGVWDRLTRQVQRIRFPGNTVIGPCFLPDNKVAVSLSSGRNPDIFLLNHLFKKERELEANPSINVSPSFDATGTKMAFTSSRMGGPQVFMKDMTTGQVTRISKTGSYNTEPSISPDGTLVAFTKMTDTGHRIFVYDMVTQSERQVSFGPGRDEQPSFAPDSYFLAFTSNRNGAQQIFLVTRHGGDPKRVPTGPGDASFARWGMIPE	48,093	442	\N	2	t	\N
1301	\N	Q72AK6	\N	\N	\N	\N	\N	\N	\N	\N	\N	\N	\N	2	t	\N
1302	\N	Q725S2	\N	\N	\N	\N	\N	\N	\N	\N	\N	\N	\N	2	t	\N
1303	\N	Q725R9	\N	\N	\N	\N	\N	\N	\N	\N	\N	\N	\N	2	t	\N
1304	\N	Q72EQ9	\N	\N	\N	\N	\N	\N	\N	\N	\N	\N	\N	2	t	\N
1305	Y1981_DESVH	Q72AL1	2793787	\N	\N	\N	\N	\N	\N	MPSFDVVNKIELQELDNAVNNVKKEIETRYDFRNTTTEIDLHKGDLRITVVAADEMKMRALEEMLHAHCVRRKIDPRCLEFKEIEATSRGAVKREVQVKEGIAKDVAQKIVKAIKDSKLKVQGAIQDQQVRVTGKKIDDLQDVIALLREGDFGIPLQFVNMKN	18,614	163	\N	2	t	\N
1306	\N	Q72CP5	\N	\N	\N	\N	\N	\N	\N	\N	\N	\N	\N	2	t	\N
1307	FOLD_DESVH	Q72F91	2794446	\N	folD	\N	\N	\N	\N	MQLLDGKATAATIREELRAEIAALTPRARRAPGLAVILVGEDPASQVYVRNKERACHDTGIVSEAFRLAPTTTQEELERLIADLNVRPDIDGILLQLPLPRGLDAQRCLEAIDPAKDVDGFHPQNMGRLALGLPGFRPCTPAGVMTLLERYDLSPSGRKAVVVGRSNIVGKPLALMLGAPGKYANATVTVCHSGTPDLAAECRTADFLFLAIGRPRFVTADMVREGAVVVDVGINRTETGLAGDCDFEGVSRVASAITPVPGGVGPMTIAQLLVNTVQSWKVRCGL	30,380	286	\N	2	t	\N
1308	ENO_DESVH	Q72F92	2794445	\N	eno	\N	\N	\N	\N	MSTIVSVWAREILDSRGNPTIEVEVSLESGHSGRAAVPSGASTGTREALELRDGDKGRYKGKGVEKAVDNVMGEIAEAVIGLDALRQVQLDNTLLDLDGTDNKERLGANAMLGVSLATARAASSFLGLPLYQYLGGVNAKVLPVPLMNIINGGAHAPNNLDIQEFMIMPIGAATFRDALRMGAETFHTLKALLAADGHVTSVGDEGGFAPNLKSHDEAFKYITRAIEESGYIPGAEIALAIDAAASEFYRDGKYHLAGEGKTFSNSEMTEWLGEFTAKYPLISIEDGLAEGDWEGWGELTYKLGDTVQLVGDDIFVTNPDILAQGIDEGVANSILIKLNQIGTLTETLDTIEMAKQAAYTTVISHRSGETEDHFIADLAVGLNAGQIKTGSLCRSDRLAKYNQLLRIEEDLDDAGIYFGPMIASHFGYEGDEEFEDA	46,883	437	\N	2	t	\N
1309	\N	Q72DW2	\N	\N	\N	\N	\N	\N	\N	\N	\N	\N	\N	2	t	\N
1310	\N	Q72B26	\N	\N	\N	\N	\N	\N	\N	\N	\N	\N	\N	2	t	\N
1311	\N	Q72F87	\N	\N	\N	\N	\N	\N	\N	\N	\N	\N	\N	2	t	\N
1312	\N	Q72F88	\N	\N	\N	\N	\N	\N	\N	\N	\N	\N	\N	2	t	\N
1313	\N	Q72F89	\N	\N	\N	\N	\N	\N	\N	\N	\N	\N	\N	2	t	\N
1314	\N	Q72BL4	\N	\N	\N	\N	\N	\N	\N	\N	\N	\N	\N	2	t	\N
1315	\N	Q726B7	\N	\N	\N	\N	\N	\N	\N	\N	\N	\N	\N	2	t	\N
1316	\N	Q72EE5	\N	\N	\N	\N	\N	\N	\N	\N	\N	\N	\N	2	t	\N
1317	\N	Q72EE7	\N	\N	\N	\N	\N	\N	\N	\N	\N	\N	\N	2	t	\N
1318	\N	Q725W1	\N	\N	\N	\N	\N	\N	\N	\N	\N	\N	\N	2	t	\N
1319	\N	Q728Q2	\N	\N	\N	\N	\N	\N	\N	\N	\N	\N	\N	2	t	\N
1320	SYE_DESVH	Q728Q1	2796126	\N	gltX	\N	\N	\N	\N	MSNVVTRFAPSPTGHLHIGGARTAIFNWLLARHFGGRFVLRIEDTDTERSKQEYTDSILASMKWLGLDWDGDLIYQSERFDIYNSYIDRLLESGHAYWCECPPDEVEKMREEARAKGLKPRYNGRCRSRDLGPGDGRVVRLKAPAEGRIVFDDLVKGTVAFDVAELDDMVLRRSDGAPTYNLAVVVDDATMGVTHVLRGDDHLSNTPKQILLYQALGFDLPRFGHVPMILGPDRKKLSKRHGAKAVIEYEQYGLLPQALVNYLVRLGWSHGDQEIFALEELVEKFGTENLNSSAAGFDPDKLEWLNGHYLRETSPEELARLVLPFVAAEGFDVDASRLAQLVPLFRERANNLVELARVMRFMLVPAAEVEYDAAAVAKALTEEGRRHVAGVREALAALGTFDREGCEKAIHDYVEGNGLKFKQVAPAVRVAVVGAMGGPGLPDMMALLGRDDVLARLDRAVAL	51,485	463	\N	2	t	\N
1321	SYV_DESVH	Q72E47	2794946	\N	valS	\N	\N	\N	\N	MAENALPKGYEPRDVEERWRRHWEDNRTFTPDMDAPGEPYSIVIPPPNVTGALHIGHALNHVLIDVLCRNARQQGKKVLWLPGTDHAGIATQNVVERALAKEGLSRHDLGREAFIERVWQWKEEYGNRILNQIRMLGDSVDWTRERFTMDEGLSKAVRKVFVDLYNGGYIYRGNYIINWCNRCHTALADDEVDHMPEQGHLYHVRYDFEDGSGSVVIATTRPETIMADTGVCVHPEDERYAGLIGKKILVPVIGRAVPLFADTYVDREFGTGALKVTPCHDPNDWTLGERHGLAFIQCIDEDGNMTAEAGPYAGLTKEECRKRIVADLEASGQLVRVEELNHSVGHCYRCKTVVEPHMSEQWFVASTKLAPRARAAVPQMTQIFPESWMKTYFNWLDNIRDWCISRQIWWGHRIPAWTCGKCGKLIVSEQDPTACPDCGCTDLTQDPDVLDTWFSSALWPFSTMGWPDKTKDLATFYPTSVLVTGFDILFFWVARMMMLGMHFMDEVPFKHVYLHALVRDGEGRKMSKSTGNVIDPLAMIDKYGTDSLRFTLAAFAAMGRDIKLSEDRIEGYRHFVNKVWNAARFSLMNLPEEAPAALDLDNVKGMHHKWILHRLEELKASQAAGIDGYRFNEVAQGLYRFWWNEFCDWYLELIKPDMQAGGERQATAQYVLWTVLREALLLLHPFMPFVTAEVWQALPGHAGDDIATKLYPAARPGCRDVKDAEHMELVQATISAVRTIRAELNIAPSYRLTTLVRPASAEDAATLEEGREMLMTLARLDGLTVAVDVEAPKASASSVVAGNEVIVPLTGAVDFEAELARLDKELGKIEKDFVQVNKKLANESFVSKAPADVVAKERARAEELSDAKAKLEALQQRFRDAIGK	99,823	884	\N	2	t	\N
1322	\N	Q729U7	\N	\N	\N	\N	\N	\N	\N	\N	\N	\N	\N	2	t	\N
1323	\N	Q729U8	\N	\N	\N	\N	\N	\N	\N	\N	\N	\N	\N	2	t	\N
1324	\N	Q72E43	\N	\N	\N	\N	\N	\N	\N	\N	\N	\N	\N	2	t	\N
1325	\N	Q72E45	\N	\N	\N	\N	\N	\N	\N	\N	\N	\N	\N	2	t	\N
1326	THYX_DESVH	Q729U4	2794076	\N	thyX	\N	\N	\N	\N	MPRTEPRVELLAHTPEPLSLLYAAFRQCYHAGFVADMWPRLLSGEIEREKQGAFIASILESGHSSPIEHVSFTFAIEGVSRALTHQLVRHRIASFSQQSQRYVDGSHFDYVMPPAIARNAAAKARFEQFMEDVGSAYRDIKALLEQDGRTGSRANEDARFVLPQAAASKIVVTMNCRALVHFFEERCCMRAQWEIRAVADVMLGLCREVLPELFAHAGAKCERLGYCPEGERFTCGRYPLRQSMP	27,652	245	\N	2	t	\N
1327	PHFS_DESVH	P07603	2795817	\N	hydB	\N	\N	\N	\N	MQIASITRRGFLKVACVTTGAALIGIRMTGKAVAAVKQIKDYMLDRINGVYGADAKFPVRASQDNTQVKALYKSYLEKPLGHKSHDLLHTHWFDKSKGVKELTTAGKLPNPRASEFEGPYPYE	13,624	123	\N	2	t	\N
1479	\N	Q72FD3	\N	\N	\N	\N	\N	\N	\N	\N	\N	\N	\N	2	t	\N
1544	\N	Q72DT9	\N	\N	\N	\N	\N	\N	\N	\N	\N	\N	\N	2	t	\N
1328	RIBB_DESVH	Q72B63	2794282	\N	ribB	\N	\N	\N	\N	MNQHLLEQFGTTHERVERGLAALRTGQGVLVADDADRENEGDLIFAAETLTPAQMAMMIRECSGIVCLCLPEERVSRLGLPMMVAHNTSSMGTAFTISIEAAEGVTTGVSAADRVRTVKAAIDDAACPGCLRSPGHVFPLRASPGGVLERRGHTEATVDLMRLAGLKPYGVLCELTNPDGTMARLPQLVDFAQRNRMTVLTVEDLVAYRQDKGL	23,033	214	\N	2	t	\N
1329	\N	Q72BG6	\N	\N	\N	\N	\N	\N	\N	\N	\N	\N	\N	2	t	\N
1330	\N	Q72BG5	\N	\N	\N	\N	\N	\N	\N	\N	\N	\N	\N	2	t	\N
1331	\N	Q726W0	\N	\N	\N	\N	\N	\N	\N	\N	\N	\N	\N	2	t	\N
1332	\N	Q726V9	\N	\N	\N	\N	\N	\N	\N	\N	\N	\N	\N	2	t	\N
1333	\N	Q726W6	\N	\N	\N	\N	\N	\N	\N	\N	\N	\N	\N	2	t	\N
1334	\N	Q729Z1	\N	\N	\N	\N	\N	\N	\N	\N	\N	\N	\N	2	t	\N
1335	\N	Q726W4	\N	\N	\N	\N	\N	\N	\N	\N	\N	\N	\N	2	t	\N
1336	TPIS_DESVH	Q72BF9	2794905	\N	tpiA	\N	\N	\N	\N	MKKLIAANWKMYKTIDEARATGRELVSAVAGSLPADREVLVCPPFTALHALHDTFKDVEGFAIGGQDVYPATEGAYTGEIAPGMLLDAGCGWVLTGHSERRHILGEDDETVARKTAFSLKAGLRVVLCIGEKLDEREAGRLEDVLAHQLQVGLADVDATYVPQSLVVAYEPVWAIGTGKVAGPAEVVEAHALVRSLLEARYGRDGAAIRILYGGSVKPDNAAELLSLDNVDGLLVGGASLQAVSFSRIILA	26,630	251	\N	2	t	\N
1337	\N	Q72D10	\N	\N	\N	\N	\N	\N	\N	\N	\N	\N	\N	2	t	\N
1338	GUAA_DESVH	Q72D86	2795264	\N	guaA	\N	\N	\N	\N	MDAQTKVIIIDYGSQVTQLIARRVREAGVYSEIHPCIVTAEQVRAMKPAAIILSGGPASVGEKDAPALEKGLLDLGVPVLGICYGMQLLGQDLGGELATSETREYGPADLTLTAPCPLWDGLDLGTTSRVWMSHGDKVKTPPPGFKVVGRTATLEVAAMADEARRIYAVQFHPEVHHSEDGARIINNFLFHVAKLKADWTMSSFVERAVKEMAEVVGDRHVVCALSGGIDSTVVAVLLHKAIGKQLHCIFVDNGVLRLNEGQEVVDYLREHFDLNLKYVQAQERFLSKLHGVDDPEQKRKIIGYTFIEVFDEEAKALGHVDFLAQGTLYPDVIESVSHKGPSAVIKSHHNVGGLPEKMNLKLIEPLRELFKDEVRKVAAELGLPDFIIWRHPFPGPGLAIRVIGEITEERLDILRRADKVVQQELMSSGWYRKVWQGFAVLLPLKTVGVMGDGRTYEHVIALRIVDSVDAMTADWARLPSELLERISSRIINEVKGVNRVVYDISSKPPSTIEWE	57,016	515	\N	2	t	\N
1339	\N	Q72FR5	\N	\N	\N	\N	\N	\N	\N	\N	\N	\N	\N	2	t	\N
1340	\N	Q72BV5	\N	\N	\N	\N	\N	\N	\N	\N	\N	\N	\N	2	t	\N
1341	\N	Q72D85	\N	\N	\N	\N	\N	\N	\N	\N	\N	\N	\N	2	t	\N
1342	\N	Q72AL9	\N	\N	\N	\N	\N	\N	\N	\N	\N	\N	\N	2	t	\N
1343	\N	Q72FH2	\N	\N	\N	\N	\N	\N	\N	\N	\N	\N	\N	2	t	\N
1344	\N	Q729Z4	\N	\N	\N	\N	\N	\N	\N	\N	\N	\N	\N	2	t	\N
1345	FLAV_DESVH	P00323	2795051	\N	\N	\N	\N	\N	\N	MPKALIVYGSTTGNTEYTAETIARELADAGYEVDSRDAASVEAGGLFEGFDLVLLGCSTWGDDSIELQDDFIPLFDSLEETGAQGRKVACFGCGDSSYEYFCGAVDAIEEKLKNLGAEIVQDGLRIDGDPRAARDDIVGWAHDVRGAI	15,823	148	\N	2	t	\N
1346	\N	Q72DF1	\N	\N	\N	\N	\N	\N	\N	\N	\N	\N	\N	2	t	\N
1347	\N	Q72DF0	\N	\N	\N	\N	\N	\N	\N	\N	\N	\N	\N	2	t	\N
1348	\N	Q72DF4	\N	\N	\N	\N	\N	\N	\N	\N	\N	\N	\N	2	t	\N
1349	\N	Q72FM7	\N	\N	\N	\N	\N	\N	\N	\N	\N	\N	\N	2	t	\N
1350	\N	Q729P2	\N	\N	\N	\N	\N	\N	\N	\N	\N	\N	\N	2	t	\N
1351	\N	Q729Z6	\N	\N	\N	\N	\N	\N	\N	\N	\N	\N	\N	2	t	\N
1352	SECA_DESVH	Q72DV4	2796172	\N	secA	\N	\N	\N	\N	MLGFLFKKVFGSKNDRYIKRLRPIVAAINALEPQMQSLRDEDFPVRIAEYRQQVEEGRKLDDMLPEVFALVREAGKRVFNMRHFDVQLVGGMALHHGKIAEMKTGEGKTLVATLPVVLNALTGKGVHVVTVNDYLAKRDAAWMGQLYNFLGLSVGVIVHGLDDEQRKAAYGADITYGTNNEFGFDYLRDNMKFYAEQLVQRGHNFAIVDEVDSILIDEARTPLIISGASEESTGLYRHMDEIVRKLTRDTHFTVDEKARTAMLTDEGVAFCEKLVGIDNLYDPGNITTQHHLMQALKAHNLFRRDVDYIVKEGQVVIVDEFTGRLMPGRRFSDGLHQALEAKEAVKIEAENQTLASITFQNYFRMYAKLAGMTGTADTEAVEFHQIYSLEVVSIPTNKPMQRKDFADAIYRTKREKYDAIAQAIAELHKAGQPVLVGTISIETSELLSTMLKKTGVPHSVLNAKHHEKEAEIVALAGQRGHVTIATNMAGRGTDIVLGEGVRELGGLHILGTERHESRRIDNQLRGRSGRQGDPGSSRFYLSLEDDLMRLFGSERISGLMEKLGMEEGEPIEARMVSRAIENAQKRVEGHNFEIRKTLLDYDNVMNQQREVIYTLRRDAMSAPDLGPTMEEFLDDVLEDVYAPAEGGEAPSADTVAAVWGRLADVCNITRVMQPAPALPTRDEARAAVLSILHELREDTGESYRDIIRYFMLEELDRCWKEHLRNMDHLRDGIGLRGYGQRDPKLEYKREGFAMFQEMLFRIKEGVFRSLTRLRVQRVEEEAFRHKEQPAAVAYSGGEAEAGPAQPHREDPKVGRNDLCPCGSGRKYKKCCGA	93,833	833	\N	2	t	\N
1353	EFTS_DESVH	Q72DQ6	2795172	\N	tsf	\N	\N	\N	\N	MAITASMVKELREKTSAGMMDCKKALEECGGEMDKAVDWLRQKGLSKAAKKAGRATSEGLVGCFVSADGKTAGLAELKCETDFVSRNEKFVELAGKLAEQVATKGALDESAQTAINDIIATLGENMGSGRTAQMNVAGEGFIGSYLHSNGKIAVLVEMTCEKAATAAEATFLECAKNVAMQIAASNPAAVSADKVDPALIAREREVYRQKALEEGKPENIVEKIAEGAVKKFFKEACLLEQPYIRDDKTTVAELLKQTSKAVGDNLGVARFVRFQLGEDAAAEEAAE	30,523	287	\N	2	t	\N
1354	\N	Q72E34	\N	\N	\N	\N	\N	\N	\N	\N	\N	\N	\N	2	t	\N
1355	\N	Q72E37	\N	\N	\N	\N	\N	\N	\N	\N	\N	\N	\N	2	t	\N
1356	\N	Q72E38	\N	\N	\N	\N	\N	\N	\N	\N	\N	\N	\N	2	t	\N
1357	PHNS1_DESVH	Q06173	2793337	\N	hynB1	\N	\N	\N	\N	MRFSVGLGKEGAEERLARRGVSRRDFLKFCTAIAVTMGMGPAFAPEVARALTGSRRPSVVYLHNAECTGCSESVLRAFQPYLDELILDTISLDYHETIMAAAGDAAEAALHQAVANPDGFICIVEGAIPTADNGIYGKVANHTMLSICSDIVPKAKAVIAYGTCATFGGVQAAKPNPTGAKGLNDALKHLGVNAINLAGCPPNPYNLVGTLVYYLKNNAAPEMDEFNRPLMFFGQSVHDNCPRLKHFDAGEFAPSFESEEARKGWCLYELGCKGPSTMNNCPKIKFNQTNWPVEAGHPCIGCSEPDFWDEKSPFYES	34,236	317	\N	2	t	\N
1358	RL33_DESVH	Q727D4	2793958	\N	rpmG	\N	\N	\N	\N	MRVNIQLACTECKRRNYATDKNKKNTTGRLELKKYCPWDKKHTVHRETK	5,936	49	\N	2	t	\N
1359	EFTU_DESVH	Q727D5	2793957	\N	tuf	\N	\N	\N	\N	MGKEKFERKKPHVNIGTIGHIDHGKTTLTAAITKTAGLLGQGKFIAYDEIDKAPEEKERGITIATAHVEYETATRHYAHVDCPGHADYIKNMITGAAQMDGAIIVVAATDGPMPQTREHILLARQVGVPYIVVFLNKCDMVDDEELLELVELEVRELLTSYGFPGDDVPVVRGSALKALESDDPNSDACKPIRELLAACDSYIPEPQRDIDKPFLMPIEDVFSISGRGTVVTGRVERGVIKVGEEVEIVGIKDTTKSTCTGVEMFRKLLDQGQAGDNIGALLRGVKRDDVERGQVLAAPKSITPHRKFKAEVYVLSKEEGGRHTPFFSGYRPQFYFRTTDITGVITLEEGVEMVMPGDNATFNVELIAPIAMELGLRFAIREGGRTVGAGVVSEIVE	43,407	397	\N	2	t	\N
1360	\N	Q727D2	\N	\N	\N	\N	\N	\N	\N	\N	\N	\N	\N	2	t	\N
1361	\N	Q727D3	\N	\N	\N	\N	\N	\N	\N	\N	\N	\N	\N	2	t	\N
1362	RL1_DESVH	Q727D0	2793963	\N	rplA	\N	\N	\N	\N	MPKHGKKYRNATEGLDLTVKYSVEDAVAKSLAAAPAKFDETVDVAICLGVDPKYSDQMVRGAVTMPNGLGKTVRVAVFCKGEKEAEAKAAGADVAGAEELVAKIKEGWLDFDKAIATPDVMALVGQIGRVLGPRGLMPNAKTGTVTFDITTAIKEMKAGRVEFKVDKAGVLHAPLGKVSFGSEKILGNLKALIDTVNRLKPSSAKGTYMQAMAISTTMGPGVKVDPTLIKKFIEG	24,779	235	\N	2	t	\N
1363	RL11_DESVH	P62433	2793962	\N	rplK	\N	\N	\N	\N	MAKKEVAKIKLQIPAGAANPSPPVGPALGQHGLNIMAFCKEFNAKTMEQKGMITPVVITVYADRSFSFITKTPPASVLLIKAAKLEKGSGEPNRNKVGSVTMAQVEEIAALKMPDLTAKDLEAAKRNILGTARSMGIEVK	14,874	140	\N	2	t	\N
1364	RL7_DESVH	Q727C8	2793965	\N	rplL	\N	\N	\N	\N	MSITKEQVVEFIGNMTVLELSEFIKELEEKFGVSAAAPMAAMAVAAPAGDAAPAEEEKTEFDIILKSAGANKIGVIKVVRALTGLGLKEAKDKVDGAPSTLKEAASKEEAEEAKKQLVEAGAEVEIK	13,316	127	\N	2	t	\N
1365	RL10_DESVH	Q727C9	2793964	\N	rplJ	\N	\N	\N	\N	MNRSEKAAIIEQLKSRAEAASIAVVTDFKGMPVEELTRLRVKLRENGCEYHVVKNTLARIAFTGTAHEPIGTRFKENCAVALGFDDPVAVAKALTDFAKTSKLFAIRHGSLEGKALSADQVSDLAKLPSKPELLARALGTMNAVPTNFVSLFANIIRSLLYVLKDLESKKAAA	18,741	173	\N	2	t	\N
1366	RPOC_DESVH	Q727C6	2793967	\N	rpoC	\N	\N	\N	\N	MTLDDLFTVRGSAANIANIRNLKAIQITIASPENIREWSYGEVKKPETINYRTFKPERDGLFCAKIFGPVKDYECNCGKYKRMKHRGIVCEKCGVEVIASKVRRERMGHIELAAPVAHIWFLKTLPSKIGTLLDMTMADLEKVLYFDSYIVLDPGSTNLTKMQVISEDQYLQVIDHYGEDALTVGMGAEAVRSLLEELNLEELRVQLREESQATKSQTKKKKLTKRLKIVEAFLESNNKPEWMVMEVIPVIPPELRPLVPLDGGRFATSDLNDLYRRVINRNNRLKRLMELGAPDIIIRNEKRMLQEAVDALFDNGRRGRAITGTNGRPLKSLSDMIKGKQGRFRQNLLGKRVDYSGRSVIVVGPKLKLHQCGLPKKMALELFKPFIYSELEKRGLASTIKSAKKMVEREELVVWDILEEVVREYPIMLNRAPTLHRLGIQSFEPLLVEGKAIQLHPLVCSAYNADFDGDQMAVHVPLSVEAQIECRVLMMSTNNILSPANGSPVIVPSQDIVLGLYYMTVDRSFEKGENMSFCAPWEVVAAYDAGVVALHARINVRMEDGKVVRTTVGRILVWELLPHCVPFSMVNTTLTKKNIARLVSTAYRDAGTKATVILCDRLKDVGYEYATRAGVTIAVKDLTIPSTKKGLIETAQNEVDDIERQYRDGIITRTEKYNKVVDVWTKATQDVSNEMIREISSDIVEDPRTGAKEANSSFNSIYMMSTSGARGNQDQMRQLAGMRGLMAKPSGEIIETPITSSFREGLSVLQYFTSTHGARKGLADTALKTANSGYLTRRLVDVVQDVIVSEHDCGTVDGIELTHIKEGGEIKIPLADRALGRVLLYPVYDPETRDLLFPENTLVDENVAKVLVEREVSSVMIRSALTCQSDRGICTLCYGRDLARGHIVNIGETVGIIAAQSIGEPGTQLTMRTFHIGGTASREIERSSFEAQHPGRVILSRVKAVRNRDGQYMVMGKSGQLAIVDDQGREREKYTLPNGSRLLVTEGEEIRKGQILAEWDPFNEPFVSEVDGVIRFSDIVEGKTFQEKMDEATRMTTQTIIEYRTTNFRPSISICDEHGEVKMRGNNIPATYSLPVGAIIMVKNGQDLQAGDIIARKPRETSKTKDIVGGLPRVAELFEVRKPKDMAVVSEIAGIVTYAGETKGKRKLVVTPEIGEAKEYLVPKGKHITVTDGDFVEAGDLLTEGHPELHDILRTRGEKYLARYLTDEIQEVYRFQGVAIDDKHIEVIVRQMLKKVTVLDPGGTTFLVGEQVDKGEFRVENTRAMGEGRTPATAEPLVLGITQASLTTSSFISAASFQETTKVLTEASLRGKMDYLRGLKENVIVGRLIPAGTGYREYVNTDILVPEQRERPDKFLEDLEENPLLVDIY	154,813	1385	\N	2	t	\N
1418	GATC_DESVH	Q72DX0	2796532	\N	gatC	\N	\N	\N	\N	MKISKEQVATIARLARLDLDEARLERFAGQFGDILDYMDMLGAVDTTDVEPLYSPSEHGTVLRADEVHTHCTREELLANAPESDGQFFVVPRIV	10,533	94	\N	2	t	\N
1367	RPOB_DESVH	Q727C7	2793966	\N	rpoB	\N	\N	\N	\N	MGQLTKKFGKIDVSLPIPHLLNLQVDSYVKFLQEGATERRHDEGLEGVFRSVFPIEDFNRTASLEFVSYEVGEPKYDQPECISKGLTYEAPIRIKVRLVVYDVDEDSGNRTIRDIKEQEIYFGTLPLMTEKGTFIINGTERVIVNQLQRSPGIIFEHDSGKTHSSRKVLYSCRIIPMRGSWLDFDFDHKDILYVRIDRRRKMPATILFKAMGMSKTDILDYFYKKEFYRLDPMGRLMWEVQKDMYRKDSAFVDIEDGKGGTIVKAGKPITKRAWRLISEAGLETIEVAPDTIEGMFLAEDIVNPATGEVLAEAADEITASLVENLREAGISRLPVLHTKGLETSSSLRDTLVLDKTPDMEAAQVEIYRRLRPSSPPTPEIAASFFDNLFRSADYYDLSPVGRYKLNQRLGIDQSVDLRTLTDDDILRAIRVLLHLKDSHGPADDIDHLGNRRVRPVGELVENQYRIGLVRMERAIKERMSLQEVSTLMPHDLINPKPVAAVLKEFFGTSQLSQFMDQTNALSEVTHKRRLSALGPGGLTRERAGFEVRDVHTSHYGRICPIETPEGPNIGLIVSLTTYAKVNDFGFIETPYRIIREGALTDEIKFLDASREQGEVVAQANAAVDADGKLADEYVTARVRGDVLMSHRDEVTLMDISPSQMVSISAALIPFLEHDDANRALMGSNMQRQAVPLLRSEKPIVGTGMEGDVARDSGACILAEGPGIVRYADATRIIVSYENGLYPDRGGVRAYDLQKYHKSNQNSCFGQRPTCHPGQIVKKGDVLADGPGIEDGELALGKNLVVAFMPWCGYNFEDSILISERVVKEDVFTSIHIEEFEVVARDTKLGPEEITRDIPNVGEDMLRNLDGSGIIRIGASVKPDDILVGKITPKGETQLTPEEKLLRAIFGDKARDVKNTSLKVPPGIEGTIIDVKVFNRRSGEKDERTRNIEDYETARIDKKEQDHVRALGDALRDRLADTLVGKQIAVTLPGKRKGEVLAEAGAPMTRELLDALPVKRLAGLFKSREVDEMVDTALEDYDRQVAFLKGIYDSKREKVTEGDDLPPGVIKMVKVHIAVKRKLNVGDKMAGRHGNKGVVSCILPEEDMPFFADGRPVDIVLNPLGVPSRMNIGQIMETHLGWGAKELGRQLAEMLDSGAAMATLRHEVKDVFRSATIAKLVDEMDDETFRKAVSKLRTGIVTKTPVFDGASEEDIWSWIERAGMDGDGKTVLYDGRTGDKFYNRVTTGVMYILKLHHLVDEKIHARSTGPYSLVTQQPLGGKAQFGGQRLGEMEVWALEAYGASYLLQEFLTVKSDDVTGRVKMYEKIVKGDNFLEAGLPESFNVLVKELMSLGLNVTLHQEEGKKRPKRVGFMSAL	153,214	1372	\N	2	t	\N
1368	\N	Q72DN1	\N	\N	\N	\N	\N	\N	\N	\N	\N	\N	\N	2	t	\N
1369	RNY_DESVH	Q728D2	2796238	\N	rny	\N	\N	\N	\N	MGLMIFAYIAIGAVLGAGTGYLLHRYVSAKRIGDANELAKRIVEEARKEAQAQKKEILLQGQDEIFNQKRELENEFKERERELKARDRKLEEQGERLEEKLEKATQKEHEVLAIEKELTRKERRLATLEEELEGKIAEQDHRLEEVSGLTAEEARARIMEEVEARTRHESAKMIRVIEMEARETADRKAKEILASAIQRYAGDYVGEQTVTAVTLPSEDMKGRIIGREGRNIRALEAATGVDLIIDDTPETVILSAYSPLRRQVAKMALERLIQDGRIHPARIEDIVRKCEQELEVQVREVGEQATFDAGVHGIHPDIIKLLGQLRYRTSFSQNVLQHSLEVSALCGMMAAELGMDIKKAKRAGLLHDIGKAVDHEVEGPHALIGADIAKKYGEGKDIIHAIAAHHEDQPPKTALAVLVQAADSISGARPGARKELLENYVKRLEDLENIATGFEGVSKVYAIQAGREIRVMVNSENVDDDQTYMLCKDIAAKIEKNLTYPGQIRVTVIRERRAVGYAK	58,247	519	\N	2	t	\N
1370	\N	Q72DN3	\N	\N	\N	\N	\N	\N	\N	\N	\N	\N	\N	2	t	\N
1371	\N	Q728D0	\N	\N	\N	\N	\N	\N	\N	\N	\N	\N	\N	2	t	\N
1372	AROC_DESVH	Q72DN5	2794112	\N	aroC	\N	\N	\N	\N	MSGNTLGRLFRLTTYGESHGAGLGGVIDGCPAGIALDEAVIQRELDLRRPGGNSASTTRQEPDRVRLLSGVFEGVTTGTPIAFHVENVDQRSRDYGEIARLYRPGHADFTYDAKFGVRDYRGGGRASGRETLSRVAGGAIAQALLARHGIAVRAFTVELGGVPADLVDVAGAQQRPFFSPDPDVVEAWEDMVRTVKGEGDTLGGIVQVEATGVPAGLGEPVFDKLDAVLAYALMSVGAVKGVEVGAGFEAARMHGSDNNDPIVPSGFFTNHAGGILGGISNGETIVLRAAVKPIPSIAQEQITIDRDGKPSALFIAGRHDISAIPRIVPVLKAMTALVLADMLLMQRRMATPQP	37,214	354	\N	2	t	\N
1373	\N	Q72DN6	\N	\N	\N	\N	\N	\N	\N	\N	\N	\N	\N	2	t	\N
1374	\N	Q72DN8	\N	\N	\N	\N	\N	\N	\N	\N	\N	\N	\N	2	t	\N
1375	\N	Q72DN9	\N	\N	\N	\N	\N	\N	\N	\N	\N	\N	\N	2	t	\N
1376	\N	Q72CE1	\N	\N	\N	\N	\N	\N	\N	\N	\N	\N	\N	2	t	\N
1377	\N	Q726Z0	\N	\N	\N	\N	\N	\N	\N	\N	\N	\N	\N	2	t	\N
1378	ISPG_DESVH	Q72CD9	2795143	\N	ispG	\N	\N	\N	\N	MLGLPGEMQYVPGIHSPNEGPRPMTIQRKQTREVRIGKVRIGGANPVVVQSMTNTDTRDVEQTVEQIRQLQEAGCEIVRLAVLNEDAAWAIKPIRSQVSVPLVADIHFDHRLAVSALEAGVDALRINPGNIGTRAAVDRVVDAAKAHNAVIRIGVNSGSLETDLIDQYGGPTPEAMVESAFRHIRMLEDRNFGDIKVSLKSSSVSRCIEAYTLLSAKCDYPLHIGVTEAGTVLRGSIKSAVGLGVLLWQGIGDTLRVSLTSDPVAEMAVAWEILRSLGLRSRGPEIIACPTCGRCEIGLIALAEEVERRLEGETESFKVAVMGCVVNGPGEAREADLGIAGGRDKGIIFRKGEIVRTVKGGSNLLAAFMEELDTFLAHRRAERKDD	41,683	386	\N	2	t	\N
1379	SYP_DESVH	Q72CD8	2795144	\N	proS	\N	\N	\N	\N	MRWSRCYIPTLKEAPSDAEVVSHKLLVRAGMIRKLTSGIYTFMPMGLRALNKVAAIVREEMNRAGAQEVLMPMVQPADLWQETGRWEFYGKELLRFRDRNDRDYCLGPTHEEVITDLVRGEVRSYRQLPINLYQIQTKFRDEIRPRFGLMRGREFVMKDAYSFDRDQSGCDESYKAMYAAYQRIFSRLGLRFRAVEADSGSIGGSFSHEFMVLADTGEDTLAVCTACEYAANVERAEVTGTPCTRPAAAALAEVPTPGAHTIEEVSAFLGVPADMLVKTLLFVADGEPVAALVRGDRELNEVKLKNLLGADSLELATPEQVEAWTGAPVGFAGPVGLHGVKRVFADTELKGDAGWIVGANKADTHLREVSLTRDAAIEAYADLRMITASDPCPRCGGAVELPKGIEVGHVFKLGLKYSKSMNATFLDENGKEQVMVMGCYGIGVSRVVASCIEQNNDGDGIVFPPPIAPYEVALLLLDPKNEEAAAKAAEIESFLEAEGHDVLLDDRDERPGVKFKDADLIGSPYQLVLGGKGLARGVVEAKNRRSGEKTELPVEGFAEAFRDWRAGVLKGWGL	63,020	574	\N	2	t	\N
1380	\N	Q728F3	\N	\N	\N	\N	\N	\N	\N	\N	\N	\N	\N	2	t	\N
1381	\N	Q727T5	\N	\N	\N	\N	\N	\N	\N	\N	\N	\N	\N	2	t	\N
1382	CYC3_DESVH	P00131	2795876	\N	\N	\N	\N	\N	\N	MRKLFFCGVLALAVAFALPVVAAPKAPADGLKMEATKQPVVFNHSTHKSVKCGDCHHPVNGKEDYRKCGTAGCHDSMDKKDKSAKGYYHVMHDKNTKFKSCVGCHVEVAGADAAKKKDLTGCKKSKCHE	13,976	129	\N	2	t	\N
1383	\N	Q72C16	\N	\N	\N	\N	\N	\N	\N	\N	\N	\N	\N	2	t	\N
1384	\N	Q725K0	\N	\N	\N	\N	\N	\N	\N	\N	\N	\N	\N	2	t	\N
1385	\N	Q725K1	\N	\N	\N	\N	\N	\N	\N	\N	\N	\N	\N	2	t	\N
1386	\N	Q72BP9	\N	\N	\N	\N	\N	\N	\N	\N	\N	\N	\N	2	t	\N
1387	HEM1_DESVH	Q72C23	2794879	\N	hemA	\N	\N	\N	\N	MERDIYLIGLNHRTAGVEVRERFALTDCNVLEQGVVPIDDVVSEVLILSTCNRVEILAVGRGPEVVSRVLRGWSAARGQCEHDLAPYVYTHKGPEAIRHLFRVASSLDSMVVGEPQILGQLKDAYRKAIERNCTRVILNRLLHKAFSVAKRVRTETGVASSAVSISYAAVELAKRIFGEMNQYKAMLIGAGEMAELAATHLLHAGISKIYVANRTFERGRELARQFNGEAIHFEDLFERLADADIIISSTGAHEAIIRARDIKDVLRRRKHRPMFFIDIAVPRDIDPDVNNLDNVYLYDIDDLKEVVEENLAQRREEASKALTIVEEETGKFGQWLRSLELQPTIVDLIRRSERIAQDELARTLKRLGPVDDETRDALEAMLSSMVRKLNHEPITFLKRRHSEEDAGPRYIDIARRMFNLDDDNVPPDAHCDRRRHDEDN	50,045	440	\N	2	t	\N
1388	\N	Q72C24	\N	\N	\N	\N	\N	\N	\N	\N	\N	\N	\N	2	t	\N
1389	\N	Q72BP6	\N	\N	\N	\N	\N	\N	\N	\N	\N	\N	\N	2	t	\N
1390	\N	Q72BP5	\N	\N	\N	\N	\N	\N	\N	\N	\N	\N	\N	2	t	\N
1391	\N	Q72FB9	\N	\N	\N	\N	\N	\N	\N	\N	\N	\N	\N	2	t	\N
1392	HSLU_DESVH	Q72C17	2794885	\N	hslU	\N	\N	\N	\N	MSTLTPREIVSELDRFVVGQEKAKRMVAVAMRNRWRRQRLEPSLRDEVAPKNIIMMGPTGVGKTEIARRLARLCGAPFIKVEATKYTEVGYVGRDVESMVRDLMEIGVSLIRDEEATRVRARAEAAAEERLLDLLLPQSPADGGETRQSTRDKLRGLWRQGHLDDREVDMEVEESTKGPQMDIFAMPGMESMGNQFRDLMGKAFPARRKMRKMKLREAWNLLVDEEASRLLDQDKVVDIARERVEQTGIIFIDELDKVASGEGTHRTTDISREGVQRDLLPIVEGSVVNTKYGMVRTDHILFIAAGAFHFSKPSDLIPELQGRFPLRVELDPLGRDEFYRILTEPHNALTRQYAALLATEGVTVSFTDDGLREIAAFAEEVNEETENIGARRLYTMMERILADISFDAPDRPGEHVTVDAAYVRTHLEDVRVDKDLSRYIL	50,083	441	\N	2	t	\N
1393	\N	Q72FB8	\N	\N	\N	\N	\N	\N	\N	\N	\N	\N	\N	2	t	\N
1394	\N	Q72EB4	\N	\N	\N	\N	\N	\N	\N	\N	\N	\N	\N	2	t	\N
1395	\N	Q72B16	\N	\N	\N	\N	\N	\N	\N	\N	\N	\N	\N	2	t	\N
1396	\N	Q72EB3	\N	\N	\N	\N	\N	\N	\N	\N	\N	\N	\N	2	t	\N
1397	\N	Q72F27	\N	\N	\N	\N	\N	\N	\N	\N	\N	\N	\N	2	t	\N
1398	RL15_DESVH	Q72CG1	2794617	\N	rplO	\N	\N	\N	\N	MRLHDLYPFPEERKTRKRVGRGSGSGLGCTSGKGNKGQNARAGGGVRPGFEGGQMPLQRRLPKRGFKNMFAVKYEVINLARLLAAFEGKAEITLDDIYDRGLCSLGSAVKILGEGDVTTAIKVEAHKFSASAVEKIRNAGGEAKALEG	15,834	148	\N	2	t	\N
1399	\N	Q72AC4	\N	\N	\N	\N	\N	\N	\N	\N	\N	\N	\N	2	t	\N
1400	\N	Q72B57	\N	\N	\N	\N	\N	\N	\N	\N	\N	\N	\N	2	t	\N
1401	\N	Q72B56	\N	\N	\N	\N	\N	\N	\N	\N	\N	\N	\N	2	t	\N
1402	\N	Q72AC7	\N	\N	\N	\N	\N	\N	\N	\N	\N	\N	\N	2	t	\N
1403	\N	Q72AC0	\N	\N	\N	\N	\N	\N	\N	\N	\N	\N	\N	2	t	\N
1404	\N	Q72AC1	\N	\N	\N	\N	\N	\N	\N	\N	\N	\N	\N	2	t	\N
1405	\N	Q72B50	\N	\N	\N	\N	\N	\N	\N	\N	\N	\N	\N	2	t	\N
1406	\N	Q726Y7	\N	\N	\N	\N	\N	\N	\N	\N	\N	\N	\N	2	t	\N
1407	CHEB2_DESVH	P62637	2793455	\N	cheB2	\N	\N	\N	\N	MISVVVVDDSAFMRKALSTMLEKDPEIRVVATARDGEEGLQVIRQHNPDVVTLDIEMPRMDGLTTLRHIMMEMPRPVLMVSSLTTEGAEATLKALELGAVDFIPKQLSKVSLDIVRIENDLREKVKEVSKRRMLRTPRPVRPAPTASAPAQTAQVASAAPATAPSRPAMPATRASRPVRDVVAIGVSTGGPPAVQKVLSQLPADFPASILIAQHMPAAFTGPFAKRLDGVCAISVKEAESGEKLKPGTAYIAPGGKHLRVEQRVSHMEVVVTTDPADALYKPSANVLMESVGQSMGRRALGVILTGMGSDGMEGMKVLKQKGGRSIAQSDATCVVYGMPKAIVDAGLADEIVDIDDMAAAIMNGLYK	39,075	367	\N	2	t	\N
1408	\N	Q72A22	\N	\N	\N	\N	\N	\N	\N	\N	\N	\N	\N	2	t	\N
1409	\N	Q72EM7	\N	\N	\N	\N	\N	\N	\N	\N	\N	\N	\N	2	t	\N
1410	\N	Q72EM6	\N	\N	\N	\N	\N	\N	\N	\N	\N	\N	\N	2	t	\N
1411	\N	Q725V6	\N	\N	\N	\N	\N	\N	\N	\N	\N	\N	\N	2	t	\N
1412	\N	Q729H2	\N	\N	\N	\N	\N	\N	\N	\N	\N	\N	\N	2	t	\N
1413	\N	Q725W0	\N	\N	\N	\N	\N	\N	\N	\N	\N	\N	\N	2	t	\N
1414	\N	Q72B19	\N	\N	\N	\N	\N	\N	\N	\N	\N	\N	\N	2	t	\N
1415	\N	Q729H5	\N	\N	\N	\N	\N	\N	\N	\N	\N	\N	\N	2	t	\N
1416	\N	Q72B17	\N	\N	\N	\N	\N	\N	\N	\N	\N	\N	\N	2	t	\N
1419	BAMA_DESVH	Q729H8	\N	\N	bamA	\N	\N	\N	\N	MYGSFTQLGDSFSIDLRVVDALGVKPAKPFFIQKQGIINILPAVDELVDRVAGEFTSGNAIADVKVRGTKVLDPDVVLMRLSTRKGDPIDPAAINKEIKRIWDLGYFSDVQASVEQGGDGTVLVYTVTEKPRIDNIVIEGSDKVGHDDILAAMSSKTGSVLNDKLLAQDLQKVTELYRKEGFYLAHVTHRVEARQGAASATLVLNVEEGNKLYIKKVKIEGLKELSESEVKDILALSERGMFSWFTGTGVLKDELLERDSAAITAYCLNHGYVDALVSAPKVDYEEDGIIVSFAVKEGPRYKLGKIGFDGELIDTDERLLKVVKLDDHKKDNQYFALDVMQTDDKLLSDYYADYGYAFAEINSRTQKSAEEHVIDVTYVIRKRQKVYINRVLVEGNQKTRDNVVLREMRIADGDMFEGAKLRRSNERLNRTRYFSQVDTELVPTQKEDEVDLKVKVKEQNTGALIGGVGYSTFYQFGVSGTIMERNLFGKGYYASLQAFFSGKRNSFIASFTNPRVNDGDLSFGNDAYISREYFDDFSKNTIGDTIRFALPVGEYSTVGWGYRLDRYELYDIDDDAAKIIKEREGENISSVAHVRFTRDTTDSKEKPTKGTIFKTFNEFGGGPIGGDDDFIKPVVEFQAYHQLAPNHVLHGRTRGGAVLENGQGDVPVFERFYIGGIDSIRGYNSRDISPRDPESGDRIGGDRMAFVNLEYIWVFKPDLGLALVPFFDMGINYDSSAEFNWDDELKKSVGLEMRWRSPMGDLRFAYGFPLDEGRDGEQHSGRFEFSMGQFF	88,879	791	\N	2	t	\N
1420	\N	Q72F00	\N	\N	\N	\N	\N	\N	\N	\N	\N	\N	\N	2	t	\N
1421	\N	Q72F53	\N	\N	\N	\N	\N	\N	\N	\N	\N	\N	\N	2	t	\N
1422	\N	Q72F06	\N	\N	\N	\N	\N	\N	\N	\N	\N	\N	\N	2	t	\N
1423	\N	Q72F08	\N	\N	\N	\N	\N	\N	\N	\N	\N	\N	\N	2	t	\N
1424	\N	Q727U6	\N	\N	\N	\N	\N	\N	\N	\N	\N	\N	\N	2	t	\N
1425	AMPA_DESVH	Q72F03	2795178	\N	pepA	\N	\N	\N	\N	MDIRFQAGGHAAWRAGAVMVFVFKDEPLAEVDSQLVEAAPWLTIAPAGNDFRAAKDEVAVLHGPPAFDIPRVVAVGLGKREDCTLERIRLAAAAGIRRCRDLRVENVGVVAAQLGRMAPTEHDALRVAEEVVCGALLGLYRYDRFRTVKDDERAEDPRWLALLCEGKNVPDDLHGAARKGEAVALGMGVARDLVNGPANIVTPAFLASEAEALGRKHGFRVEVLGRDELSSMGMGAFASVFRGAEEEARLIVIEHAPAGTEEQQPLVFVGKGVTFDTGGISLKPAAKMHEMKGDMAGAAAILGLFAALGERDLPRRVVGVLPCTENMPDGRATRPGDVVTTLSGKTVEILNTDAEGRLLLCDALTYAQRRWQPEALVDLATLTGACVVALGTEVAGLFCDDAALADAIASRGETVGDLFWPLPLWKSYAENLKSDVADLANVGPREGGAVNAALFLRQFIDDGVRWAHLDIAGPAFTAKKSALCPGGGTGFAVRTLFELVSEGIPAA	53,772	507	\N	2	t	\N
1426	\N	Q72F04	\N	\N	\N	\N	\N	\N	\N	\N	\N	\N	\N	2	t	\N
1427	\N	Q727T4	\N	\N	\N	\N	\N	\N	\N	\N	\N	\N	\N	2	t	\N
1428	\N	Q72FP7	\N	\N	\N	\N	\N	\N	\N	\N	\N	\N	\N	2	t	\N
1429	\N	Q72FP8	\N	\N	\N	\N	\N	\N	\N	\N	\N	\N	\N	2	t	\N
1430	\N	Q727T0	\N	\N	\N	\N	\N	\N	\N	\N	\N	\N	\N	2	t	\N
1431	\N	Q72FQ1	\N	\N	\N	\N	\N	\N	\N	\N	\N	\N	\N	2	t	\N
1432	DSVC_DESVH	P45573	2796326	\N	dsvC	\N	\N	\N	\N	MAEVTYKGKSFEVDEDGFLLRFDDWCPEWVEYVKESEGISDISPDHQKIIDFLQDYYKKNGIAPMVRILSKNTGFKLKEVYELFPSGPGKGACKMAGLPKPTGCV	11,873	105	\N	2	t	\N
1433	RPOA_DESVH	Q72CF4	2794624	\N	rpoA	\N	\N	\N	\N	MLIKQGDRLINTRNWSELVKPEQISRDGEVSDTMYGKFVCEPLERGYATTIGNAMRRVLLSSLQGAAFVAVKISGVQHEFTTIPGVLEDVTDVVLNLKQVRLAMDTEEPQYLELKVDKRGAITAGDVRTNQHVMVLNPDQHIATLTEDIELTFELEVRMGKGYVPADMHEGLSEEIGLIKLDASFSPVRKVAYTVEQARVGQMTNYDKLILEVWTDGSVSPEDAIAYSAKIIKDQISVFINFDERISGENSNGSADSGEFNEHLFKSIDELELSVRATNCLKSANIALVGELVQKSENEMLKTKNFGRKSLDEIRRVLGDMGLDFGTKVDGFEKKYQEWKRKQQHEA	38,922	347	\N	2	t	\N
1434	\N	Q72FP4	\N	\N	\N	\N	\N	\N	\N	\N	\N	\N	\N	2	t	\N
1435	\N	Q728P9	\N	\N	\N	\N	\N	\N	\N	\N	\N	\N	\N	2	t	\N
1436	\N	Q72DP2	\N	\N	\N	\N	\N	\N	\N	\N	\N	\N	\N	2	t	\N
1437	\N	Q729Q1	\N	\N	\N	\N	\N	\N	\N	\N	\N	\N	\N	2	t	\N
1438	\N	Q729Q3	\N	\N	\N	\N	\N	\N	\N	\N	\N	\N	\N	2	t	\N
1439	\N	Q729Q4	\N	\N	\N	\N	\N	\N	\N	\N	\N	\N	\N	2	t	\N
1440	\N	Q729Q6	\N	\N	\N	\N	\N	\N	\N	\N	\N	\N	\N	2	t	\N
1441	\N	Q729Q8	\N	\N	\N	\N	\N	\N	\N	\N	\N	\N	\N	2	t	\N
1442	\N	Q729Q9	\N	\N	\N	\N	\N	\N	\N	\N	\N	\N	\N	2	t	\N
1443	RL13_DESVH	Q728T4	2795608	\N	rplM	\N	\N	\N	\N	MKTFSPTPENINREWFVVDAEDKILGRLATQIAHRLRGKHKPEFAPHMDNGDFIVVVNCEKIKVTGKKLDQKKYYNHSGYVGGLRETSLEKLLASKPEEVLLKAVRGMLPRNRLGRAMLTKLKVYRGTEHPHAAQKPTPLELTY	16,447	144	\N	2	t	\N
1444	RS9_DESVH	Q728T3	2795609	\N	rpsI	\N	\N	\N	\N	MTKEFNYGTGRRKTATARTRLYPGTGVIEINGRPYEEFFPRKTLQMIIRQPLVLTKMLEKFDVKVNVAGGGISGQAEAVRHGISRALLELDAELRPVLKRAGFLTRDARKKERKKYGLRAARARYQYSKR	14,900	130	\N	2	t	\N
1445	\N	Q72A88	\N	\N	\N	\N	\N	\N	\N	\N	\N	\N	\N	2	t	\N
1446	\N	Q727V1	\N	\N	\N	\N	\N	\N	\N	\N	\N	\N	\N	2	t	\N
1447	\N	Q72A90	\N	\N	\N	\N	\N	\N	\N	\N	\N	\N	\N	2	t	\N
1448	\N	Q72A92	\N	\N	\N	\N	\N	\N	\N	\N	\N	\N	\N	2	t	\N
1449	\N	Q72A93	\N	\N	\N	\N	\N	\N	\N	\N	\N	\N	\N	2	t	\N
1450	\N	Q72A94	\N	\N	\N	\N	\N	\N	\N	\N	\N	\N	\N	2	t	\N
1451	\N	Q728T7	\N	\N	\N	\N	\N	\N	\N	\N	\N	\N	\N	2	t	\N
1452	\N	Q728T6	\N	\N	\N	\N	\N	\N	\N	\N	\N	\N	\N	2	t	\N
1453	\N	Q72A97	\N	\N	\N	\N	\N	\N	\N	\N	\N	\N	\N	2	t	\N
1454	Y527_DESVH	Q72EP2	2794893	\N	\N	\N	\N	\N	\N	MFTSTGPFTAAHPVILASGSPRRRAFFEQMGIPFEVILPVDAEPSPIEGEQPEVYVRRAAEAKARAVAADHKGRLVVAADTVVALDDMILGKPASADDALSMLRRLAGRTHVVASGCCVVLPEGGRETFHSITRVTMWDCPEEALAAYVATGEPSDKAGAYGIQGIGAFLVRSIEGSWTNVVGLPVAELTALLLRRGAIHCQLPVEAVHA	22,224	210	\N	2	t	\N
1455	HIS6_DESVH	P62450	2793492	\N	hisF	\N	\N	\N	\N	MLSKRIIPCLDVRAGRLTKGVKFEGNVDIGDPVATARRYYEEGADEIVFYDITASHEDRGIFLDVVERVASEIFIPFSVGGGINTVDDMRAVLMAGAEKVSVNSGAVKTPDIISQGAAAFGSQAIVVGMDVKQVEKSATIPSGYEIVIHGGRKYMGMDAIEWAKTCESLGAGELCVNSIDADGTKDGYELTLTRMISDAVTIPVIASGGAGSPEHMYDALTRGGASAALIASIVHYGTYTIPDLKRRISGMGAKMRMVW	27,532	259	\N	2	t	\N
1456	FLIW_DESVH	Q72EP7	2794804	\N	fliW	\N	\N	\N	\N	MARQNEIEIQTRIGRQRITLDKIIHFPRGLAGFEGRHDFTLLQLREGAPFLVLQSLDDPGLGLLVADPYSFLTDYQIRVGDPEQRLLKLENIRQVAVLVTVSIPAGQPEKTALNLTGPILINHRARIGLQVPQTDASLPPQFYLHMDDANGSTTVRRKASPPAAGEDKGDVQE	19,166	173	\N	2	t	\N
1457	ZRAP_DESVH	Q725P0	2796403	\N	\N	\N	\N	\N	\N	MNSKRIALGIIALATVVSLGTAANNAFARGHGNYHGQGQMMGQAYEALTPEKQAKFDSLIDAFNTKVTPLRDKLWAKHTELNALSSNPNTKPEDIRKLTDEITALRTQYRTEAANLDASMQKEVGIKTHFATMGHRGMGGMGGGCGMMGGKGGMGSGMMQMHDGEGPHRGQNM	18,508	173	\N	2	t	\N
1458	\N	Q72FF0	\N	\N	\N	\N	\N	\N	\N	\N	\N	\N	\N	2	t	\N
1459	\N	Q72D45	\N	\N	\N	\N	\N	\N	\N	\N	\N	\N	\N	2	t	\N
1460	\N	Q726C9	\N	\N	\N	\N	\N	\N	\N	\N	\N	\N	\N	2	t	\N
1461	\N	Q726A9	\N	\N	\N	\N	\N	\N	\N	\N	\N	\N	\N	2	t	\N
1462	\N	Q727F8	\N	\N	\N	\N	\N	\N	\N	\N	\N	\N	\N	2	t	\N
1463	\N	Q727U7	\N	\N	\N	\N	\N	\N	\N	\N	\N	\N	\N	2	t	\N
1464	\N	Q72CP2	\N	\N	\N	\N	\N	\N	\N	\N	\N	\N	\N	2	t	\N
1465	\N	Q728M1	\N	\N	\N	\N	\N	\N	\N	\N	\N	\N	\N	2	t	\N
1466	\N	Q72CP1	\N	\N	\N	\N	\N	\N	\N	\N	\N	\N	\N	2	t	\N
1467	\N	Q728L7	\N	\N	\N	\N	\N	\N	\N	\N	\N	\N	\N	2	t	\N
1468	\N	Q728L8	\N	\N	\N	\N	\N	\N	\N	\N	\N	\N	\N	2	t	\N
1469	\N	Q72CN4	\N	\N	\N	\N	\N	\N	\N	\N	\N	\N	\N	2	t	\N
1470	SYR_DESVH	Q72CN5	2795029	\N	argS	\N	\N	\N	\N	MRAKKQLLAALQDIVKDMGLAWPEKATIDTPKATGFGDLAANIALVLAKQAGQNPRELATRIADALRNRDADITAIDIAGPGFLNVTYSQDFWRETILRAQEAGSAFGSSDTGAGRKVQVEYVSANPTGPLHIGHGRGAAVGDSLARIMRFAGYDVSTEYYINDAGRQMRLLGLSVWVRAKELAGRPVTLPEDFYRGDYIKDIARELMEKEPGLLDLDDAAGEDRCFAYAMSSILDGIKQDLADFRVEHQVWFSERSLVEGGAVEKTFNRLKEAGLAFEQDGALWFRTTDFGDDKDRVLRKSDGTLTYFSSDIAYHDNKYDRGFDLVVDIWGADHHGYIPRMRAAVAALGRKPEAFDVVLIQLVNLLRGGELVAMSTRAGQFETLADVVKETGADAARFMFLSRKSDSPLDFDLELVKQRTMDNPVYYVQYAHARVCSVLRKAAERGIEMPAQLDGASLAPLSGDDEMELLRLLDRFEETVAGAATALAPHHISHYLMEVAGALHSYYARQPILNATEQDVIVPRLALLRAVGCVLANGLSLLGVSAPESM	60,510	551	\N	2	t	\N
1471	\N	Q72CW8	\N	\N	\N	\N	\N	\N	\N	\N	\N	\N	\N	2	t	\N
1472	\N	Q72FD1	\N	\N	\N	\N	\N	\N	\N	\N	\N	\N	\N	2	t	\N
1473	\N	Q726B9	\N	\N	\N	\N	\N	\N	\N	\N	\N	\N	\N	2	t	\N
1474	\N	Q726B8	\N	\N	\N	\N	\N	\N	\N	\N	\N	\N	\N	2	t	\N
1475	DCRA_DESVH	P35841	2793832	\N	dcrA	\N	\N	\N	\N	MSTQRSLGTKVMLLVSGISLFVYLILAVLTSYWQRQSALTLIDSGAVRASELLLDAIADPMSKGNDTGTTEKFDAIARRYADIRAYMTDFRGNITYSTSKDVLRRDLADVVQAPALLDKFNAALKTDSREEQLATIDGMAFYATIRSIPNAPECHHCHGRSQPILGTLVMLQDVTPAMSELRLHQYETVGLSVGGLLLLVGVLSLFMRRAVISRVQRIAAVSGQIEQGDYSVSFEHDGNDELTRLNANLASMVTTIRDQMQYNRSVLEGIIVPLAVVDARNRIEFINQPMCTIVSTACHEYSGKDFSAFMQQGGVEEDITATVLKGGNNQQGNISYRRDDGTVFPLHYEVSPLRDDRGAVNGAIAVIIDLTQEEEARRRIEEQRINLLRVADEVTGVAETLVRAAEALVTRMGELERDATEAASETTQVATAMEEMNVTVTEVARNASSTAEMADLANGEAQSGGTEMANTVRETRQVAQRTEDLAESLHELARRADNIGRVIEVINEIADQTNLLALNAAIEAARAGDAGRGFAVVADEVRKLAEKTMVATREVEQAIAAIQQGSNDAVEVMTETRQQVEVTAGKAEDTGKVLSGIVGRAESIADMVRNIATASEQQSSTSDEINRNVTRINDLTEGIQRRVREAGDAIRQVEGMAQRLEALVDGFRK	72,984	669	\N	2	t	\N
1476	DFX_DESVH	P20418	2793833	\N	dfx	\N	\N	\N	\N	MPNQYEIYKCIHCGNIVEVLHAGGGDLVCCGEPMKLMKEGTSDGAKEKHVPVIEKTANGYKVTVGSVAHPMEEKHWIEWIELVADGVSYKKFLKPGDAPEAEFCIKADKVVAREYCNLHGHWKAEA	13,983	126	\N	2	t	\N
1480	LEPA_DESVH	Q72E76	2795487	\N	lepA	\N	\N	\N	\N	MPRQEHIRNFSIIAHIDHGKSTLADRILEVTGLVSDREKRDQYLDRMDLERERGITIKAQTVRIPFTSKTGRKYILNLIDTPGHVDFNYEVSRSLAACDGALLVVDASQGVEAQTLANVYLALDHDHDIIPVLNKIDLPSSDVDRVKAEIEESIGLDCTDAIAVSAKTGMNVDKVLEAIVERLPAPEGNLNAPLKALIFDSWYDSYQGVVVLFRVMDGVLRKGDRVRMFATEKSYEVIRLGVFSPDIVDVAELGAGEVGFLCANIKELGDAKVGDTITHTDRPASEPVPGFKEVQPMVFCGLYPTDAAEYEPLKASLEKLQLNDAAFSYEPETSQALGFGFRCGFLGLLHMEIIQERLEREFQVDLIATAPSVIYKVETVDGKTQDIDNPSKLPDPTRITSLYEPYVRMDIHVPNEFVGNVLKLCEEKRGIQKNMGYIAANRVVITYELPFAEIVFDFFDRLKSGTKGYASMDYEPVDYRESSLVRLDILINGEAVDALAVIVHRDKAYHYGRALALKLKRTIPRQLFEVAIQAAIGQKVIARETISAMRKNVTAKCYGGDITRKRKLLEKQKEGKRRMKRMGNVELPQEAFLAALQVGDE	67,215	601	\N	2	t	\N
1481	\N	Q72E77	\N	\N	\N	\N	\N	\N	\N	\N	\N	\N	\N	2	t	\N
1482	\N	Q72E78	\N	\N	\N	\N	\N	\N	\N	\N	\N	\N	\N	2	t	\N
1483	\N	Q72E72	\N	\N	\N	\N	\N	\N	\N	\N	\N	\N	\N	2	t	\N
1484	\N	Q72BG0	\N	\N	\N	\N	\N	\N	\N	\N	\N	\N	\N	2	t	\N
1485	\N	Q72E75	\N	\N	\N	\N	\N	\N	\N	\N	\N	\N	\N	2	t	\N
1486	\N	Q72G01	\N	\N	\N	\N	\N	\N	\N	\N	\N	\N	\N	2	t	\N
1487	RL35_DESVH	Q728R7	2795722	\N	rpmI	\N	\N	\N	\N	MPKIKTRRSAAKRFSVTGSGKFRRRKQNLRHILTKKSAKRKMNLGQSAIVDATNEKAVRRMMPYA	7,503	65	\N	2	t	\N
1488	\N	Q72G03	\N	\N	\N	\N	\N	\N	\N	\N	\N	\N	\N	2	t	\N
1489	\N	Q72G02	\N	\N	\N	\N	\N	\N	\N	\N	\N	\N	\N	2	t	\N
1490	\N	Q72FZ9	\N	\N	\N	\N	\N	\N	\N	\N	\N	\N	\N	2	t	\N
1491	\N	Q726Z2	\N	\N	\N	\N	\N	\N	\N	\N	\N	\N	\N	2	t	\N
1492	\N	Q72BN3	\N	\N	\N	\N	\N	\N	\N	\N	\N	\N	\N	2	t	\N
1493	\N	Q72EB0	\N	\N	\N	\N	\N	\N	\N	\N	\N	\N	\N	2	t	\N
1494	\N	Q72BN1	\N	\N	\N	\N	\N	\N	\N	\N	\N	\N	\N	2	t	\N
1495	\N	Q726Z3	\N	\N	\N	\N	\N	\N	\N	\N	\N	\N	\N	2	t	\N
1496	DAPB_DESVH	Q72BM6	2796062	\N	dapB	\N	\N	\N	\N	MSTPIIVMGAGGRMGSTICRLVQEEPQLCLAAVLERPDRASGVARDGCIAGSDPDVVFPQVPGGVIIDFTAPEASMATARAAARHGNAVVIGTTGFNEEQKAELAELARQIRLFWAPNMSVGVNVLLKVLPELVRLLGEKYDLEMVELHHNRKKDSPSGTALRLAECLAEARDWNLPDVACYHREGIIGERPQKEIGVQTIRGGDVVGVHTVYCLGPGERIEVTHQAHSRETFAQGALRAAAWLATQKPGKLYNMADIF	27,984	259	\N	2	t	\N
1497	DNLJ_DESVH	Q72BM7	2796061	\N	ligA	\N	\N	\N	\N	MTEVKTGRVVDDAPVNDAPENNAAEATSPARHDAIPEEARQRAAQLRADLERHNRLYYELDTPEISDAEYDALYRELVGLETRWPALRDEASPTQRVGGEVLEGLEKQAHTLRMYSLDNAFSRDEWGAFIQRMYNALPDAPSAFWCDPKMDGLALEVIYENGVFTSALTRGNGEVGEVVTAAMRTVRNLPLALRGDDVPRRIEVRGEVVIAKADFEQLNARQSAAGGKLFANPRNAAAGSVRQLDTTVTAGRPLQFLAYGVGQVVLEGGTAPWTTHSGLMARLREWGFDTPPEGRLCASPDEVWAYYEALGARRESLAIEIDGVVAKLDDTEAQEALGFTARAPRWALALKFPAMQARTRLDDIRVQVGRTGVLTPVAILEPVRVGGVEVSRATLHNEDEIRAKGLMLGDMVLVQRAGDVIPEVVRPLVEERTGDERPFVFPENCPECDSPVVRPQGEVAHRCVNVMCPAVRRQSIIHFVSKAGLDVRGVGERWVQQLVDGGHVTSPVGLFLLTKLDLMRFERMGPTSAANFVTALDAARTGATLVRLICALGIRHVGEQTARTLAANFTDLDALREADAETLQQLPDIGPEVAGSIRSFFANEGNLELLERLRAIGLWPKRQDAPPASEGADAIVLPLQGLKVLFTGSLTRVGRTEAEDMARAAGANIASSVTKSLDLLVVGGKPGSKLEKARKLGIRVMEEADFFAMLASGVASVDASEAVAEETPPSQEAAGAEDAPSQGAAHVRTASDETGSASGDDSRGAAAENDPARPARGGAMSTAEGEDVPRGRAEQLKLF	86,099	799	\N	2	t	\N
1498	\N	Q72EB8	\N	\N	\N	\N	\N	\N	\N	\N	\N	\N	\N	2	t	\N
1499	\N	Q72EB6	\N	\N	\N	\N	\N	\N	\N	\N	\N	\N	\N	2	t	\N
1500	\N	Q72EB5	\N	\N	\N	\N	\N	\N	\N	\N	\N	\N	\N	2	t	\N
1501	\N	Q72DB7	\N	\N	\N	\N	\N	\N	\N	\N	\N	\N	\N	2	t	\N
1502	\N	Q72DB6	\N	\N	\N	\N	\N	\N	\N	\N	\N	\N	\N	2	t	\N
1503	\N	Q72FV2	\N	\N	\N	\N	\N	\N	\N	\N	\N	\N	\N	2	t	\N
1504	\N	Q72AC5	\N	\N	\N	\N	\N	\N	\N	\N	\N	\N	\N	2	t	\N
1505	\N	Q726H3	\N	\N	\N	\N	\N	\N	\N	\N	\N	\N	\N	2	t	\N
1506	GLPK_DESVH	Q726H4	2793983	\N	glpK	\N	\N	\N	\N	MSNYVLALDQGTTSSRAILFTREGDIKQISQKEFTQIYPQPGWVEHNANEIFDTQSWVMRECLQEAGIGAADVVAAGITNQRETTVVWDKATGAPVYNAIVWQDRRTAGFCDELKARGLADVFRKKTGLVLDAYFSGTKVRWILDNVPGARAKAEKGELLFGTIDTWLIWNLTKGKAHVTDSSNASRTLMFNINTGAWDDELLGILDVPRSMLPRVTGSSEVVGDIHPEFLGKAIPIAGNAGDQQAATYGNACLKPGMAKNTYGTGCFMLMNTGTEVRSSQNNLLSTVAWTTPSGRFYALEGSVFIAGAVVQWLRDGLGIIKAAPEVEQLALSVPDNGGVYLVPAFAGLGAPHWDQYARGTMVGITRGATKAHIARAALESIALQTLDIMDCMQKDSGIKLAALRADGGATRNNLLMQFQADVLGVPVERPKVTETTALGAAYLAGLATGFWKSEDEIATMWQLDRRFEPNMSDDKRQHLVYEWQRAVERAKAWVEA	54,199	497	\N	2	t	\N
1507	\N	Q726H1	\N	\N	\N	\N	\N	\N	\N	\N	\N	\N	\N	2	t	\N
1508	\N	Q726H2	\N	\N	\N	\N	\N	\N	\N	\N	\N	\N	\N	2	t	\N
1509	\N	Q72C55	\N	\N	\N	\N	\N	\N	\N	\N	\N	\N	\N	2	t	\N
1510	\N	Q72DE9	\N	\N	\N	\N	\N	\N	\N	\N	\N	\N	\N	2	t	\N
1511	\N	Q72BU3	\N	\N	\N	\N	\N	\N	\N	\N	\N	\N	\N	2	t	\N
1512	GCSPA_DESVH	Q72C59	2794686	\N	gcvPA	\N	\N	\N	\N	MPFVPHSPEDVSVMLDAIGVNTIEDLFADIPAEMRPKSFALPKGLSEMDVCSRLEALSARNRTDVVSFLGAGFYDHHIPKAVDALSSRGEFYTAYTPYQPEAAQGTLQAIFEFQTAVCRLLDMDCANASVYDGGSALFEAMMMAVRATRRRKLVIDEALSPIYRTMLASYTSNLQLELVTVPHRDGLSDMDALKASVDDTCAAVVVQNPNFFGAITDFTDLFTHARAHKALGVISVYPVMQSVLKTPGEMGADIAVADGQSIGQPLSFGGPYLGIMTCTKPLVRQIPGRIVGRTQDVDGRTGYVLTLQAREQHIRRAKATSNICSNQALCALRSLIHLTLLGPEGLVRTAELSMERARYAAERLTALPGVELLHDAPFGNEFAVRLPVSAFEVVDRLTARGYVPGFPVGRYYPGMDNVLLVACTEKHSFEQVGILAEMLGGIL	48,152	443	\N	2	t	\N
1513	\N	Q72C60	\N	\N	\N	\N	\N	\N	\N	\N	\N	\N	\N	2	t	\N
1514	\N	Q72C57	\N	\N	\N	\N	\N	\N	\N	\N	\N	\N	\N	2	t	\N
1515	GCSH_DESVH	Q72C58	2794687	\N	gcvH	\N	\N	\N	\N	MSIPAELKYSKTHEWIRIEGDEAVIGITHFAQEQLGDLTFVDLPGVGDTLDVEQEMGSVESVKAASELYAPVAGEVIAVNDALASAPELVNQSPYTEGWMLRVKLAATPEDLLDATAYGELVASEAH	13,614	127	\N	2	t	\N
1516	\N	Q72C64	\N	\N	\N	\N	\N	\N	\N	\N	\N	\N	\N	2	t	\N
1517	\N	Q72C61	\N	\N	\N	\N	\N	\N	\N	\N	\N	\N	\N	2	t	\N
1518	\N	Q72C62	\N	\N	\N	\N	\N	\N	\N	\N	\N	\N	\N	2	t	\N
1519	SYC_DESVH	Q72BQ5	2796191	\N	cysS	\N	\N	\N	\N	MQIYNSLSRRKELFTPAVPGKVNMYVCGITAYDLCHIGHARSAVVFDVLVRYLRHTGLDVTFARNFTDVDDKIIKRANEEGLTSQQVAEKYIDTFYEDMDRLNVLRADIEPKATGHILEMIALCEKLIAKGKAYATPSGDVYFRVRSFPEYGKLSGRDIDDMRSGARVAPGEEKEDPLDFALWKAAKPGEPSWTSPWGEGRPGWHIECSAMSEKHMPLPLDIHGGGQDLIFPHHENEIAQTEAALDKPFVRYWMHNGFVQVDAEKMSKSLGNFKTIRDILEGYLPEVLRFFLLTKHYRSPIDFTFDSMDEAEKSLKRIYEALSLARTERSRSKWSATPLPADVTAEFDTLDRAFDEALEDDLNTAAALGHVFGTIRLVNRLLEDKNLRKSAETLALLERLDGLVAKWMKVLGVFGREPEAFLSDLKECRIRRKGIDTTKVDALLEERKSVRAAKDFARADAIRDELAALGIEVRDTPSGAVWDVL	54,831	485	\N	2	t	\N
1520	NIGY_DESVH	P30820	2794280	\N	ngr	\N	\N	\N	\N	MKVRAQVPTVKNATNFNMVADSKTAVGSTLENLKAAIAGETGAHAKYTAFAKAAREQGYEQIARLFEATAAAELIHIGLEYALVAEMEPGYEKPTVAAPSAYSCDLNLISGANGEIYETSDMYPAFIRKAQEEGNSKAVHVFTRAKLAESVHAERYLAAYNDIDAPDDDKFHLCPICGYIHKGEDFEKCPICFRPKDTFTAY	22,098	202	\N	2	t	\N
1521	\N	Q72AI0	\N	\N	\N	\N	\N	\N	\N	\N	\N	\N	\N	2	t	\N
1522	\N	Q72BU0	\N	\N	\N	\N	\N	\N	\N	\N	\N	\N	\N	2	t	\N
1523	\N	Q72DY0	\N	\N	\N	\N	\N	\N	\N	\N	\N	\N	\N	2	t	\N
1524	\N	Q726M7	\N	\N	\N	\N	\N	\N	\N	\N	\N	\N	\N	2	t	\N
1525	\N	Q72D84	\N	\N	\N	\N	\N	\N	\N	\N	\N	\N	\N	2	t	\N
1526	\N	Q72DY8	\N	\N	\N	\N	\N	\N	\N	\N	\N	\N	\N	2	t	\N
1527	\N	Q72DY5	\N	\N	\N	\N	\N	\N	\N	\N	\N	\N	\N	2	t	\N
1528	\N	Q72DY4	\N	\N	\N	\N	\N	\N	\N	\N	\N	\N	\N	2	t	\N
1529	HISX_DESVH	P62457	2794518	\N	hisD	\N	\N	\N	\N	MPCRILTLQSEAQWPLLGDMLAGRYDPDDAVEPVVRDILAAVRSKGDEALAEYTRRFDCPDFTPALLHVTSEEVAQAVASVPADDIAIIRQAADNIRSFHEAQKERSWFVTHDDGTILGQKVTPVDRAGLYVPGGKGGDTPLLSSLLMNAIPAQVAGVTSITVASPPRPDGTLNPHLLAAAHILGITDIIRAGSAWAVAAFAFGTQTIAPVDVIAGPGNIFVTTAKRMVQGRVAIDMIAGPSEILILADATARPDWVAADMLSQAEHDPLASSILVTTEPALAEAVTAELERQLATLPRADIARKALADWGAVVVVPDMDVAVAIANRVAPEHLEVLTAQPWELAGSLRHAGALFLGPYSPEPLGDYFAGPNHVLPTMGTARFSSALSVQTFCKRTSIIAASRAFAERNADAVARLARLEGLEAHARSAASRNSQQ	46,131	436	\N	2	t	\N
1530	\N	Q72C56	\N	\N	\N	\N	\N	\N	\N	\N	\N	\N	\N	2	t	\N
1531	\N	Q729M0	\N	\N	\N	\N	\N	\N	\N	\N	\N	\N	\N	2	t	\N
1532	\N	Q72AT3	\N	\N	\N	\N	\N	\N	\N	\N	\N	\N	\N	2	t	\N
1533	\N	Q72AT6	\N	\N	\N	\N	\N	\N	\N	\N	\N	\N	\N	2	t	\N
1534	\N	Q72EI3	\N	\N	\N	\N	\N	\N	\N	\N	\N	\N	\N	2	t	\N
1535	\N	Q72AX1	\N	\N	\N	\N	\N	\N	\N	\N	\N	\N	\N	2	t	\N
1536	\N	Q72AT7	\N	\N	\N	\N	\N	\N	\N	\N	\N	\N	\N	2	t	\N
1537	\N	Q729L4	\N	\N	\N	\N	\N	\N	\N	\N	\N	\N	\N	2	t	\N
1538	\N	Q72EI7	\N	\N	\N	\N	\N	\N	\N	\N	\N	\N	\N	2	t	\N
1539	\N	Q729L1	\N	\N	\N	\N	\N	\N	\N	\N	\N	\N	\N	2	t	\N
1540	\N	Q726H6	\N	\N	\N	\N	\N	\N	\N	\N	\N	\N	\N	2	t	\N
1541	\N	Q72EI0	\N	\N	\N	\N	\N	\N	\N	\N	\N	\N	\N	2	t	\N
1542	\N	Q72DT1	\N	\N	\N	\N	\N	\N	\N	\N	\N	\N	\N	2	t	\N
1543	\N	Q72DT0	\N	\N	\N	\N	\N	\N	\N	\N	\N	\N	\N	2	t	\N
1545	\N	Q72DT8	\N	\N	\N	\N	\N	\N	\N	\N	\N	\N	\N	2	t	\N
1546	\N	Q72DT6	\N	\N	\N	\N	\N	\N	\N	\N	\N	\N	\N	2	t	\N
1547	\N	Q72D62	\N	\N	\N	\N	\N	\N	\N	\N	\N	\N	\N	2	t	\N
1548	\N	Q72DT3	\N	\N	\N	\N	\N	\N	\N	\N	\N	\N	\N	2	t	\N
1549	\N	Q72DT2	\N	\N	\N	\N	\N	\N	\N	\N	\N	\N	\N	2	t	\N
1550	\N	Q72CE4	\N	\N	\N	\N	\N	\N	\N	\N	\N	\N	\N	2	t	\N
1551	\N	Q72FH0	\N	\N	\N	\N	\N	\N	\N	\N	\N	\N	\N	2	t	\N
1552	\N	Q726V3	\N	\N	\N	\N	\N	\N	\N	\N	\N	\N	\N	2	t	\N
1553	\N	Q726V4	\N	\N	\N	\N	\N	\N	\N	\N	\N	\N	\N	2	t	\N
1554	\N	Q726V1	\N	\N	\N	\N	\N	\N	\N	\N	\N	\N	\N	2	t	\N
1555	\N	Q72CF2	\N	\N	\N	\N	\N	\N	\N	\N	\N	\N	\N	2	t	\N
1556	\N	Q726U8	\N	\N	\N	\N	\N	\N	\N	\N	\N	\N	\N	2	t	\N
1557	TIG_DESVH	Q72CE9	2794582	\N	tig	\N	\N	\N	\N	MEYKVEDVSPVKKKVNVTVPVEEVDAALGAAIAMYRTSVNLDGFRKGKVPASIVENRFRKEIYAEATQDLVNVHINEIVTSLAVSPLSRIDFDGGELERGKEFSYTISFEVMPQFDLPDYEGFAVEQEKAVVDEKEVDEVIARIRRNMAELVPVAETRPGADGDVVVLDFAAFENGEPIEGVSAENFQLSLGEKQSLEDFENLVKTIPAGQEAEGPITFPDDFLNPDFAGKTVTMKVKVHAVKERRLPEIDDALAQKAGGFESMEKMRETVVTSYMQSREQLHKATAQKSMLDKLLKMVDFALPESMVDMYVGNLIEDMRVKMERQGRGLESLGKTPEQLREQVLPEAQQIARSQIFLLAAGRKEAVEVSEQEVDGQLQQLAMRSGQDFDTLKDYYVRNGLIFNLRDRLIADKAMDAIYAKANVTMVDPAPAA	48,295	433	\N	2	t	\N
1558	LON_DESVH	Q72CE6	2794585	\N	lon	\N	\N	\N	\N	MTDTGREGLQNREEGFELPLMSLREVVMFPRSIVPLFVGREASIKAIESAISDYGKKIFLVAQREPELEKPGPEDLFEVGTVSKILQLLRLPDGTIKVLFEGLYRARWDGTADAIIGADDAYPRVRVTRIEQESSEDDDEALVRATHEALDEYGKINKKLAQETLVAISALSDAARLADAIMPHLKVDYRRKQELLEVESGAERLEKVYELLQGEIAVASLEKRIKSRVKNQMERNQREYYLNEQIKAIHKEMGREDDPQAEVNELEARLAEKSMPEEAREKALREMKKLRQMPPSSAEYTVVRNYVDWILDLPWNTLKETEIDIDNARSILDADHYGLEKPKERILEYLAVQKLVNRLKGPILCLVGPPGVGKTSLAKSVAKATGREFVRLSLGGVRDEAEIRGHRRTYVGALPGKIIQSLKRVKHNNPLFCLDEIDKMSTDFRGDPSSALLEVLDPEQNSTFNDHYLDMDYDLSQVFFITTANSLHSIPLPLQDRMEIIRLPGYLETEKRRIAHDFLLPKQVEAHGLAASNLRISDNAVLEIIRSYTREAGVRNLEREIASVCRKAAMQVVEAGDKEKTLTVSRQNLGNFLGVKKYRHGEREDTSQVGVCTGLAWTEMGGELLVVETALMPGSGRVEITGKLGDVMTESAKAALSYLRSRSDLFGLRPDFHKEIDIHVHVPEGATPKDGPSAGITLATSMVSALLGIPVRNDVAMTGEITLRGRVLPIGGLREKLLAAHRGQIGKVLVPRENEKDLKEVPGEILKGLEIVFVDHVDEVLPQALMAQAESIFGGRTQSTPLYAKLRKDAQDGGATMPTAQ	91,617	821	\N	2	t	\N
1559	\N	Q72DE1	\N	\N	\N	\N	\N	\N	\N	\N	\N	\N	\N	2	t	\N
1560	MTNA_DESVH	Q72FX9	2796751	\N	mtnA	\N	\N	\N	\N	MERHIRYDAASRSLILLDQRYLPTREEDFVCRNTDDIVTALQVMVVRGAPAIGVTAAWGCVLAAYETAESGMETWRPVLDGLIERIANARPTAVNLRWAVERMRAAWHSLGRADLATLITYWTNEAKRIHRDDIAINRRMGEHGAELIDDGDAVMTHCNAGALATAGYGTALGVIRGAVEAGKNITVIANETRPFLQGARLTAFELHEDGIPVTVACDNACGLLMKRGMVQKVVVGADRIAANGDAANKIGTYSVALLAREHGIPFYVAAPLSTIDRETPDGDHIPIENRTPTEVTHVGATQITPDGVPVFNFAFDVTPAHLIAGIVTEMGVLRAPYRESIAEAFRKAGL	37,901	350	\N	2	t	\N
1561	\N	Q72FX8	\N	\N	\N	\N	\N	\N	\N	\N	\N	\N	\N	2	t	\N
1562	\N	Q728U3	\N	\N	\N	\N	\N	\N	\N	\N	\N	\N	\N	2	t	\N
1563	\N	Q72FY3	\N	\N	\N	\N	\N	\N	\N	\N	\N	\N	\N	2	t	\N
1564	\N	Q72FY1	\N	\N	\N	\N	\N	\N	\N	\N	\N	\N	\N	2	t	\N
1565	\N	Q728G8	\N	\N	\N	\N	\N	\N	\N	\N	\N	\N	\N	2	t	\N
1566	\N	Q728G7	\N	\N	\N	\N	\N	\N	\N	\N	\N	\N	\N	2	t	\N
1567	\N	Q72FT8	\N	\N	\N	\N	\N	\N	\N	\N	\N	\N	\N	2	t	\N
1568	\N	Q72A54	\N	\N	\N	\N	\N	\N	\N	\N	\N	\N	\N	2	t	\N
1569	SURE_DESVH	Q72A55	2794221	\N	surE	\N	\N	\N	\N	MRIALTNDDGIQAPGLRAIYKALIEAGHTVDVVAPVTEQSAVGHAVTIAMPLRVKVFHENGFRGHGVYGTPTDCMKLGLSSLLEHKPELVVSGINAGANVGPDILYSGTVSAATEAAHMGYRAVALSYDSFRPEDISAHARHAAALLPHIEWAGLPERCVVNINYPAVPVESIKGVRVCPQTRAVWHDWYEHRTDPRGGSYWWLNGVIPPETVAPGTDRALLTEGYITVTPLRFDFTDSETLTRLASLEE	27,128	250	\N	2	t	\N
1570	\N	Q729D5	\N	\N	\N	\N	\N	\N	\N	\N	\N	\N	\N	2	t	\N
1571	\N	Q729E0	\N	\N	\N	\N	\N	\N	\N	\N	\N	\N	\N	2	t	\N
1572	\N	Q729E1	\N	\N	\N	\N	\N	\N	\N	\N	\N	\N	\N	2	t	\N
1573	\N	Q72AK2	\N	\N	\N	\N	\N	\N	\N	\N	\N	\N	\N	2	t	\N
1574	\N	Q72AJ9	\N	\N	\N	\N	\N	\N	\N	\N	\N	\N	\N	2	t	\N
1575	\N	Q725S7	\N	\N	\N	\N	\N	\N	\N	\N	\N	\N	\N	2	t	\N
1576	\N	Q726C5	\N	\N	\N	\N	\N	\N	\N	\N	\N	\N	\N	2	t	\N
1577	\N	Q727Q8	\N	\N	\N	\N	\N	\N	\N	\N	\N	\N	\N	2	t	\N
1578	\N	Q726C6	\N	\N	\N	\N	\N	\N	\N	\N	\N	\N	\N	2	t	\N
1579	\N	Q727R0	\N	\N	\N	\N	\N	\N	\N	\N	\N	\N	\N	2	t	\N
1580	\N	Q727R3	\N	\N	\N	\N	\N	\N	\N	\N	\N	\N	\N	2	t	\N
1581	\N	Q725H6	\N	\N	\N	\N	\N	\N	\N	\N	\N	\N	\N	2	t	\N
1582	\N	Q725S6	\N	\N	\N	\N	\N	\N	\N	\N	\N	\N	\N	2	t	\N
1583	\N	Q725H4	\N	\N	\N	\N	\N	\N	\N	\N	\N	\N	\N	2	t	\N
1584	ACP_DESVH	Q72CS8	2796682	\N	acpP	\N	\N	\N	\N	MSVEEKVKKIIMDQLGVSAEEVKPEASFVEDLGADSLDLTELIMAMEEEFGVEIDDDDAQKILKVKDAIDYVSNKQ	8,478	76	\N	2	t	\N
1585	\N	Q72CS9	\N	\N	\N	\N	\N	\N	\N	\N	\N	\N	\N	2	t	\N
1586	FABH_DESVH	Q72CS6	2796684	\N	fabH	\N	\N	\N	\N	MTSPSLLRGFGAYAPERILTNADIESMVETTDEWITTRTGIRQRHVVAPGQTTSDLAVEAARAALADAALDTADITHVLVATCTPDASCPNTACIVARKLGMTGVMALDCNAACSGFLYGLELAQGIVAARPASRVLLVAAEALSLRCNWKDRTTCVLFGDGAGATVVTADVDATQGTAVLEDSIVTSDGSLGDLLTIGGGTANPYAIGDSVGEEYFVRMQGRDVFKHAVRSMTQVCNDLLARNGFTTEDVDLVIPHQANLRIIEAVGDRLGFASEKVFVNVHDFGNTSAASIPLALADARAQGRIRPGMRVLLTTFGGGFTWGAALLRF	34,666	330	\N	2	t	\N
1587	\N	Q72CS7	\N	\N	\N	\N	\N	\N	\N	\N	\N	\N	\N	2	t	\N
1588	ADEC_DESVH	Q72EX7	2796510	\N	ade	\N	\N	\N	\N	MTYRPLLNDLVDMAAGRAPVDLVVRNARIVDVFSQRIVEAPLAIGGGRFLGFFEAEAHATLDAEGRYLLPGLIDGHVHIESSLVSPAQFARLVLARGTTAVIADPHEIANVCGLAGLRYMLDATRDLPLDVRLALPSCVPATPFENAGAVLDAAALATLMDDPRVAGLGEMMNFPGVLAGDADVLDKIALALDRGKTVDGHSPGLAGRDLATYAAARIATDHECTTVDEMHERIALGMYVLLREGSAARDMARLAPGITPGNARRCVFCTDDRQPADILRDGHIDNHLRIAVSHGVDPVTAVTIATLNAAECFGLRDRGAVAPGRVADFVLVDDLTGFAVRKVYAAGRLVARDGAVVVDLPDHADPAVRDTVNIRPLDDTAFRLPLPTGLARVIGLQPHSLLTDALERDVPRDASGCFTPGDGLVKLAVVERHKATGNVGVGIIEGYGLRGGAVATTVAHDSHNIVVAGDNDADMLVAVRELERTGGGITLCAGGRVLASLPLPVAGLMSDRPATEVSATFAQMLSIAHETLHISRDIEPFMTLSFLTLPVIPALKLTDRGLFDVRTFSFTTVGV	60,692	575	\N	2	t	\N
1589	GLYA_DESVH	Q72CT0	2796660	\N	glyA	\N	\N	\N	\N	MDELLLQDPEVGKAIILEIERQTGKLELIASENFVSAAVRQAQGSVLTHKYAEGYPGKRYYGGCEFVDIAENIAIERARTIFGCEYANVQPHSGSQANMGVYFACLKPGDTILGMNLSHGGHLTHGSPVNFSGRLFNVVFYGVEKETGRIDYEQVAALAREHKPSLIVAGASAYPRTIDFARFRAIADEVGAKLMVDMAHIAGLVAAGYHPSPVQHAHYTTTTTHKTLRGPRGGMILSTEDNGKTLNSQIFPGIQGGPLMHVIAAKAVAFGEALRPAFKEYQKQVVDNAAALAGVLTAAGFDLVSGGTDNHLMLVDLTSKDVTGKDAEIALDKAGITVNKNTVPFETRSPFVTSGVRLGTPALTTRGMKAAEMEKVGGWIVDAIANTTNETRLAEISREVERFARQFPLFAW	44,377	412	\N	2	t	\N
1590	\N	Q72EL7	\N	\N	\N	\N	\N	\N	\N	\N	\N	\N	\N	2	t	\N
1591	\N	Q72EX0	\N	\N	\N	\N	\N	\N	\N	\N	\N	\N	\N	2	t	\N
1592	\N	Q72EL2	\N	\N	\N	\N	\N	\N	\N	\N	\N	\N	\N	2	t	\N
1593	\N	Q72EL3	\N	\N	\N	\N	\N	\N	\N	\N	\N	\N	\N	2	t	\N
1594	\N	Q72CV7	\N	\N	\N	\N	\N	\N	\N	\N	\N	\N	\N	2	t	\N
1595	SYS_DESVH	Q72FH6	2795009	\N	serS	\N	\N	\N	\N	MLDLKLLQKNPEVVAKALAMRHSDIDIATFTTLDTRRRALLTEVESLKSERNKASAEVAKAKRAGEDASALIERLGGVSERIKALDLEAEAVKSEQNDWMLTIPNIPHESVPEGRDENDNVEVLRWGTPRAFSFTPREHWDIGVALGGLDFERAGKLAGSRFTVYWKWAARLERALANYFLDTHISANGYTEVLPPFMVNRKTMTGTGQLPKFEEDLFRLESWDYFLIPTAEVPLTNLHADEILEEGDLPLGYTAQTPCFRSEAGSYGKDTRGLIRQHQFTKVEMVRFAHPERSFDELERMRGHAEALLQNLGLPYRVITLCSGDMGFSATKTYDLEVWLPGQDKYREISSCSNCGDFQARRANIRFRPAGGGKPEFVHTLNGSGLAVGRTLVAVLENYQQEDGSVIVPEVLRPYMGGLERITA	47,579	424	\N	2	t	\N
1596	\N	Q72F75	\N	\N	\N	\N	\N	\N	\N	\N	\N	\N	\N	2	t	\N
1597	\N	Q72F84	\N	\N	\N	\N	\N	\N	\N	\N	\N	\N	\N	2	t	\N
1598	\N	Q72F83	\N	\N	\N	\N	\N	\N	\N	\N	\N	\N	\N	2	t	\N
1599	\N	Q72B29	\N	\N	\N	\N	\N	\N	\N	\N	\N	\N	\N	2	t	\N
1600	\N	Q72C54	\N	\N	\N	\N	\N	\N	\N	\N	\N	\N	\N	2	t	\N
1601	\N	Q72EF8	\N	\N	\N	\N	\N	\N	\N	\N	\N	\N	\N	2	t	\N
1602	\N	Q72BI9	\N	\N	\N	\N	\N	\N	\N	\N	\N	\N	\N	2	t	\N
1603	RL22_DESVH	Q72CH5	2794191	\N	rplV	\N	\N	\N	\N	MESRATAKFMRVSPRKTRLVARNIDGLPVEDAMNLLRFTPNKPAGVLYDVLRSALANAQQMPGVDVDAMVVKQVVVNEGPSWKRFLPRAQGRATRIKKRTSHITVILAEGQE	12,483	112	\N	2	t	\N
1604	\N	Q72F17	\N	\N	\N	\N	\N	\N	\N	\N	\N	\N	\N	2	t	\N
1605	\N	Q72EF2	\N	\N	\N	\N	\N	\N	\N	\N	\N	\N	\N	2	t	\N
1606	\N	Q728N7	\N	\N	\N	\N	\N	\N	\N	\N	\N	\N	\N	2	t	\N
1607	\N	Q728N4	\N	\N	\N	\N	\N	\N	\N	\N	\N	\N	\N	2	t	\N
1608	\N	Q725L6	\N	\N	\N	\N	\N	\N	\N	\N	\N	\N	\N	2	t	\N
1846	\N	Q72FT3	\N	\N	\N	\N	\N	\N	\N	\N	\N	\N	\N	2	t	\N
1847	\N	Q72FT0	\N	\N	\N	\N	\N	\N	\N	\N	\N	\N	\N	2	t	\N
1609	GLGA_DESVH	Q729V4	2795396	\N	glgA	\N	\N	\N	\N	MQRQVVFATSEMYPFSKSGGLGDVLGALPLALHRMGVPTAVVTPFYGRLRTADYPIRLTVSDCHVGYPWAPITCDVFEADYHGMPVYFIHRGEYFDRRYYYNDHKGDYFDNCERFVFFCRALLALMRRLGQPPAVLHAHDWQTALVPAFLYFLRQTDPFWQDTRSVLTIHNLAFQGRFASRLFETSGLPPQAWSVDGAEFWGDFNLLKAGIAYADKVTTVSPSYAREILGPAYGSGLDGILRKRAHALHGILNGADYDIWSPGNDRFLPCRYTPTDLAGKAQCKRALIEELGLDPHLARRPILGFIGRLRGQKGIDLLLDILPRLMESDVGVIILGEGNLTHEARALELMEAYRGRVCTIVSYTEDLAHRIQAGSDIFLMPSRYEPCGLTQMYALRYGTPPVATAVGGLRDTIVPWPSPESTGFTFGRCESAAFLRAILDAVHLWTTAPGDWQGMVRRAMAQAFTWERAGRAYLDLYAQLGVSPGEEGA	54,678	489	\N	2	t	\N
1610	\N	Q72BI8	\N	\N	\N	\N	\N	\N	\N	\N	\N	\N	\N	2	t	\N
1611	\N	Q729V1	\N	\N	\N	\N	\N	\N	\N	\N	\N	\N	\N	2	t	\N
1612	\N	Q72AV3	\N	\N	\N	\N	\N	\N	\N	\N	\N	\N	\N	2	t	\N
1613	\N	Q72AV4	\N	\N	\N	\N	\N	\N	\N	\N	\N	\N	\N	2	t	\N
1614	GATB_DESVH	Q72AV5	2793554	\N	gatB	\N	\N	\N	\N	MASYEAVIGLEVHAQLRTRSKLFCSCSTAFGADPNAHVCEVCAGMPGVLPVLNEKAVEFAARMGIAVGCTVNRTSVFARKNYFYPDLPKGYQISQYEQPICEHGHLDISVGDAVKRIGITRIHLEDDAGKNIHSAGENVSYVDLNRTGVPLIEIVSEPDLRSAEEAVAYLKALRAIVVHLGICDGNMEEGSFRCDANVSLRPRGAAEFGTRAELKNLNSFRHVQRAIEYEISRQADLLDDGDKVVQETRLYDSVKNITVSMRGKEEAHDYRYFPDPDLIPIHIDEARLAEWQATLPELPQARLERFMSSFGLSAQDAEVLTAERDHAEFFEAAVKLYDQPRKIANMMLGPLQRELNQRGTSLAVSAMRPEALAELVRIIDAGLISAKIGNDVFGELFENGAMPEAFVRERGLVQISDTSAIEQAVDEVIAENPAEVEAYRGGKTKLVSFFVGQVMRKTRGKANPALVNELLASKLG	52,465	476	\N	2	t	\N
1615	\N	Q72FG3	\N	\N	\N	\N	\N	\N	\N	\N	\N	\N	\N	2	t	\N
1616	\N	Q72AV8	\N	\N	\N	\N	\N	\N	\N	\N	\N	\N	\N	2	t	\N
1617	\N	D3UEB9	\N	\N	\N	\N	\N	\N	\N	\N	\N	\N	\N	2	t	\N
1618	\N	Q72C15	\N	\N	\N	\N	\N	\N	\N	\N	\N	\N	\N	2	t	\N
1619	\N	Q72B71	\N	\N	\N	\N	\N	\N	\N	\N	\N	\N	\N	2	t	\N
1620	\N	Q72B74	\N	\N	\N	\N	\N	\N	\N	\N	\N	\N	\N	2	t	\N
1621	NADK_DESVH	Q72AV2	2793557	\N	nadK	\N	\N	\N	\N	MHPIRSVLIVTKPGHPTALDLAQDIGVWLTRRGVSCRILEGPGEALPLRQLAADAGLVLVLGGDGTMLGVARRLAGTGVPLLGINLGRVGFLAEVPAGEWAATLERLLAAPLRVERRLALRFGVERGGVEIFQGDAVNDVVINRGALARVITLDIDVDGERLAGLRADGLIISTPTGATGYAVSARGPLMDPALDAFTVTPICPFLGNFPPLVLGGGSVCSVRIREQGTEVHATIDGQEGIALRSGDRITLTGLRDGLCFATLGGGGYCARLRACGFVRDHACTLPDMLPDEGGTSTDV	31,108	299	\N	2	t	\N
1622	XGPT_DESVH	Q72D63	2794778	\N	gpt	\N	\N	\N	\N	MSTADRYRKVFPVTWEQLHRDAKALSWRLLEKGPYKGIIAIARGGLVPAAVIARELDIHLVETICISSYQWQEQTSSHKVLKTVEGRGEGWLIIDDLADTGGTARLVREMLPEAHFATVYAKPAGRPLVDTFITEVSQDTWILFPWDSEVQYVVPLVNQPQQS	18,401	163	\N	2	t	\N
1623	CH10_DESVH	Q72AL5	2795991	\N	groS	\N	\N	\N	\N	MNLKPLNDRVLVKRLESEEKTAGGLYIPDTAKEKPSRGEVVAAGPGKTADDGKLVAMTVKAGDMVLFNKYAGTEIKIDGVEHLVMREDDILAIIE	10,296	95	\N	2	t	\N
1624	\N	Q725L4	\N	\N	\N	\N	\N	\N	\N	\N	\N	\N	\N	2	t	\N
1625	\N	Q72EK0	\N	\N	\N	\N	\N	\N	\N	\N	\N	\N	\N	2	t	\N
1626	\N	Q728Y5	\N	\N	\N	\N	\N	\N	\N	\N	\N	\N	\N	2	t	\N
1627	\N	Q72DI0	\N	\N	\N	\N	\N	\N	\N	\N	\N	\N	\N	2	t	\N
1628	\N	Q72G07	\N	\N	\N	\N	\N	\N	\N	\N	\N	\N	\N	2	t	\N
1629	\N	Q72DI8	\N	\N	\N	\N	\N	\N	\N	\N	\N	\N	\N	2	t	\N
1630	\N	Q729M7	\N	\N	\N	\N	\N	\N	\N	\N	\N	\N	\N	2	t	\N
1631	\N	Q72DI3	\N	\N	\N	\N	\N	\N	\N	\N	\N	\N	\N	2	t	\N
1632	QRCB_DESVH	Q72E84	2793634	\N	qrcB	\N	\N	\N	\N	MALDRRGFLKFIGGATAGILATPVVWKGLDDVSIWSQNWSWIPRNIKGANSYVPTVSKLCPTGIGVRVRLVDGRPVRVIGNPEHPLSKGGVSSIAAAEVQMLYSPARMKRPLKRSPDGAYVMISWEEAEAMLLDGLKAAKGGDALACISGDDNGTINELLSAFVQQSGSKSFFLMPGEAQPAAKAWDLMGGEGQIGYDIEKSDFVLAIGANVLEAWGTAIRNRHAFGASHPHGAEPTAQFVYAGPVLNNTATGADDWLPIRPGTESAFALGLAHLLIKAGASSSAPDFDAFRSLAASFSPEKVAAQTGVDAKALTALAQALAKAKHPLVIVGSEFSQGAGAAPVMAGIALNMLLGSVNRDGGLRALPVARKVVPAGMDRKAMLQQDLTLWASAIASGKAKAPKAMLVYEANPVYALPQGSAFKDTLAKVPFKVAFTSFLDETAMQCDLVIPVSMGLERLDDVCTPYGCGEVVYSLATPVTAPLFDTKPAGDALIALGGKLGLDLGVASFEDMLKAKAAAHGADFDKLAEGTAFTSRATVGANLSFRPDVLSKALDVKAPALPLALAPVMKLNMGTSKTAIPPFNTKTIRRWEVQGKEGYVMLNGATARKLGLAQHDRVVLSNPTGKVTVRVNIFEGVMNDTVAMPLGFGHTAFDEFSKGKGENVMHLLAPSTEPVTGLAVWTGAGVNIAKA	72,355	691	\N	2	t	\N
1633	\N	Q72E81	\N	\N	\N	\N	\N	\N	\N	\N	\N	\N	\N	2	t	\N
1634	QRCC_DESVH	Q72E85	2793633	\N	qrcC	\N	\N	\N	\N	MSSFKEFKIKWGMVIDLDKCTGCGACMVACQAENNIAPQPDASNKLKSLNWLVVYELNNGKPFPEHDVAYLPRPCMQCGKPSCVSVCPVVATDKNEEGGIVSQVYPRCIGCRYCMASCPYHARYFNWFDPTWPEGMDKTLTPDVSVRPRGVVEKCTFCHHRFMQAKDKARVEGRDPSALRDGDYVTSCTEACPNGAIIFGDFNNPEHRVHELHKSKYAFRLLERLGTDPQVYYLSRREWVRRLGDNYLEHEKVKG	29,043	255	\N	2	t	\N
1635	\N	Q72E24	\N	\N	\N	\N	\N	\N	\N	\N	\N	\N	\N	2	t	\N
1636	\N	Q72E80	\N	\N	\N	\N	\N	\N	\N	\N	\N	\N	\N	2	t	\N
1637	\N	Q72E27	\N	\N	\N	\N	\N	\N	\N	\N	\N	\N	\N	2	t	\N
1638	\N	Q727L8	\N	\N	\N	\N	\N	\N	\N	\N	\N	\N	\N	2	t	\N
1639	\N	Q727B7	\N	\N	\N	\N	\N	\N	\N	\N	\N	\N	\N	2	t	\N
1640	\N	Q727B8	\N	\N	\N	\N	\N	\N	\N	\N	\N	\N	\N	2	t	\N
1641	GPMA_DESVH	Q727C0	2793973	\N	gpmA	\N	\N	\N	\N	MARLILLRHGQSAWNLENRFTGWTDVDLSPAGEAEALAAARLIRDEGLDFSVCHTSMLTRAIRTLHLVQQELDRLWTPVRKHWRLNERHYGALQGLDKRETAARHGEDQVFVWRRSYDVPPPVIAPDDPKHPVHDPRYADVPPDVLPCGESLEATVARVLPYWYDAIAPDLMAGRDVLVAAHGNSLRALVMHLDGLDREDVSRLDIPTGLPRLYELDAALRPVSYRYLGDPAEAEERARAVAAQGRLEKN	28,208	250	\N	2	t	\N
1642	\N	Q727C3	\N	\N	\N	\N	\N	\N	\N	\N	\N	\N	\N	2	t	\N
1643	\N	Q727C5	\N	\N	\N	\N	\N	\N	\N	\N	\N	\N	\N	2	t	\N
1644	\N	Q72ES6	\N	\N	\N	\N	\N	\N	\N	\N	\N	\N	\N	2	t	\N
1645	\N	Q72ES7	\N	\N	\N	\N	\N	\N	\N	\N	\N	\N	\N	2	t	\N
1646	\N	Q72AP3	\N	\N	\N	\N	\N	\N	\N	\N	\N	\N	\N	2	t	\N
1647	\N	Q72ES3	\N	\N	\N	\N	\N	\N	\N	\N	\N	\N	\N	2	t	\N
1648	\N	Q72ES5	\N	\N	\N	\N	\N	\N	\N	\N	\N	\N	\N	2	t	\N
1649	\N	Q72DP5	\N	\N	\N	\N	\N	\N	\N	\N	\N	\N	\N	2	t	\N
1650	\N	Q72AQ2	\N	\N	\N	\N	\N	\N	\N	\N	\N	\N	\N	2	t	\N
1651	\N	Q72AQ1	\N	\N	\N	\N	\N	\N	\N	\N	\N	\N	\N	2	t	\N
1652	\N	Q72DP8	\N	\N	\N	\N	\N	\N	\N	\N	\N	\N	\N	2	t	\N
1653	\N	Q726R1	\N	\N	\N	\N	\N	\N	\N	\N	\N	\N	\N	2	t	\N
1654	\N	Q72AQ5	\N	\N	\N	\N	\N	\N	\N	\N	\N	\N	\N	2	t	\N
1655	\N	Q726Q9	\N	\N	\N	\N	\N	\N	\N	\N	\N	\N	\N	2	t	\N
1656	NDK_DESVH	Q729L7	2793806	\N	ndk	\N	\N	\N	\N	MVERTFSIIKPDAVERNLQGEVLAMIQGAGLKVVAMKMIHLTKAQAEGFYAVHRERPFFDSLTTYMCSGPVVCSVLEGENAISRYREIMGATNPANAAEGTIRKKYAVSLEANSVHGSDAPETAAFEISYFFNALEIVG	15,164	139	\N	2	t	\N
1657	\N	Q72C12	\N	\N	\N	\N	\N	\N	\N	\N	\N	\N	\N	2	t	\N
1658	ILVC_DESVH	Q72CA6	2793511	\N	ilvC	\N	\N	\N	\N	MKVYYEKDANLEALKGKTVAIIGYGSQGHAHAQNLRDSGISVIVGQRPGGANYALAKEHGFEPVSAAEAAAKADLIMILLPDQVQAAVYEAEIKPNLKAGDALLFAHGFNIHFGQIEPPKDVDVFMIAPKGPGHLVRRTYTEGGGVPCLVAVHQDATGKAMEKALAYAKGVGGSRSGVIETTFREETETDLFGEQAVLCGGLSSLIKAGFETLVEAGYQPEIAYFECLHEVKLIVDLIYEGGLERMRYSISDTAEYGDYVTGKRIVTEETKKEMKKVLRDIQDGTFARNFILEAKAGYPGFKATRRLEAEHQIEKVGGELRGMMPWLKKKV	36,066	331	\N	2	t	\N
1659	\N	Q72FD4	\N	\N	\N	\N	\N	\N	\N	\N	\N	\N	\N	2	t	\N
1660	\N	Q72C13	\N	\N	\N	\N	\N	\N	\N	\N	\N	\N	\N	2	t	\N
1661	\N	Q72CA8	\N	\N	\N	\N	\N	\N	\N	\N	\N	\N	\N	2	t	\N
1662	\N	Q72CA7	\N	\N	\N	\N	\N	\N	\N	\N	\N	\N	\N	2	t	\N
1663	\N	Q3V892	\N	\N	\N	\N	\N	\N	\N	\N	\N	\N	\N	2	t	\N
1664	\N	Q726Q7	\N	\N	\N	\N	\N	\N	\N	\N	\N	\N	\N	2	t	\N
1665	\N	Q726Q8	\N	\N	\N	\N	\N	\N	\N	\N	\N	\N	\N	2	t	\N
1666	\N	Q72CB0	\N	\N	\N	\N	\N	\N	\N	\N	\N	\N	\N	2	t	\N
1667	DAPA_DESVH	Q72AX2	2794312	\N	dapA	\N	\N	\N	\N	MQFTGAFTAIVTPFRNGRVDEERFRELIEWQIEQGINGLVPCGTTGESATLSHDEHRDVIRICVEQVKGRIPVLAGAGSNNTREAIDLTRFAKEAGADGALLITPYYNKPTQEGLYLHFKAIASEVSMPFIVYNVPSRTGTNICPETLARLNRDIPEVVGVKEATGNLIQVSEILEYCGTDFQVLSGDDFTVLPLLSVGGCGVISVTSNVVPAKMSDMCRAFKAGDLATARRLHFELSPINRAMFLETNPIPVKTALALMGRIDLEMRLPLCPLQQVNQSRLRDILAAAGIL	31,903	292	\N	2	t	\N
1668	\N	Q72AU0	\N	\N	\N	\N	\N	\N	\N	\N	\N	\N	\N	2	t	\N
1669	GSA_DESVH	Q725I1	2795873	\N	hemL	\N	\N	\N	\N	MSQRSSELFERAQQLIPGGVNSPVRACLGVDSEPLFIARAAGSRLHTVDGETFIDFVESWGPMLLGHTHPEVTAAVHAAVDRGTSYGAPCEDEVVLAAKVVDALPGVDMVRMVNSGTEATMSALRLARGYTGRTKLVKFVGCYHGHADPFLASAGSGVATLSIPGTPGVPESTVRDTLLAPYNDLAAVKDLFALHGKDIAAIIVEAVAGNMGLVPPKAGFLEGLRELCDQHGALLIFDEVITGFRVSFGGAQQRFGITPDLTTLGKIIGGGLPVGAYGGKREIMQRIAPCGEVYQAGTLSGNPLAMAAGIATLDVLSRSDYAGLEARVAAFVKELEAILKGKGVPVRINTLASMFTVFFTNDPVTDFASAKTADGALYTSFYKQMRAQGIYLAPSPFEAAMVSFAHTDDDLAAMLDAARKVTF	44,469	423	\N	2	t	\N
1907	\N	Q72AB5	\N	\N	\N	\N	\N	\N	\N	\N	\N	\N	\N	2	t	\N
1670	HSLV_DESVH	Q72BQ7	2796189	\N	hslV	\N	\N	\N	\N	MELKGTTILAVRGAQGVTIAGDGQVTMGQSIVMKHSARKVRRLYNGRVVAGFAGSTADAFTLFEHFEAKLEEHRGNLVRAAVEMAKSWRKDKYLRRLEAMLLVADNEHILVLSGNGDVIEPDDGIAAIGSGGPYALAAARALARHTQLDAETIAREAMRIAGEICVFTNDHLTVESAETQA	19,487	181	\N	2	t	\N
1671	\N	Q725I2	\N	\N	\N	\N	\N	\N	\N	\N	\N	\N	\N	2	t	\N
1672	\N	Q72BQ9	\N	\N	\N	\N	\N	\N	\N	\N	\N	\N	\N	2	t	\N
1673	\N	Q72AT9	\N	\N	\N	\N	\N	\N	\N	\N	\N	\N	\N	2	t	\N
1674	\N	Q725I7	\N	\N	\N	\N	\N	\N	\N	\N	\N	\N	\N	2	t	\N
1675	\N	Q72BR2	\N	\N	\N	\N	\N	\N	\N	\N	\N	\N	\N	2	t	\N
1676	\N	Q72BR3	\N	\N	\N	\N	\N	\N	\N	\N	\N	\N	\N	2	t	\N
1677	\N	Q72BR4	\N	\N	\N	\N	\N	\N	\N	\N	\N	\N	\N	2	t	\N
1678	\N	Q72FZ0	\N	\N	\N	\N	\N	\N	\N	\N	\N	\N	\N	2	t	\N
1679	\N	Q72AX6	\N	\N	\N	\N	\N	\N	\N	\N	\N	\N	\N	2	t	\N
1680	\N	Q72FZ1	\N	\N	\N	\N	\N	\N	\N	\N	\N	\N	\N	2	t	\N
1681	\N	Q729K3	\N	\N	\N	\N	\N	\N	\N	\N	\N	\N	\N	2	t	\N
1682	\N	Q725I4	\N	\N	\N	\N	\N	\N	\N	\N	\N	\N	\N	2	t	\N
1683	\N	Q728V2	\N	\N	\N	\N	\N	\N	\N	\N	\N	\N	\N	2	t	\N
1684	\N	Q72AD6	\N	\N	\N	\N	\N	\N	\N	\N	\N	\N	\N	2	t	\N
1685	\N	Q72B06	\N	\N	\N	\N	\N	\N	\N	\N	\N	\N	\N	2	t	\N
1686	\N	Q72AD3	\N	\N	\N	\N	\N	\N	\N	\N	\N	\N	\N	2	t	\N
1687	\N	Q72B07	\N	\N	\N	\N	\N	\N	\N	\N	\N	\N	\N	2	t	\N
1688	\N	Q72AC9	\N	\N	\N	\N	\N	\N	\N	\N	\N	\N	\N	2	t	\N
1689	\N	Q72B02	\N	\N	\N	\N	\N	\N	\N	\N	\N	\N	\N	2	t	\N
1690	\N	Q72B01	\N	\N	\N	\N	\N	\N	\N	\N	\N	\N	\N	2	t	\N
1691	\N	Q729K1	\N	\N	\N	\N	\N	\N	\N	\N	\N	\N	\N	2	t	\N
1692	Y3308_DESVH	Q725W7	2796044	\N	\N	\N	\N	\N	\N	MQTRITWHGHSNFQVASGGTNVLIDPFFDGNPVAAARWDAIDRPDLVLVTHDHGDHVGQAIDICKATGAKLGCVVGTDARLVEAGLPRELVLNGIGFNIGGTVECAGARITMTQAYHSSESGVPVGYIVTMPDGFTFYHAGDTGIFSEMELWGRLYAIDLALLPIGGVFTMDPRQAALACSLLRARSVIPMHWGTFPVLEQNTTRFREQLANHAPDCRLFNMTPGESLTLDRSQEGCAC	25,814	239	\N	2	t	\N
1693	RL19_DESVH	Q72DU4	2795499	\N	rplS	\N	\N	\N	\N	MDIMKKIELEHLRMDLPKFRSGDTVKVHLRIVEGEKERIQMFQGNVIRIHRGTTGGTFTVRKVSDGVGVERVFPLHSPFIDRVELITEGRVRRSRLYYLRDLRGKAARIKPKNRF	13,501	115	\N	2	t	\N
1694	PDXJ_DESVH	Q3V891	2793681	\N	pdxJ	\N	\N	\N	\N	MPILVVNVDHVATLRQQRLGIEPDPVTAAHMAELAGARGIIVHLREDRRHIQDRDVSLLRQTLKTRLHLEMAATEEMQGIALAEKPHMVCLVPEKREELTTEGGLVVAGRVDFLQAYVKPFHEIGIATSLFIEADPDQIRAAARVGVTHVELHTGHFADAPDAAERKRQRDAIVAGIGLARTLGLKVNLGHGLNYDNIFDFEAVPGICEFSIGHSIVSRAVLTGFGPAVRDMVDIINRFPG	26,414	241	\N	2	t	\N
1695	\N	Q72AQ3	\N	\N	\N	\N	\N	\N	\N	\N	\N	\N	\N	2	t	\N
1696	\N	Q72F72	\N	\N	\N	\N	\N	\N	\N	\N	\N	\N	\N	2	t	\N
1697	RS16_DESVH	P62229	2794851	\N	rpsP	\N	\N	\N	\N	MAVKLRLTRMGNKKRAFYRIVAVNSETRRDGRPLEYIGFYNPMVDPAEVKIDAEKVQKWLALGAEPTDTVRNLIKKQQA	9,106	79	\N	2	t	\N
1698	PHNC_DESVH	Q72AQ6	2795313	\N	phnC	\N	\N	\N	\N	MSHASDPKKAGAHGDKSLVVEHLRKEYVRGKAVLKDISFTVSGQSTTAIIGPSGTGKSTLLRCINRLIEPTAGRILVSGEDVCALKGTALREARRRIGMVFQEYNLVERLSVMENVLCGRLGYISPWRAWLRKFPQEDIDRAFDLLDMVGLADFARARADELSGGQRQRVGIARAVMQEPHILLADEPTSSLDPKTSVEIMELLRAVAEKRDIPVLVNIHDVTLGRRFSDRVIGMCKGEVLFDDVPSALQDDHLKQIYGGEEWLQ	29,432	265	\N	2	t	\N
1699	\N	Q729K8	\N	\N	\N	\N	\N	\N	\N	\N	\N	\N	\N	2	t	\N
1700	\N	Q72AQ9	\N	\N	\N	\N	\N	\N	\N	\N	\N	\N	\N	2	t	\N
1701	KAD_DESVH	Q72AR0	2795309	\N	adk	\N	\N	\N	\N	MNILIFGPNGSGKGTQGALVKKKYDLAHIESGAIFREHIGGGTELGKQAKAFIERGDLVPDDITIPMVLETLKSKGANGWLLDGFPRNMVQAQKLWDALQAEGMKLDYVIEILLPREVAKNRIMGRRLCKNDNNHPNNIFIDAIKPNGDVCRVCGGELSARSDDQDEGAIGKRHDIYYNTVDGTLAAAYFYKDLAAKGMTKYIELDGEGAIDAIKDKLLAQLS	24,421	223	\N	2	t	\N
1702	\N	Q72AR1	\N	\N	\N	\N	\N	\N	\N	\N	\N	\N	\N	2	t	\N
1703	\N	Q72AR2	\N	\N	\N	\N	\N	\N	\N	\N	\N	\N	\N	2	t	\N
1704	\N	Q72F10	\N	\N	\N	\N	\N	\N	\N	\N	\N	\N	\N	2	t	\N
1705	\N	Q72F44	\N	\N	\N	\N	\N	\N	\N	\N	\N	\N	\N	2	t	\N
1706	\N	Q0PIQ8	\N	\N	\N	\N	\N	\N	\N	\N	\N	\N	\N	2	t	\N
1707	\N	Q0PIQ7	\N	\N	\N	\N	\N	\N	\N	\N	\N	\N	\N	2	t	\N
1708	DSVD_DESVH	Q46582	2796154	\N	dsvD	\N	\N	\N	\N	MEEAKQKVVDFLNSKSGSKSKFYFNDFTDLFPDMKQREVKKILTALVNDEVLEYWSSGSTTMYGLKGAGKQAAAEHED	8,830	78	\N	2	t	\N
1709	PTA_DESVH	Q726S7	2796446	\N	pta	\N	\N	\N	\N	MSNNLYITATESKSGKSAVVLGMMQLLLRDVRKVAFFRPIINQASTDVRDHDINLILRHFGLDIAYEDTYAYSLQDARELINNGQHATLLDNILKKYKKLEDAYDFVLCEGTDFLGKDAAFEFELNADIAANLGCPVMVVANGQQKAARELIASTQLTIDLLDEKGLDVVTAVINRATVTEAEREEIIKSLECKVNCSNPLAVYVLPEESTLGKPTMNDVKKWLGAQVLYGHGRLDTLVDDYIIAAMQIGNFLDYVSQGCLVITPGDRSDIILSSLASRLSTAYPDISGLLLTGGLEPAANVHRLIEGWTGVPIPILSVKDHTYKTIQTLNELYGKIEPDNDRKINTALALFERHIDSSELGSRLINRKSSRITPKMFEFNLIEKAKRNRMRIVLPEGAEERILRAADILVRREVADIILLGDANTVGSRIGDLGLDMDGVQIVQPNLSPKFDEYVAAYHECRKKKGISMEQARDMMNDPTYFGTMMVHKGDADGMVSGAINTTAHTIRPAFEFIKTKPGVSIVSSVFLMCLKDRVLVFGDCAVNPNPTAEQLAEIAISASHTARIFGVDPRVAMLSYSTGSSGKGADVEKVIEATRIAKERAPELLLEGPLQYDAAIDMDVARTKLPGSTVAGQATVFIFPDLNTGNNTYKAVQRAAGAVAIGPVLQGLNKPVNDLSRGCTVADIVNTVAITAIQAQAEKGLI	76,830	704	\N	2	t	\N
1710	\N	Q72C09	\N	\N	\N	\N	\N	\N	\N	\N	\N	\N	\N	2	t	\N
1711	\N	Q728D6	\N	\N	\N	\N	\N	\N	\N	\N	\N	\N	\N	2	t	\N
1712	\N	Q72FD5	\N	\N	\N	\N	\N	\N	\N	\N	\N	\N	\N	2	t	\N
1713	\N	Q72FN6	\N	\N	\N	\N	\N	\N	\N	\N	\N	\N	\N	2	t	\N
1714	\N	Q72FP3	\N	\N	\N	\N	\N	\N	\N	\N	\N	\N	\N	2	t	\N
1715	\N	Q72FP0	\N	\N	\N	\N	\N	\N	\N	\N	\N	\N	\N	2	t	\N
1716	\N	Q72FE1	\N	\N	\N	\N	\N	\N	\N	\N	\N	\N	\N	2	t	\N
1717	\N	Q728R0	\N	\N	\N	\N	\N	\N	\N	\N	\N	\N	\N	2	t	\N
1718	MURD_DESVH	Q728U6	2795634	\N	murD	\N	\N	\N	\N	MTCDKEKTRGIRPGDIAVVVGTGRSGVAAARLLHAKGARVRVLERDAANVPATFAEWAAGAGVEIVCGAHDAAHFADAAVVVPSPGVAVATLRPYLPATGGPEVMAEMELAWRELSGEPVIAVTGTSGKTTTVSLCAHMLRTQGLSVFLGGNIGTPLCEYVLEGKRADVLVIEISSFQLQTCSTFRPRVAMLLNITANHLDYHADMQEYIDAKFRLFRCQDEDDLAVFGEGLAPLVDRYGVKARRVTFRATDRFAESRLFGAHNRANAEAAWTAAREFGVTLENALQAVATFAPMPHRLEQVAERGGVLYVNDSKCTTVSALRVALEAFDRPVLLLAGGKFKGGDLEGLIPLVRERVRAVMLFGASREVFEAAWRDVVPMTWDATLEEAVRRAASAARQGEVVLMAPATASFDLFRNYGHRGDVFRAAVESLA	46,640	433	\N	2	t	\N
1719	\N	Q72FD8	\N	\N	\N	\N	\N	\N	\N	\N	\N	\N	\N	2	t	\N
1720	GLMU_DESVH	Q728D5	2796235	\N	glmU	\N	\N	\N	\N	MASTTGALILAAGKGTRMHSDKPKVLQTILGEPMLRFVMDALAPVFGDRVWTVVGHRADMIYAAFAGEDARFVVQEQQLGTGHALQMAWESLRAAGLDRVVVVNGDTPLLATETIDFFLKESAEADIAFMTLTLPDPGAYGRVVRHNGHVAAIVEAKDYDEALYGPEPSEINTGIYALRLDAVESLLPRLTNANRSGEYYITDLVGLAVAERMNVLGIQCGEDPNLLGVNNPAELIRSEALLRTRLVIGHIEGGVLIHAPETVRISPRATIEPGAEIYGPCEIYGTSRIARGAVVHSHCWLRNAEVESGSEVKSFSHLEGATVGKGCSVGPFARLRPGAVLDEEARVGNFVEMKKARLHKGAKAGHLTYLGDADVGAGANIGAGTITCNYDGKNKHRTVIGAGAFIGSNTALVAPVTVGDGSLVGAGSVITKDVPEASLAIARGRQTNLPRKPKA	48,181	455	\N	2	t	\N
1721	\N	Q728D4	\N	\N	\N	\N	\N	\N	\N	\N	\N	\N	\N	2	t	\N
1722	RS4_DESVH	Q72CF5	2794623	\N	rpsD	\N	\N	\N	\N	MAKYTDAKCRQCRREGTKLFLKGDRCFTDKCAFDRRPYAPGQHGRARKKVSDYAVQLREKQKVRRMYGILEQQFHAYFTKADMAKGVTGANLLSLLERRLDNVIYRLGFANSRNQARQLVRHGIFTLNGRKVNIPSLQVRIGDTIEVPEKSRKIPVLAEAQEVIARRGCPAWLEADGANFRGVVKALPQREDIQFPINEHLIVELYSK	23,905	208	\N	2	t	\N
1723	\N	Q728S9	\N	\N	\N	\N	\N	\N	\N	\N	\N	\N	\N	2	t	\N
1724	PGK_DESVH	P62412	2795619	\N	pgk	\N	\N	\N	\N	MAVIKMTDLDLKGKRVLLREDLNVPLKEGRITSDKRIRAALPSIRMAMEAGARVLIVSHLGRPVEGEFDEAFSLAPVAAHLSRELGRDVRLVKDYIDGVDVAEGDCVLCENVRFLKGEKKNTEELGRRLAALCDIFVMDAFGAAHRAQASTHAVARFAPVACAGPLLAAELDALERALDAPKHPLVGIIGGSKVSTKLTLLDNLSHRVDRLIVGGGIANNFIKAAGYEVGKSLYEPELVEEAARLMAAARAAGGEIPVPLDVVVGPELADGAPATVRKVSEVGPDEMILDIGPATATRYREILLAAGTIVWNGPVGAFEWEQFGAGTRALCEAVADSPAFSIAGGGDTVAAVEKYGVASRVGYISTGGGAFLEFLEGKELPAVAILQERAAQS	41,450	393	\N	2	t	\N
1725	\N	Q729R8	\N	\N	\N	\N	\N	\N	\N	\N	\N	\N	\N	2	t	\N
1726	\N	Q72E54	\N	\N	\N	\N	\N	\N	\N	\N	\N	\N	\N	2	t	\N
1727	\N	Q727H1	\N	\N	\N	\N	\N	\N	\N	\N	\N	\N	\N	2	t	\N
1728	\N	Q727H0	\N	\N	\N	\N	\N	\N	\N	\N	\N	\N	\N	2	t	\N
1729	\N	Q726A1	\N	\N	\N	\N	\N	\N	\N	\N	\N	\N	\N	2	t	\N
1730	PANC_DESVH	Q729A4	2796625	\N	panC	\N	\N	\N	\N	MQIITEPQTIQQACLRWRADGVHTALVPTMGYYHAGHESLMAHARAVSEKVIVSLFVNPAQFGPGEDFAAYPRDLERDAAMAEAQGVDVLFAPKAEDLYKKDHATWVEVPALSQTMCGLSRPTHFRGVCTVVTKLLMLTMPRIAVFGQKDWQQVAVIRRMVRDLNIPVDIVGRPIVREPDGLAMSSRNIYLTAEERLQAPHIHHGLALGRAITQSGERDAETIKTAIRRYWAQNLPGGEEDYLTIVDPVSLEPVDRLTGATLCATAVRVGQARLLDNMMLLGD	31,345	283	\N	2	t	\N
1731	METK_DESVH	Q729A3	2796626	\N	metK	\N	\N	\N	\N	MIPSKGKYYFTSESVTEGHPDKVADQISDAVLDVLLAQDPNSRVACETLVTTGMAVIAGEITTRGYADLPHVVRETIRNIGYNSSEMGFDWQTCAVISSIDKQSADIAQGVDRATNEDQGAGDQGMMFGFACDETATLMPAPIYWAHQLSQRLTEVRKDGTVDIFRPDGKTQVSFEYVDGKPVRINNVVVSTQHKDSASQADIIDAVKTHVIRPILEPSGFFDEKACDIFINTTGRFVIGGPMGDCGLTGRKIIQDTYGGMGHHGGGAFSGKDASKVDRSGAYMARYIAKNVVASGLAPKCEVQIAYCIGVAEPVSVLVSSQGTASVPDEVLTRAVREVFDLRPFHITRRLDLLRPIYGKTSCYGHFGRELPEFTWEHTDAAADLRTAAKV	42,424	391	\N	2	t	\N
1732	\N	Q729A8	\N	\N	\N	\N	\N	\N	\N	\N	\N	\N	\N	2	t	\N
1733	\N	Q72BF4	\N	\N	\N	\N	\N	\N	\N	\N	\N	\N	\N	2	t	\N
1734	\N	Q729B0	\N	\N	\N	\N	\N	\N	\N	\N	\N	\N	\N	2	t	\N
1735	\N	Q72BF2	\N	\N	\N	\N	\N	\N	\N	\N	\N	\N	\N	2	t	\N
1736	\N	Q729B1	\N	\N	\N	\N	\N	\N	\N	\N	\N	\N	\N	2	t	\N
1737	\N	Q729X2	\N	\N	\N	\N	\N	\N	\N	\N	\N	\N	\N	2	t	\N
1738	\N	Q725P5	\N	\N	\N	\N	\N	\N	\N	\N	\N	\N	\N	2	t	\N
1739	\N	Q72FN8	\N	\N	\N	\N	\N	\N	\N	\N	\N	\N	\N	2	t	\N
1740	ARLY_DESVH	Q72D36	2794073	\N	argH	\N	\N	\N	\N	MAEKKMWGGRFKQGTATLVEEYTESVSYDRALYAQDIAGSMAHARMLARQGVLTAEEAAIIVDGLATVRSEIEAGSFVWRREFEDVHMNIENRLTELVGDVGKKLHTGRSRNDQVALDFRLFVSDRVRVWRELGRDLVGVIVDQARQHTATLLPGCTHMQPAQPVSLAQHLLAYAWMLRRDIDRLEDCDKRARVCPLGAAALAGTTYPLDPASVADELGMYGTFRNSMDAVSDRDFVLEALFDGSVIMAHLSRLCEEFILWANPAFGYIFLPDAYATGSSIMPQKKNPDVAELMRGKTGRVYGALTTMLTTVKGLPMTYNRDLQEDKEPFIDADRTVSASLEIMAGMLREVRFNTARMRTALRSGFLNATELADYLVGKGIPFREAHHLTGAAVALAEEKGVTLEELPLEDYRGICDRIDEDVYPILEPEAAVSRRETPGGTGPRSVAAQIAELDSWLGR	51,036	460	\N	2	t	\N
1741	ASSY_DESVH	P61522	2794339	\N	argG	\N	\N	\N	\N	MSGIKKVVLAYSGGLDTSVILKWLAVTYNCEVVTLTADLGQEEDLDGVDDKAMRTGASRAYVEDLQEEFARDFIFPMMRAGAVYEGRYLLGTSIARPLIAKRLVEIARAEGAQAVAHGATGKGNDQVRFELAVNALAPDLRVIAPWREWDLRSRTQLNAFAEEHGIPISSSAKQYSMDRNMLHCSFEGGELEDPWNEPGPNSYVMAVPMEQAPDEAEYISIDFEHGNPVAVNGERLSPAALVKKLNSIGGRHGIGRLDMVENRFVGIKSRGVYETPGGTLIHIAHRDLEGICIDRETMHLRDAMLPRYAAAIYNGFWFAPEREAMQAMIDVSQQRVTGTVRLKLYKGNAWPVGRQSPNTLYCHDLATFEDCATYDHKDAAGFIKLQGLRIRGYKKG	43,911	396	\N	2	t	\N
1742	OTC_DESVH	Q72D35	2794340	\N	argF	\N	\N	\N	\N	MPKHFTRIRDLGFEGAWKVLERAKEMKDTGYRGRTLEGKVATLIFEKASTRTRISFEVAVRHLGGTTIFMTPAESQLGRSEPLRDTARVISRYTDCMIVRTFGQAKIDELASFGSIPVVNALTDEGHPCQVMSDVLTMYERTPDLSQVRVAWIGDGNNMANSWIEAAMYFPFELFMAFPEGYEPDRQLLGLALEAGAKIFLTRDPHMAIDGAHYVNTDVWASMGQEEEQKRREAAFKGFCIDGALMGRAHPDAKFMHCLPAHRGEEVTDEVMESPASIVWDQAENRLHMQKAILEWVFTE	33,900	300	\N	2	t	\N
1743	\N	Q72D34	\N	\N	\N	\N	\N	\N	\N	\N	\N	\N	\N	2	t	\N
1744	\N	Q72EN9	\N	\N	\N	\N	\N	\N	\N	\N	\N	\N	\N	2	t	\N
1745	\N	Q72D39	\N	\N	\N	\N	\N	\N	\N	\N	\N	\N	\N	2	t	\N
1746	\N	Q729M6	\N	\N	\N	\N	\N	\N	\N	\N	\N	\N	\N	2	t	\N
1747	\N	Q72D37	\N	\N	\N	\N	\N	\N	\N	\N	\N	\N	\N	2	t	\N
1748	\N	Q728L3	\N	\N	\N	\N	\N	\N	\N	\N	\N	\N	\N	2	t	\N
1749	\N	Q72FA9	\N	\N	\N	\N	\N	\N	\N	\N	\N	\N	\N	2	t	\N
1750	\N	Q72FD6	\N	\N	\N	\N	\N	\N	\N	\N	\N	\N	\N	2	t	\N
1751	\N	Q72FB2	\N	\N	\N	\N	\N	\N	\N	\N	\N	\N	\N	2	t	\N
1752	\N	Q72CM5	\N	\N	\N	\N	\N	\N	\N	\N	\N	\N	\N	2	t	\N
1753	\N	Q72CM6	\N	\N	\N	\N	\N	\N	\N	\N	\N	\N	\N	2	t	\N
1754	\N	Q72EF1	\N	\N	\N	\N	\N	\N	\N	\N	\N	\N	\N	2	t	\N
1755	AZOR_DESVH	Q728Q5	2796122	\N	azoR	\N	\N	\N	\N	MATILYIKASPRGERSHSVTVADAFVKAYSEANPGDVVRVLDVFEADLPAFGTDAVVARYLSGQGDPLSPAQEAAWAAVKRQVEDFKTADKYVIALPMWNFSIPWRLKQFFDIIIQPGLTFSYDEQGYHGLVTGRPVLVSYARGGAYPAGTPAEGWDFQKRYLEHILGFIGFTDIRSVVVEPTLAGGPDTAQAKRAEAVEQARRMALEF	22,989	209	\N	2	t	\N
1756	\N	Q72CN2	\N	\N	\N	\N	\N	\N	\N	\N	\N	\N	\N	2	t	\N
1757	\N	Q72FH1	\N	\N	\N	\N	\N	\N	\N	\N	\N	\N	\N	2	t	\N
1758	\N	Q72CT4	\N	\N	\N	\N	\N	\N	\N	\N	\N	\N	\N	2	t	\N
1759	\N	Q728C8	\N	\N	\N	\N	\N	\N	\N	\N	\N	\N	\N	2	t	\N
1760	\N	Q72C14	\N	\N	\N	\N	\N	\N	\N	\N	\N	\N	\N	2	t	\N
1761	KGUA_DESVH	Q72DM9	2794118	\N	gmk	\N	\N	\N	\N	MGRERSGIVLVLCAPSGTGKTTLTRRLLTEFPRFAFSVSYTTRKPRNGEVDGKDYHFVTVEAFLRLRDAGFFAEWAEVHGNFYGTPLKATLDLLDEGRDVLFDIDVQGARQLRASLQRGRYVFIMPPSRDELEHRLRARGTDDEETIARRLANAAKELREARRFDAWIVNDDLERAYDELRAAYIEETLSPECRSAFLDGLLQGWND	23,721	207	\N	2	t	\N
1762	\N	Q729W6	\N	\N	\N	\N	\N	\N	\N	\N	\N	\N	\N	2	t	\N
1763	\N	Q729W7	\N	\N	\N	\N	\N	\N	\N	\N	\N	\N	\N	2	t	\N
1764	\N	Q72E67	\N	\N	\N	\N	\N	\N	\N	\N	\N	\N	\N	2	t	\N
1765	\N	Q72B89	\N	\N	\N	\N	\N	\N	\N	\N	\N	\N	\N	2	t	\N
1766	PROA_DESVH	Q72AN9	2793523	\N	proA	\N	\N	\N	\N	MNIASQIEDMGRRARAAGRRLAAASPAAKAGALDHLATLLEQRQDAILAANAADLAAAAEAGMDAPRMDRLRLTPATIAEMAAACRHVAALPDPVGAIETQWQRPNGLLVGKMRIPLGVIAMIYESRPNVTIDSAILCLKAGNAVILRGGSEAIHSNLALAALITEALSSVGLPAEAVQVVSTTDRAVIAELCKLEEHIDVIIPRGGETLIRAVVDMARMPVLKHYKGVCHAYIDSGADLAQAVEIIHNAKVQRPGVCNALEGLLVHRDEAAAFLPAIAERLGNDGVEFRACPASLPLLGDSAIPMKDEDNGQEFHDLILLVRIVDDMDEALAHIAAYGSNHTEIICTRDHGNAMRFLREADASMVAVNASSRFNDGGQLGLGAEIGISTSKLHSYGPMGVQELTTTKFVVFGAGQIRQ	44,316	419	\N	2	t	\N
1767	\N	Q72E63	\N	\N	\N	\N	\N	\N	\N	\N	\N	\N	\N	2	t	\N
1768	\N	Q727W0	\N	\N	\N	\N	\N	\N	\N	\N	\N	\N	\N	2	t	\N
1769	\N	Q72AP0	\N	\N	\N	\N	\N	\N	\N	\N	\N	\N	\N	2	t	\N
1770	\N	Q72EB9	\N	\N	\N	\N	\N	\N	\N	\N	\N	\N	\N	2	t	\N
1771	\N	Q726Y6	\N	\N	\N	\N	\N	\N	\N	\N	\N	\N	\N	2	t	\N
1772	\N	Q726Y0	\N	\N	\N	\N	\N	\N	\N	\N	\N	\N	\N	2	t	\N
1773	\N	Q72BL7	\N	\N	\N	\N	\N	\N	\N	\N	\N	\N	\N	2	t	\N
1774	GPMI_DESVH	Q72BL6	2795880	\N	gpmI	\N	\N	\N	\N	MSLKPTLLLILDGWGKAPAGPGNAVTLAGMPHLSSLLRQAGCTELACSGRAVGLPEGFMGNSEVGHMNIGAGRVVYQDMTRIDIAVERGELASNPALTGLFEAVRATGGRVHLMGLLSDGGVHSHIAHVEALALAARDAGVEVVVHAFLDGRDTAPTSGVGYVKRLASFLESNRAGRIGSLVGRYYAMDRDKRWDRNLLAWAMLTRGEGAPADDPVGAVEAAYAAGETDEFVKPRVVVEGGSPIGTIRDGDGVFFFNFRADRARQLSHMFVDGTFEHGDRGHVPSLAGFATMTSYDPALGLPVAFDKQPLDGTLGEVVANQGLRQLRIAETEKYAHVTYFLNCGREEPFPGEERRLLPSPRDVATYDLKPEMSAEAVTDTLLEEWAGGGYTLAVCNVANLDMVGHTGVIPAAVRACETVDACVRRIADAVLASGGRLVITADHGNAEELLDESGNPQTAHSMNRVPFTVVEQGRVHTFREGGVLGDIAPTILGLWGVPASAGMTGTSLITE	54,089	511	\N	2	t	\N
1775	CBIKP_DESVH	Q72EC8	2795040	\N	cbiKp	\N	\N	\N	\N	MSRHPMVTRLLCLVFSCLIILACSPAFAGHGAPKAQKTGILLVAFGTSVEEARPALDKMGDRVRAAHPDIPVRWAYTAKMIRAKLRAEGIAAPSPAEALAGMAEEGFTHVAVQSLHTIPGEEFHGLLETAHAFQGLPKGLTRVSVGLPLIGTTADAEAVAEALVASLPADRKPGEPVVFMGHGTPHPADICYPGLQYYLWRLDPDLLVGTVEGSPSFDNVMAELDVRKAKRVWLMPLMAVAGDHARNDMAGDEDDSWTSQLARRGIEAKPVLHGTAESDAVAAIWLRHLDDALARLN	31,807	297	\N	2	t	\N
1776	PSD_DESVH	Q726X7	2796293	\N	psd	\N	\N	\N	\N	MRNPSISITPEGLPAIGLCTLATLTFALIGCWVMAVIFLLLTWFCCHFFRDPERVTPTGAGLAVSPADGRVIRVEPVTDPITGEKRTCVCIFMNVFNVHVNRMPVAGTIRNIVYHPGKFFNAAWDKAATDNERCDYLIEDAEGGKWTMVQIAGLIARRIVCRVDEGDTLTRGERYGMIRFGSRVDLYLPDGYCPTVSVGEHVFAGQTIVARKSPEGA	23,900	217	\N	2	t	\N
1777	\N	Q72BM3	\N	\N	\N	\N	\N	\N	\N	\N	\N	\N	\N	2	t	\N
1778	\N	Q72BM2	\N	\N	\N	\N	\N	\N	\N	\N	\N	\N	\N	2	t	\N
1779	\N	Q72BM4	\N	\N	\N	\N	\N	\N	\N	\N	\N	\N	\N	2	t	\N
1780	\N	Q72DA8	\N	\N	\N	\N	\N	\N	\N	\N	\N	\N	\N	2	t	\N
1781	\N	Q72DA9	\N	\N	\N	\N	\N	\N	\N	\N	\N	\N	\N	2	t	\N
1782	\N	Q72CE0	\N	\N	\N	\N	\N	\N	\N	\N	\N	\N	\N	2	t	\N
1783	UPP_DESVH	Q72DA4	2794522	\N	upp	\N	\N	\N	\N	MAVYVVDHPLVKHKLGRLRQHDVPVSEFRAIANELCRLLAYEATKDLETEKVSVQGWAGPVEVDQIKGKKITAVPILRAGLGMLDGFLDMIPGAKVSVVGMFRNEETLEPVQYYTKLAKNIDERMAVILDPMLATGGTLDATIDLLKNAGCPQIKGLFLVAAPEGLKRIVDKHPDVDIYVAAVDERLNEHGYILPGLGDAGDKIFGTK	22,729	208	\N	2	t	\N
1784	RL17_DESVH	Q72CF3	2794625	\N	rplQ	\N	\N	\N	\N	MRHSNSGKKLGRTPSHRKALFRNLAKALLTHGKIRTTEIKAKELRRVVEPLITLALRNDLHARRQAYSVLGSHQLVKRLFDEIGPAFVGVPGGYTRVVKLGQPRRGDCAPLAIIEFTRTVAASEAAAAPAEAE	14,584	133	\N	2	t	\N
1785	HIS8_DESVH	Q72DA0	2794526	\N	hisC	\N	\N	\N	\N	MTAPSMSRPDDVRPEVLDFKPYVPGLSIDEIRDRFGLADVVKLASNENPLGTSPVVQRTLKTKADLAFRYAQSGNPRLTRAIAAHHGVAPERVVAGNGSDEIIDLLIRVRATPGKHNIVAFRPCFSIYELQAKFCGLEFRQADLRPDFTFDWDAFLAATDENTAIAFVTTPDNPSGWCPPVSELEHVARTLPPSCLFVIDEAYMDFCGDEAAHSLLSRLDAFPNIAVLRTFSKSFGLAGLRLGYGILPERLADYLHRVRLPFSVNILAEEAGLAALEDTVFRSETLRVTAEGRAYIAEGLTALGCEVMPSWANFIMFRPPTDATDLFEALLRRGIIIRPLKSYGLPQHLRVSVGNADENRRFIEACKEILPHA	41,268	373	\N	2	t	\N
1786	\N	Q725Z2	\N	\N	\N	\N	\N	\N	\N	\N	\N	\N	\N	2	t	\N
1787	\N	Q72CB2	\N	\N	\N	\N	\N	\N	\N	\N	\N	\N	\N	2	t	\N
1788	\N	Q728M4	\N	\N	\N	\N	\N	\N	\N	\N	\N	\N	\N	2	t	\N
1789	EFP_DESVH	Q72BH0	2795905	\N	efp	\N	\N	\N	\N	MYSTTDFRKGLKIELDGTPFEIVDFQHFKPGKGGAMVRTKLRNILNGRVVDNTFRSGEKVGRPDLESRDMQYLYHEGDDLVLMDLTTYEQLYMHEDLTDGKAGFLKDGQQVRVLLYNGKPLDLELPVSLVLEVVETEPGAKGDTVSNVTKPAKLETGIVVQVPIFVNQGDRIKVDTRSREYLGRE	20,893	185	\N	2	t	\N
1790	\N	Q72DD7	\N	\N	\N	\N	\N	\N	\N	\N	\N	\N	\N	2	t	\N
1791	\N	Q726L8	\N	\N	\N	\N	\N	\N	\N	\N	\N	\N	\N	2	t	\N
1792	\N	Q72C46	\N	\N	\N	\N	\N	\N	\N	\N	\N	\N	\N	2	t	\N
1793	\N	Q72BV4	\N	\N	\N	\N	\N	\N	\N	\N	\N	\N	\N	2	t	\N
1794	\N	Q72BU7	\N	\N	\N	\N	\N	\N	\N	\N	\N	\N	\N	2	t	\N
1795	\N	Q72DD2	\N	\N	\N	\N	\N	\N	\N	\N	\N	\N	\N	2	t	\N
1796	\N	Q72DD4	\N	\N	\N	\N	\N	\N	\N	\N	\N	\N	\N	2	t	\N
1797	\N	Q726M6	\N	\N	\N	\N	\N	\N	\N	\N	\N	\N	\N	2	t	\N
1798	\N	Q72BU5	\N	\N	\N	\N	\N	\N	\N	\N	\N	\N	\N	2	t	\N
1799	CLPX_DESVH	Q72CE7	2794584	\N	clpX	\N	\N	\N	\N	MSSNTGGSDRELRCSFCAKGQDEVKRLIAGPGVYICDECVALCNEIVAHEDAGEREEMDRLLTPAEIKARLDEYVIGQHQAKKILSVAVHNHYKRVFYAEALGGEVELEKSNILLIGPSGSGKTLLAKTLARVLKVPFAIADATTLTEAGYVGEDVENILVQLLQNADYDIEAAAKGIIYIDEIDKISRKGDGPSITRDVSGEGVQQALLKIIEGTEANIPPKGGRKHPQQEFIRMDTSNILFILGGAFIGLDKIVDQRSGGGSMGFGAKVSNRKDRPLGELLDQVHPNDLVKFGLIPEFIGRIPVVTHVDELGEEDLIRILTEPKNALVRQYQKLFELDKVTLRFTANALKSIASQAIERKTGARGLRNVMENVMLDIMYSLPTLEGVKECIINRAVVEKGREPVLIYDTEAKTGS	45,664	417	\N	2	t	\N
1800	\N	Q726M1	\N	\N	\N	\N	\N	\N	\N	\N	\N	\N	\N	2	t	\N
1801	\N	Q726M2	\N	\N	\N	\N	\N	\N	\N	\N	\N	\N	\N	2	t	\N
1802	\N	Q72C50	\N	\N	\N	\N	\N	\N	\N	\N	\N	\N	\N	2	t	\N
1803	\N	Q72G56	\N	\N	\N	\N	\N	\N	\N	\N	\N	\N	\N	2	t	\N
1804	\N	Q72G54	\N	\N	\N	\N	\N	\N	\N	\N	\N	\N	\N	2	t	\N
1805	SYN_DESVH	Q72G53	2793559	\N	asnS	\N	\N	\N	\N	MQRTQIVDALAATAPQPVIRLCGWVRTRRDAKGFSFLEINDGSCLANIQAIVDEGIPAYANIGAVSTGAAVDITGELVESPGKGQKWEVRVQTLTLLGAADAETYPLQKKRHSDEFLRSIAHLRARTNKYGAAFRIRSEAAFAIHEFYRERGFFYVHTPILTGSDCEGAGEMFRVTTLPVEGSATPASGNRYENDFFGKECNLTVSGQLEAETLALGLGKVYTFGPTFRAENSNTPRHAAEFWMIEPEVAFADLEEDMNLAEDMTRTVVRRILDRCAADLDLFNRFVDTTLVERLRQIADEPFARCSYTEAIELLLKSGKKFEYPVSFGLDLQTEHERYLAEEHFGKPVIVYNYPKEIKAFYMRLNDDGRTVAAMDVLVPRIGELIGGSQREERLDVLEARINEMGQNLEDYWWYLDLRRFGSVPHAGFGMGFERLLMLLTGITNIRDVIPFPRTPGNLEF	51,912	461	\N	2	t	\N
1806	\N	Q72G58	\N	\N	\N	\N	\N	\N	\N	\N	\N	\N	\N	2	t	\N
1807	\N	Q72G57	\N	\N	\N	\N	\N	\N	\N	\N	\N	\N	\N	2	t	\N
1808	RLMN_DESVH	Q727F1	2793934	\N	rlmN	\N	\N	\N	\N	MTDILNLTYEELEAFMTAELGEPRFRARQVWQWLWQKCARSFDEMTNVSKATRARLAEKAVITWPEVETVQKSADGTTKFLLRLADGALVETVLIPSASREGTLRITQCLSCQVGCAMGCTFCSTGTMGFERNMTMGEILGQVLVARAHLGDSRPDHPILRNLVFMGMGEPLLNLNEVMRSLRTLNDEFGLSFSPRRITVSTCGIEKGLRELGESGLAFLAVSLHAPNQEIRKRIMPKAAHWHLDDLITALESYPLKTRERVTFEYLLLGGVNDGIEHARELVRLVSRTKGKLNLIVYNPAEGDPYDAPTPERILAFEQYLWSKNITAIIRKSKGQDIKAACGQLKASELQRGTASAGADAPEA	40,471	364	\N	2	t	\N
1809	\N	Q727F2	\N	\N	\N	\N	\N	\N	\N	\N	\N	\N	\N	2	t	\N
1810	\N	Q727F3	\N	\N	\N	\N	\N	\N	\N	\N	\N	\N	\N	2	t	\N
1811	PYRB_DESVH	Q727F4	2793931	\N	pyrB	\N	\N	\N	\N	MQNETRSLWPHKDLLDVDQLSKDELLHLLDTAAQFHEINRRPVKKVPTLKGKSVILFFAEPSTRTKTSFDVAGKRLSADTFSLAKSGSSLQKGESLKDTALTLEAMNPDVLVIRHSSSGAARFLAERLACGVVNAGDGWHAHPTQALLDCYSLRQVWGDTFEGRTLCILGDIAHSRVARSNVKLLTSLGVRVRLCAPRTLLPAGVGNWPVEVFTDLDAAVRDADAVMCLRLQLERQQAGLLPDLREYSNRYCLTPRRLELAKPEAKVLHPGPMNRGLEIASSIADAPASLVLDQVAAGVATRMAILFLLATRTDGGR	34,649	317	\N	2	t	\N
1812	\N	Q72DQ4	\N	\N	\N	\N	\N	\N	\N	\N	\N	\N	\N	2	t	\N
1813	RS2_DESVH	Q72DQ5	2795173	\N	rpsB	\N	\N	\N	\N	MAYVSMKQMLETGVHFGHQTRRWNPKMRPFIFGARNGIHIIDLQQTVKMFRVAHDKVVDTVANGGRVMFIGTKRQAQEAVATEAGRAGQFYVTNRWMGGTLTNFFTIQKSIDRLKKLEAMFADGTVNRYQKKEILRLQREMDKLLATLGGIKDMDKLPQLAFVIDPHREDIAIKECRKLGIPIVAVTDTNCDPDLIDFVIPGNDDAIRAIKLFVAAIADACLEGDALRKERKGQDAEEELKKASEPKAAEAAAE	28,474	254	\N	2	t	\N
1814	\N	Q72AW2	\N	\N	\N	\N	\N	\N	\N	\N	\N	\N	\N	2	t	\N
1815	\N	Q72DQ3	\N	\N	\N	\N	\N	\N	\N	\N	\N	\N	\N	2	t	\N
1816	PYRH_DESVH	Q72DQ8	2795170	\N	pyrH	\N	\N	\N	\N	MSELKYKRVLLKLSGEALAGENKFGIDPATVSKICHEIADVVDMGLQVALVIGGGNIFRGLSSSAKGMDRSSADYMGMLATVLNALAVQDALEKLGHPTRVLSAITMQEVCEPYIRRRAERHLEKGRVVICAAGTGNPYFTTDTAAALRGMELKCEAIIKATKVDGVYDKDPMKHDDAVLFPRLTYVETLQRKLGVMDSTAITLAMENEVPIIVCNMFKGSIKRVVCGEEVGTIVQGG	25,722	238	\N	2	t	\N
1817	\N	Q079G1	\N	\N	\N	\N	\N	\N	\N	\N	\N	\N	\N	2	t	\N
1818	\N	Q72AL7	\N	\N	\N	\N	\N	\N	\N	\N	\N	\N	\N	2	t	\N
1819	\N	Q72BQ1	\N	\N	\N	\N	\N	\N	\N	\N	\N	\N	\N	2	t	\N
1820	\N	Q72AW7	\N	\N	\N	\N	\N	\N	\N	\N	\N	\N	\N	2	t	\N
1821	\N	Q72AW4	\N	\N	\N	\N	\N	\N	\N	\N	\N	\N	\N	2	t	\N
1822	\N	Q72DQ1	\N	\N	\N	\N	\N	\N	\N	\N	\N	\N	\N	2	t	\N
1823	CLPB_DESVH	Q72AW6	2794318	\N	clpB	\N	\N	\N	\N	MDIGKFTEKSQQALAEAQNIAVRFGHQEVDAEHLADALVRQEQGLVPRLLDRMGQKPEAFAEALERELGKRPAVSGPGAAPGQIFVSKRLNAVLVKAQDFARQLKDEYVSVEHIFCVLLEEPASTIMGRIAREFSLSREKVLGVLEDVRGSQRVTSANPEDTYEALQKYGRDLVEEARKGKLDPVIGRDAEIRRVIRILSRRTKNNPVLIGEAGVGKTAIVEGLAHRILKGDVPEGLKERGLFALDMGALIAGAKYRGEFEERLKAVLKEVEKSEGRIIMFIDELHTIVGAGKTDGAMDASNLLKPMLARGELHCIGATTLDEYRKYIEKDPALERRFQPVLVDEPTIEDAISILRGLKERFEVHHGVRISDSAIVEAVTLSHRYITDRQLPDKAIDLIDEAAALIRTEIDSLPADLDEANRKIMQLEIEREALRRETDVASRERLERLENELADLRAEQTALLSQWEREKGSIDHVRSIKEDIERTRHAIEEAERAYDLNRAAELKYSRLLELERQLESAEKGGHDETRLLKEEVRPDDIAEIVARWTGIPVTRLLESEREKLLRLADVLHERVVGQEEAVDAVSEAVLRARAGLSDPSRPIGSFIFLGPTGVGKTELCKTLAEALFDTEENIVRLDMSEYMEKHAVARLIGAPPGYVGYDEGGQLTEAVRRKPYSVVLFDEVEKAHPDVFNTLLQILDDGRLTDSHGRTVDFRNTIIIMTSNIGSPYMLDGISEGGEFLSGVREKVMEELRRHFRPEFLNRVDETVLFKPLLPAQIARIVELLLGRLRGRLAERKIDIRLGDVARDFIAKAAYDPVYGARPLRRYLQHNIETPLARKLIAGELRDGTTVEVDVVDDALSFRIE	97,211	865	\N	2	t	\N
1824	\N	Q72AW5	\N	\N	\N	\N	\N	\N	\N	\N	\N	\N	\N	2	t	\N
1825	RS13_DESVH	Q72CF7	2794621	\N	rpsM	\N	\N	\N	\N	MARIAGVDLPRGKRVDIALTYIYGIGRATALQILDATGVNWTRNVDDLNADEVNEIRKEIEQNHKVEGDLRREISANIKRLMDIGCYRGLRHRRGLPVRGQRTHTNARTRKGPRRGTVGKKK	13,854	122	\N	2	t	\N
1826	RS11_DESVH	Q72CF6	2794622	\N	rpsK	\N	\N	\N	\N	MARPKRTVKKREKKNVPVGLAHIQATFNNTIVTFTDTRGNTISWASAGQSGFKGSRKSTPFAAQMAAEQAAKKAQENGMRTVGIYVKGPGSGREAAMRAINAAGFKVAFIRDITPIPHNGCRPPKRRRV	13,993	129	\N	2	t	\N
1827	\N	Q72BQ3	\N	\N	\N	\N	\N	\N	\N	\N	\N	\N	\N	2	t	\N
1828	\N	Q72CJ4	\N	\N	\N	\N	\N	\N	\N	\N	\N	\N	\N	2	t	\N
1829	\N	Q72CG0	\N	\N	\N	\N	\N	\N	\N	\N	\N	\N	\N	2	t	\N
1830	RS5_DESVH	Q72CG3	2794387	\N	rpsE	\N	\N	\N	\N	MEQNEFGLIEKIVYLNRVAKVVKGGRRFSFSALVVVGDGKGSVGFGLGKAQEVPEALRKATERAKKSMIEVPLIDGTLPYEILGRFGAGHVLLKPASKGTGIIAGGAVRAVMEAVGVTDVLTKAIGTNNPHNVLRATVAGLASLRSAEEVGQLRGKKLEAPRK	17,144	163	\N	2	t	\N
1831	RL30_DESVH	Q72CG2	2794388	\N	rpmD	\N	\N	\N	\N	MIKVKLVRSLICCNPTQRATVAALGLRKVGSEKTFKDDAAIRGMINKVKHLIEVSE	6,181	56	\N	2	t	\N
1832	\N	Q72CJ6	\N	\N	\N	\N	\N	\N	\N	\N	\N	\N	\N	2	t	\N
1833	\N	Q72CK0	\N	\N	\N	\N	\N	\N	\N	\N	\N	\N	\N	2	t	\N
1834	GLMM_DESVH	Q72CK1	2794348	\N	glmM	\N	\N	\N	\N	MGRRLFGTDGLRGQVNIYPMTADMALRLGLAAGTRFRNGNRRHRVVIGKDTRLSGYMFESALTAGLCAAGMDVFQVGPLPTPAISFLTRNMRADLGVVISASHNPFMDNGIKFFDRSGFKLPDDVENQMTDMVLDPDWQWDYPASEKVGRAYKIADAPGRYIVYIKSSFPADLTLDGLRVVIDCANGANYKVAPLALEELGAEVIKLGTEPNGLNINHQCGSLYPEVVAAKVRETRADIGLALDGDADRLIVVDEKGTILDGDQIMALCAQDLMAKGKLPGNMLVATVMSNMALEVFMKEHGGTLLRTAVGDRYVVEAMRQHGALLGGEQSGHLIFREYSTTGDGLLAALQILRIMRERGKPLSELAGQLQLFPQQLINVHVERKIPFAECQPVADAVAAIETELGDRGRVLLRYSGTESVCRVMVEGEHPEQVARLAEMLAETVQKHLR	49,196	450	\N	2	t	\N
1835	\N	Q726F2	\N	\N	\N	\N	\N	\N	\N	\N	\N	\N	\N	2	t	\N
1836	IXTPA_DESVH	Q726F4	2795859	\N	\N	\N	\N	\N	\N	MTKATIVLATRNAGKVAELADALRAYGLDVLGLDAFPQVGEIEETGTTFEENALLKARAVAEATGHVAVADDSGLEVDALERRPGVYSARYSDDTPDLPGDTRDARNNAKLLLELDGVPAERRTARFRCVMAACTPDGRHVFAEGAWEGHIALAPEGDNGFGYDPLFIDPQSGLHSAQLSRDEKNARSHRGKALRRLLELWPAFWRG	22,467	207	\N	2	t	\N
1837	\N	Q726F6	\N	\N	\N	\N	\N	\N	\N	\N	\N	\N	\N	2	t	\N
1838	\N	Q72DU1	\N	\N	\N	\N	\N	\N	\N	\N	\N	\N	\N	2	t	\N
1839	\N	Q726F8	\N	\N	\N	\N	\N	\N	\N	\N	\N	\N	\N	2	t	\N
1840	\N	Q726T9	\N	\N	\N	\N	\N	\N	\N	\N	\N	\N	\N	2	t	\N
1841	\N	Q725J7	\N	\N	\N	\N	\N	\N	\N	\N	\N	\N	\N	2	t	\N
1842	\N	Q725Z9	\N	\N	\N	\N	\N	\N	\N	\N	\N	\N	\N	2	t	\N
1843	\N	Q726U6	\N	\N	\N	\N	\N	\N	\N	\N	\N	\N	\N	2	t	\N
1844	\N	Q72FS5	\N	\N	\N	\N	\N	\N	\N	\N	\N	\N	\N	2	t	\N
1845	\N	Q728H5	\N	\N	\N	\N	\N	\N	\N	\N	\N	\N	\N	2	t	\N
1848	RRF_DESVH	Q72DQ9	2795169	\N	frr	\N	\N	\N	\N	MDMDSILLDAEERMEKAIAALEREFSRLRTGRASASLVDGIKVDYYGTPTPISQVASVAVPDSRCITIQPWDRNAFSLIEKAILKSDLGLNPVNDGKIIRINIPPLTEERRKDLGKMARKYAEEAKVAVRNVRRDANEQLKKLEKNKELSEDDLRKAQEDVQKLTDRFVAKTDEKAGAKEKEIMDI	21,042	186	\N	2	t	\N
1849	\N	Q729E9	\N	\N	\N	\N	\N	\N	\N	\N	\N	\N	\N	2	t	\N
1850	\N	Q729E8	\N	\N	\N	\N	\N	\N	\N	\N	\N	\N	\N	2	t	\N
1851	\N	Q729F1	\N	\N	\N	\N	\N	\N	\N	\N	\N	\N	\N	2	t	\N
1852	\N	Q729F0	\N	\N	\N	\N	\N	\N	\N	\N	\N	\N	\N	2	t	\N
1853	\N	Q729E7	\N	\N	\N	\N	\N	\N	\N	\N	\N	\N	\N	2	t	\N
1854	\N	Q729E6	\N	\N	\N	\N	\N	\N	\N	\N	\N	\N	\N	2	t	\N
1855	SYGA_DESVH	Q72AU2	2794709	\N	glyQ	\N	\N	\N	\N	MHFQNVILTLQNYWASRGCVITQPIDVECGAGTFNPSTFLRVIGPEPWNVAYVEPSRRPTDGRYGENPNRLQHYFQFQVILKPSPDNVQELYLGSLRALGIDPAAHDIRFVEDDWESPTLGAWGLGWEVWLNGMEVTQFTYFQQVGGIDLAPTSVEITYGLERLCMYLQGKESVYDLDWNEHVTYGDIYHQNEVEQSKYNFERSDAAMLLHAFNAYETECRRLTEEGLLWPAYDYCLKCSHTFNLLDARGAISITERTGYIGRVRYLASGVARLYAAQREQLGYPMLRK	33,236	289	\N	2	t	\N
1856	RL25_DESVH	Q72BR0	2793465	\N	rplY	\N	\N	\N	\N	MSEQKTLSVQKRDNLGKGANRRLRSEEVVPGVFYDTKGNNVAVQMPAKPLQKLFEEVGRTTVFQLEIEEEGKKSTHPVLIWDALFHPYKKKFTHIDFFGVDLDREIKIRVPLEFVGTSRGVKLGGKLEVYREFIDVMSKPLTLPKKITLDLTELDINSTIMLKDVAMPEGVRPATNENFAILSVLTPKSE	21,543	190	\N	2	t	\N
1857	ARGB_DESVH	Q72C18	2794884	\N	argB	\N	\N	\N	\N	MDCVENARLQSKVLIESLPYLRQFHGETVVIKYGGHAMKDEALKKAFALNVALLKLVGINPVIVHGGGPQIGKMLEQLNIQSHFREGLRVTDDATMDVVEMVLVGKVNKEIVNQMNLAGAKAVGLSGKDGMLIRARKMEMVISKEAQAPEIIDLGKVGEVMGVNTTLLRSLERDGFVPVIAPVGVDDNGETYNINADAVAGAVAAALKAKRLLLLTDVAGILDHDKKLIRSVNMREAVNLFSDGTLTGGMIPKVKCCLEALEEGVEKAMIIDGRTENCILLELLTDKGVGTEIVSDRAAQAACNCVLR	33,080	308	\N	2	t	\N
1858	\N	Q729X5	\N	\N	\N	\N	\N	\N	\N	\N	\N	\N	\N	2	t	\N
1859	\N	Q72B30	\N	\N	\N	\N	\N	\N	\N	\N	\N	\N	\N	2	t	\N
1860	\N	Q72B31	\N	\N	\N	\N	\N	\N	\N	\N	\N	\N	\N	2	t	\N
1861	HCP_DESVH	P31101	2796735	\N	hcp	\N	\N	\N	\N	MFCFQCQETAKNTGCTVKGMCGKPEETANLQDLLIFVLRGIAIYGEKLKELGQPDRSNDDFVLQGLFATITNANWDDARFEAMISEGLARRDKLRNAFLAVYKAKNGKDFSEPLPEAATWTGDSTAFAEKAKSVGILATENEDVRSLRELLIIGLKGVAAYAEHAAVLGFRKTEIDEFMLEALASTTKDLSVDEMVALVMKAGGMAVTTMALLDEANTTTYGNPEITQVNIGVGKNPGILISGHDLKDMAELLKQTEGTGVDVYTHGEMLPANYYPAFKKYPHFVGNYGGSWWQQNPEFESFNGPILLTTNCLVPLKKENTYLDRLYTTGVVGYEGAKHIADRPAGGAKDFSALIAQAKKCPPPVEIETGSIVGGFAHHQVLALADKVVEAVKSGAIKRFVVMAGCDGRQKSRSYYTEVAENLPKDTVILTAGCAKYRYNKLNLGDIGGIPRVLDAGQCNDSYSLAVIALKLKEVFGLDDINDLPVSYDIAWYEQKAVAVLLALLFLGVKGIRLGPTLPAFLSPNVAKVLVENFNIKPIGTVQDDIAAMMAGK	59,979	553	\N	2	t	\N
1862	\N	Q729F2	\N	\N	\N	\N	\N	\N	\N	\N	\N	\N	\N	2	t	\N
1863	\N	Q72C87	\N	\N	\N	\N	\N	\N	\N	\N	\N	\N	\N	2	t	\N
1864	\N	Q726C1	\N	\N	\N	\N	\N	\N	\N	\N	\N	\N	\N	2	t	\N
1865	\N	Q729N7	\N	\N	\N	\N	\N	\N	\N	\N	\N	\N	\N	2	t	\N
1866	RISB_DESVH	P61940	2796655	\N	ribH	\N	\N	\N	\N	MLHIKTIEGQLDAKGLKFAIVATRFNDFIVDRLIGGACDYLQRHGCDRENLTIVRIPGAFEMPLVAKKLAHSGKYDGIIALGAVIRGATPHFDFVSNEASKGLAQACLESGVPLGFGLLTTDNIEQAIERAGSKAGNKGAEAAAAVLETVRVMEQL	16,606	156	\N	2	t	\N
1867	\N	Q72CS3	\N	\N	\N	\N	\N	\N	\N	\N	\N	\N	\N	2	t	\N
1868	RL28_DESVH	Q72CS2	2796688	\N	rpmB	\N	\N	\N	\N	MGKQCEVCGKKPQVGHHVSHSNIKTKRRFEPNLQSVRHQLPSGEVKTVTVCTRCLRSGAVTKPVVRKSA	7,636	69	\N	2	t	\N
1869	\N	Q72EU1	\N	\N	\N	\N	\N	\N	\N	\N	\N	\N	\N	2	t	\N
1870	\N	Q72CU2	\N	\N	\N	\N	\N	\N	\N	\N	\N	\N	\N	2	t	\N
1871	\N	Q72A53	\N	\N	\N	\N	\N	\N	\N	\N	\N	\N	\N	2	t	\N
1872	\N	Q72CT8	\N	\N	\N	\N	\N	\N	\N	\N	\N	\N	\N	2	t	\N
1873	MSRB_DESVH	Q72EK2	2793421	\N	msrB	\N	\N	\N	\N	MKPSREELKKRLTPLQYDVTQEEGTEPPFRNEYWDEKREGLYVDIVSGEPLFSSRDKYDSGTGWPSFTRPVDPQGIVERVDRKLFTTRTEVRSRNGDSHLGHVFPDGPQPTGLRYCINSAALRFVPVEDLEQQGYGHLLHLFQ	16,538	143	\N	2	t	\N
1874	\N	Q72EK1	\N	\N	\N	\N	\N	\N	\N	\N	\N	\N	\N	2	t	\N
1875	\N	Q72F65	\N	\N	\N	\N	\N	\N	\N	\N	\N	\N	\N	2	t	\N
1876	\N	Q72FI6	\N	\N	\N	\N	\N	\N	\N	\N	\N	\N	\N	2	t	\N
1877	\N	Q728V3	\N	\N	\N	\N	\N	\N	\N	\N	\N	\N	\N	2	t	\N
1878	\N	Q72F71	\N	\N	\N	\N	\N	\N	\N	\N	\N	\N	\N	2	t	\N
1879	\N	Q728V8	\N	\N	\N	\N	\N	\N	\N	\N	\N	\N	\N	2	t	\N
1880	\N	Q728V5	\N	\N	\N	\N	\N	\N	\N	\N	\N	\N	\N	2	t	\N
1881	COBT_DESVH	Q725Z4	2796003	\N	cobT	\N	\N	\N	\N	MNHELRSVIDAINPVDQSLMAAAQAHLDNLTKPRGSLGRLEELAARLYCIAGGRRPLRVDPARVFTVAGDHGVSAEGVSPFPQEVTRQMVLNFANGGAGINVLCRTAGVDLRVVDAGCLGGPFPEHPALIQRKVAEGTASIARGPAMSLETCEKALLLGISLAEEAAADGCRCVGTGDMGISNTTPSTALYCAYLGLDPADITGPGAGLAGEAVRHKVEVIRRALEVNRHIVEAGDPVATLAALGGIEIATLAGLVIGAARHGLACVIDGFISTAAFTAAWKICPDVRGYCFLSHASAEPGYRSVVDALNAQPLLHLGLRLGEGTGGALAMFLMRAAADIFNDMATFADAGVSEADD	36,856	357	\N	2	t	\N
1882	\N	Q72F70	\N	\N	\N	\N	\N	\N	\N	\N	\N	\N	\N	2	t	\N
1883	\N	Q729S7	\N	\N	\N	\N	\N	\N	\N	\N	\N	\N	\N	2	t	\N
1884	\N	Q72D22	\N	\N	\N	\N	\N	\N	\N	\N	\N	\N	\N	2	t	\N
1885	RL16_DESVH	Q72CH3	2794193	\N	rplP	\N	\N	\N	\N	MLSPRKVKFRKWQKGRNKGVATRGATVAFGDIGLKAIEHGKLTSQQIEAARIAMMRHIKRGGKVWIRIFPDRPVTAKPLETRQGSGKGSPVGWCAPVKPGRVLYEIKGVSLELAKEALTRAAHKLPVKTVIVVREGV	15,056	137	\N	2	t	\N
1886	\N	Q729F3	\N	\N	\N	\N	\N	\N	\N	\N	\N	\N	\N	2	t	\N
1887	\N	Q728X5	\N	\N	\N	\N	\N	\N	\N	\N	\N	\N	\N	2	t	\N
1888	\N	Q72FD0	\N	\N	\N	\N	\N	\N	\N	\N	\N	\N	\N	2	t	\N
1889	\N	Q728X8	\N	\N	\N	\N	\N	\N	\N	\N	\N	\N	\N	2	t	\N
1890	\N	Q728Y0	\N	\N	\N	\N	\N	\N	\N	\N	\N	\N	\N	2	t	\N
1891	DAPAT_DESVH	Q72BI1	2795926	\N	dapL	\N	\N	\N	\N	MAAFKLADRLATLPPYLFAGIDKVKAEVAARGVDIISLGIGDPDMATPGFIIEAMKEAIARPANHQYPSYVGMLAFRQEVANWYDRRFGVSLDPATEVIGLIGSKEGIAHFPFAFINPGDLVLVCTPNYPVYHIATGFAGGEVQFVPLLEENDFLPDLDAIPEDTWKRAKMIFVNYPNNPTAATAPLGFYEKLVDICRRFDVIIAHDTAYTEIYYDEDNRPPSILSVPGAKDVAIEFHSLSKTYNMTGWRVGMAVGNPTLVAGLGKIKENMDSGIFQAVQEASIVALRDGDDFCRELRGIYRQRRDTVINALHKAGIQCRVPQATFYVWARVPQGHTSADFVTRVLQETGVVVTPGNGFGTPGEGFFRISLTVDNARLEEAVSRIAKL	42,665	388	\N	2	t	\N
1892	\N	Q728M6	\N	\N	\N	\N	\N	\N	\N	\N	\N	\N	\N	2	t	\N
1893	\N	Q72BH8	\N	\N	\N	\N	\N	\N	\N	\N	\N	\N	\N	2	t	\N
1894	\N	Q728M8	\N	\N	\N	\N	\N	\N	\N	\N	\N	\N	\N	2	t	\N
1895	\N	Q728N1	\N	\N	\N	\N	\N	\N	\N	\N	\N	\N	\N	2	t	\N
1896	\N	Q72EG8	\N	\N	\N	\N	\N	\N	\N	\N	\N	\N	\N	2	t	\N
1897	\N	Q728N2	\N	\N	\N	\N	\N	\N	\N	\N	\N	\N	\N	2	t	\N
1898	\N	Q72D64	\N	\N	\N	\N	\N	\N	\N	\N	\N	\N	\N	2	t	\N
1899	\N	Q72D65	\N	\N	\N	\N	\N	\N	\N	\N	\N	\N	\N	2	t	\N
1900	RS20_DESVH	Q72AU4	2794707	\N	rpsT	\N	\N	\N	\N	MANHKSALKRHKQSLKRAARNRAVRTRIKNVIKDVRIALQQQDKEQAATALVQASAVLDKAASKGVVHWKTAARKISRLTKAVNQVA	9,647	87	\N	2	t	\N
1901	SYGB_DESVH	Q72AU3	2794708	\N	glyS	\N	\N	\N	\N	MSQFVLEIGTEELPARFLPALERELAERFTRALADAGIECDPVRVMSTPRRAVVRMDAVNPVQSESEEVVTGPPARIAFTPEGGLTKAAEGFARTQGVEVADIFRLTTDKGEYIAVRKHMGGARSIDLLRDICPAIIGALPFPKRMRWGSGDFTYARPMRWLLALFDESVVDFEVGGVRSGNITYGHRIHGAGPLTVARAGDYERVIREQGGVTPVGEERRNAVVKGGNALAVAAGGKVIWKDSLLDEVQGLVEHPVPCLGNIDPSFLELPREVLLTSMESHQKSFGVEDAEGRLMPHFLTVLNLTPLDGDLVRKGWERVLRARLEDARFFWKTDLASSFDAWLASLDNVIFLGPLGSMGDKTRRLEQLCAWLAAEVGFDDATAAARAGRLSKGDLVSGMVGEFDTLQGIMGGIYARRMGEAEAVAAAIAEQYLPAGPDSPVPSSMCGALLSIADKADTLAGCFGLGMIPTGAADPYALRRCVLGIARIILEHGLQLDVRGLFAKAFALYGERAWKLAPEDALVKLDEFFMARLRNLFIANGYETLLVEAVLAAGCDDVRSAGARLEALAAFSRRDDFASAVLTFKRAANIIRKQGGDSDVALDGAWKADLLVEDAERQLAASLEAMFPRFDGLWAEGDYPALFGLLGELRPVVDGFFEGVMVMSDDAALRTNRLNLLQALVGRLSRLADFGALQM	75,402	696	\N	2	t	\N
1902	HEM3_DESVH	Q72AV0	2794701	\N	hemC	\N	\N	\N	\N	MKHLVIATRGSKLALWQAEHIKSLIETEHAGKVDVSLKIIKTKGDIILDVPLAKVGGKGLFVKEIEEALLDGSADLAVHSMKDVPMELPEGLFLGCIPEREEPSDTLLSVRYASLDALPHGARVGTSSLRRQSQLLALRPDLDIISLRGNVDTRLRKLMDGEFDAIVMATAGLKRLGLAAPHHEVLAPPRFLPAVGQGALGIEFREDRADLRDMLAFLDHRPTRIRVEAERGFLAGLEGGCQVPIAGHAVMTGDDNFRIEGLVADLKGERVIRRTLEGTGANARNRGLELASQVLADGAAEILDEVYASGAADRQ	34,040	315	\N	2	t	\N
1903	\N	Q72AU9	\N	\N	\N	\N	\N	\N	\N	\N	\N	\N	\N	2	t	\N
1904	\N	Q72DM2	\N	\N	\N	\N	\N	\N	\N	\N	\N	\N	\N	2	t	\N
1905	GREA_DESVH	Q725M4	2793895	\N	greA	\N	\N	\N	\N	MSSIPISVEGFKQLEKELDRLKKERPGVIQAIKEAREEGDLSENAGYDAARERQGMLEARIKYIESRMAQFNVIDLDTISGDKVMFGATVKIEDLESGEEKEYTLLGPDEADYAKGSISVQSPVARAMLGKEEGDEIVVDAPRGKIHYEIVSIRFLGTKGQQR	18,151	163	\N	2	t	\N
1906	\N	Q72AB2	\N	\N	\N	\N	\N	\N	\N	\N	\N	\N	\N	2	t	\N
1908	RPOZ_DESVH	Q725M7	2793892	\N	rpoZ	\N	\N	\N	\N	MARITVEDCQKRIDNRFLLVQMAIKRVQQYREGYEPLVDSKNKEVVTALREIAAGKVMPEDLALYRPAEGEEMPVAE	8,851	77	\N	2	t	\N
1909	\N	Q72CL6	\N	\N	\N	\N	\N	\N	\N	\N	\N	\N	\N	2	t	\N
1910	\N	Q72CL8	\N	\N	\N	\N	\N	\N	\N	\N	\N	\N	\N	2	t	\N
1911	\N	Q72CM3	\N	\N	\N	\N	\N	\N	\N	\N	\N	\N	\N	2	t	\N
1912	\N	Q72BI5	\N	\N	\N	\N	\N	\N	\N	\N	\N	\N	\N	2	t	\N
1915	SYNJ1_HUMAN	O43426	8867	\N	SYNJ1	\N	\N	\N	\N	MAFSKGFRIYHKLDPPPFSLIVETRHKEECLMFESGAVAVLSSAEKEAIKGTYSKVLDAYGLLGVLRLNLGDTMLHYLVLVTGCMSVGKIQESEVFRVTSTEFISLRIDSSDEDRISEVRKVLNSGNFYFAWSASGISLDLSLNAHRSMQEQTTDNRFFWNQSLHLHLKHYGVNCDDWLLRLMCGGVEIRTIYAAHKQAKACLISRLSCERAGTRFNVRGTNDDGHVANFVETEQVVYLDDSVSSFIQIRGSVPLFWEQPGLQVGSHRVRMSRGFEANAPAFDRHFRTLKNLYGKQIIVNLLGSKEGEHMLSKAFQSHLKASEHAADIQMVNFDYHQMVKGGKAEKLHSVLKPQVQKFLDYGFFYFNGSEVQRCQSGTVRTNCLDCLDRTNSVQAFLGLEMLAKQLEALGLAEKPQLVTRFQEVFRSMWSVNGDSISKIYAGTGALEGKAKLKDGARSVTRTIQNNFFDSSKQEAIDVLLLGNTLNSDLADKARALLTTGSLRVSEQTLQSASSKVLKSMCENFYKYSKPKKIRVCVGTWNVNGGKQFRSIAFKNQTLTDWLLDAPKLAGIQEFQDKRSKPTDIFAIGFEEMVELNAGNIVSASTTNQKLWAVELQKTISRDNKYVLLASEQLVGVCLFVFIRPQHAPFIRDVAVDTVKTGMGGATGNKGAVAIRMLFHTTSLCFVCSHFAAGQSQVKERNEDFIEIARKLSFPMGRMLFSHDYVFWCGDFNYRIDLPNEEVKELIRQQNWDSLIAGDQLINQKNAGQVFRGFLEGKVTFAPTYKYDLFSDDYDTSEKCRTPAWTDRVLWRRRKWPFDRSAEDLDLLNASFQDESKILYTWTPGTLLHYGRAELKTSDHRPVVALIDIDIFEVEAEERQNIYKEVIAVQGPPDGTVLVSIKSSLPENNFFDDALIDELLQQFASFGEVILIRFVEDKMWVTFLEGSSALNVLSLNGKELLNRTITIALKSPDWIKNLEEEMSLEKISIALPSSTSSTLLGEDAEVAADFDMEGDVDDYSAEVEELLPQHLQPSSSSGLGTSPSSSPRTSPCQSPTISEGPVPSLPIRPSRAPSRTPGPPSAQSSPIDAQPATPLPQKDPAQPLEPKRPPPPRPVAPPTRPAPPQRPPPPSGARSPAPTRKEFGGIGAPPSPGVARREMEAPKSPGTTRKDNIGRSQPSPQAGLAGPGPAGYSTARPTIPPRAGVISAPQSHARASAGRLTPESQSKTSETSKGSTFLPEPLKPQAAFPPQSSLPPPAQRLQEPLVPVAAPMPQSGPQPNLETPPQPPPRSRSSHSLPSEASSQPQVKTNGISDGKRESPLKIDPFEDLSFNLLAVSKAQLSVQTSPVPTPDPKRLIQLPSATQSNVLSSVSCMPTMPPIPARSQSQENMRSSPNPFITGLTRTNPFSDRTAAPGNPFRAKSEESEATSWFSKEEPVTISPFPSLQPLGHNKSRASSSLDGFKDSFDLQGQSTLKISNPKGWVTFEEEEDFGVKGKSKSACSDLLGNQPSSFSGSNLTLNDDWNKGTNVSFCVLPSRRPPPPPVPLLPPGTSPPVDPFTTLASKASPTLDFTER	173,103	1573	\N	\N	t	\N
1916	AMPH_HUMAN	P49418	273	\N	AMPH	\N	\N	\N	\N	MADIKTGIFAKNVQKRLNRAQEKVLQKLGKADETKDEQFEEYVQNFKRQEAEGTRLQRELRGYLAAIKGMQEASMKLTESLHEVYEPDWYGREDVKMVGEKCDVLWEDFHQKLVDGSLLTLDTYLGQFPDIKNRIAKRSRKLVDYDSARHHLEALQSSKRKDESRISKAEEEFQKAQKVFEEFNVDLQEELPSLWSRRVGFYVNTFKNVSSLEAKFHKEIAVLCHKLYEVMTKLGDQHADKAFTIQGAPSDSGPLRIAKTPSPPEEPSPLPSPTASPNHTLAPASPAPARPRSPSQTRKGPPVPPLPKVTPTKELQQENIISFFEDNFVPEISVTTPSQNEVPEVKKEETLLDLDFDPFKPEVTPAGSAGVTHSPMSQTLPWDLWTTSTDLVQPASGGSFNGFTQPQDTSLFTMQTDQSMICNLAESEQAPPTEPKAEEPLAAVTPAVGLDLGMDTRAEEPVEEAVIIPGADADAAVGTLVSAAEGAPGEEAEAEKATVPAGEGVSLEEAKIGTETTEGAESAQPEAEELEATVPQEKVIPSVVIEPASNHEEEGENEITIGAEPKETTEDAAPPGPTSETPELATEQKPIQDPQPTPSAPAMGAADQLASAREASQELPPGFLYKVETLHDFEAANSDELTLQRGDVVLVVPSDSEADQDAGWLVGVKESDWLQYRDLATYKGLFPENFTRRLD	76,257	695	\N	\N	t	\N
2139	\N	Q0WPK4	\N	\N	\N	\N	\N	\N	\N	\N	\N	\N	\N	\N	t	2138
2140	LSM6B_ARATH	O22823	818985	\N	LSM6B	\N	\N	\N	\N	MSGVGEKASGTTKTPADFLKSIRGKPVVVKLNSGVDYRGILTCLDGYMNIAMEQTEEYVNGQLKNTYGDAFVRGNNVLYISTTKGTLSDGA	9,728	91	\N	\N	t	2138
2141	LSM3B_ARATH	Q9C6K5	844021	\N	LSM3B	\N	\N	\N	\N	MSGEEEATVREPLDLIRLSLDERIYVKLRSDRELRGKLHAFDQHLNMILGDVEETITTVEIDDETYEEIVRTTKRTIEFLFVRGDGVILVSPPLRTAA	11,286	98	\N	\N	t	2138
2142	LSM4_ARATH	F4K4E3	832834	\N	LSM4	\N	\N	\N	\N	MLPLSLLKTAQGHPMLVELKNGETYNGHLVNCDTWMNIHLREVICTSKDGDRFWRMPECYIRGNTIKYLRVPDEVIDKVQEEKTRTDRKPPGVGRGRGRGVDDGGARGRGRGTSMGKMGGNRGAGRGRG	14,323	129	\N	\N	t	2138
2143	LSM7_ARATH	Q9SI54	814913	\N	LSM7	\N	\N	\N	\N	MSGRKETVLDLAKFVDKGVQVKLTGGRQVTGTLKGYDQLLNLVLDEAVEFVRDHDDPLKTTDQTRRLGLIVCRGTAVMLVSPTDGTEEIANPFVTAEAV	10,773	99	\N	\N	t	2138
2144	LSM5_ARATH	Q9FKB0	834945	\N	LSM5	\N	\N	\N	\N	MANNPSQLLPSELIDRCIGSKIWVIMKGDKELVGILKGFDVYVNMVLEDVTEYEITAEGRRVTKLDQILLNGNNIAILVPGGSPEDGE	9,658	88	\N	\N	t	2138
2145	LSM2_ARATH	Q1H595	839526	\N	LSM2	\N	\N	\N	\N	MLFFSYFKDLVGQEVTVELKNDLAIRGTLHSVDQYLNIKLENTRVVDQDKYPHMLSVRNCFIRGSVVRYVQLPKDGVDVDLLHDAARREARGG	10,694	93	\N	\N	t	2138
2146	LSM1A_ARATH	Q945P8	838495	\N	LSM1A	\N	\N	\N	\N	MSWAAPDDIFFSTSLAAYLDKKLLVLLRDGRKLMGLLRSFDQFANAVLEEAYERVIVGDLYCDIPLGLYIIRGENVVLIGELDVEKEELPAHMVQVPEAEIKRAQKAEKEEMLLKGTMRKRMEFLDLD	14,662	128	\N	\N	t	2138
2148	LSM3B_ARATH	Q9C6K5	844021	\N	LSM3B	\N	\N	\N	\N	MSGEEEATVREPLDLIRLSLDERIYVKLRSDRELRGKLHAFDQHLNMILGDVEETITTVEIDDETYEEIVRTTKRTIEFLFVRGDGVILVSPPLRTAA	11,286	98	\N	\N	t	2147
2149	\N	Q0WPK4	\N	\N	\N	\N	\N	\N	\N	\N	\N	\N	\N	\N	t	2147
2150	LSM4_ARATH	F4K4E3	832834	\N	LSM4	\N	\N	\N	\N	MLPLSLLKTAQGHPMLVELKNGETYNGHLVNCDTWMNIHLREVICTSKDGDRFWRMPECYIRGNTIKYLRVPDEVIDKVQEEKTRTDRKPPGVGRGRGRGVDDGGARGRGRGTSMGKMGGNRGAGRGRG	14,323	129	\N	\N	t	2147
2151	LSM7_ARATH	Q9SI54	814913	\N	LSM7	\N	\N	\N	\N	MSGRKETVLDLAKFVDKGVQVKLTGGRQVTGTLKGYDQLLNLVLDEAVEFVRDHDDPLKTTDQTRRLGLIVCRGTAVMLVSPTDGTEEIANPFVTAEAV	10,773	99	\N	\N	t	2147
2152	LSM5_ARATH	Q9FKB0	834945	\N	LSM5	\N	\N	\N	\N	MANNPSQLLPSELIDRCIGSKIWVIMKGDKELVGILKGFDVYVNMVLEDVTEYEITAEGRRVTKLDQILLNGNNIAILVPGGSPEDGE	9,658	88	\N	\N	t	2147
2153	LSM6A_ARATH	Q9M1Z3	825150	\N	LSM6A	\N	\N	\N	\N	MSGVEEKVSGTTKTPADFLKSIRGRPVVVKLNSGVDYRGTLTCLDGYMNIAMEQTEEYVNGQLKNKYGDAFIRGNNVLYISTVNMTVADGA	9,913	91	\N	\N	t	2147
2154	LSM2_ARATH	Q1H595	839526	\N	LSM2	\N	\N	\N	\N	MLFFSYFKDLVGQEVTVELKNDLAIRGTLHSVDQYLNIKLENTRVVDQDKYPHMLSVRNCFIRGSVVRYVQLPKDGVDVDLLHDAARREARGG	10,694	93	\N	\N	t	2147
2155	LSM1A_ARATH	Q945P8	838495	\N	LSM1A	\N	\N	\N	\N	MSWAAPDDIFFSTSLAAYLDKKLLVLLRDGRKLMGLLRSFDQFANAVLEEAYERVIVGDLYCDIPLGLYIIRGENVVLIGELDVEKEELPAHMVQVPEAEIKRAQKAEKEEMLLKGTMRKRMEFLDLD	14,662	128	\N	\N	t	2147
2157	\N	Q0WPK4	\N	\N	\N	\N	\N	\N	\N	\N	\N	\N	\N	\N	t	2156
2158	LSM1B_ARATH	Q8LFL8	820624	\N	LSM1B	\N	\N	\N	\N	MSWAGPEEIYLSTSLASYLDRKLLVLLRDGRKLMGTLRSFDQFANAVLEGACERVIVGEQYCDIPLGLYVIRGENVVLIGELDTEREELPPHMIRVSEAEIKRAQKVEREASELRGTMRKRMEFLDFD	14,693	128	\N	\N	t	2156
2159	LSM4_ARATH	F4K4E3	832834	\N	LSM4	\N	\N	\N	\N	MLPLSLLKTAQGHPMLVELKNGETYNGHLVNCDTWMNIHLREVICTSKDGDRFWRMPECYIRGNTIKYLRVPDEVIDKVQEEKTRTDRKPPGVGRGRGRGVDDGGARGRGRGTSMGKMGGNRGAGRGRG	14,323	129	\N	\N	t	2156
2160	LSM7_ARATH	Q9SI54	814913	\N	LSM7	\N	\N	\N	\N	MSGRKETVLDLAKFVDKGVQVKLTGGRQVTGTLKGYDQLLNLVLDEAVEFVRDHDDPLKTTDQTRRLGLIVCRGTAVMLVSPTDGTEEIANPFVTAEAV	10,773	99	\N	\N	t	2156
2161	LSM5_ARATH	Q9FKB0	834945	\N	LSM5	\N	\N	\N	\N	MANNPSQLLPSELIDRCIGSKIWVIMKGDKELVGILKGFDVYVNMVLEDVTEYEITAEGRRVTKLDQILLNGNNIAILVPGGSPEDGE	9,658	88	\N	\N	t	2156
2162	LSM6A_ARATH	Q9M1Z3	825150	\N	LSM6A	\N	\N	\N	\N	MSGVEEKVSGTTKTPADFLKSIRGRPVVVKLNSGVDYRGTLTCLDGYMNIAMEQTEEYVNGQLKNKYGDAFIRGNNVLYISTVNMTVADGA	9,913	91	\N	\N	t	2156
2163	LSM3A_ARATH	Q9LMN4	838714	\N	LSM3A	\N	\N	\N	\N	MSVEEDATVREPLDLIRLSIEERIYVKLRSDRELRGKLHAFDQHLNMILGDVEEVITTIEIDDETYEEIVRTTKRTVPFLFVRGDGVILVSPPLRTT	11,253	97	\N	\N	t	2156
2164	LSM2_ARATH	Q1H595	839526	\N	LSM2	\N	\N	\N	\N	MLFFSYFKDLVGQEVTVELKNDLAIRGTLHSVDQYLNIKLENTRVVDQDKYPHMLSVRNCFIRGSVVRYVQLPKDGVDVDLLHDAARREARGG	10,694	93	\N	\N	t	2156
2166	LSM4_ARATH	F4K4E3	832834	\N	LSM4	\N	\N	\N	\N	MLPLSLLKTAQGHPMLVELKNGETYNGHLVNCDTWMNIHLREVICTSKDGDRFWRMPECYIRGNTIKYLRVPDEVIDKVQEEKTRTDRKPPGVGRGRGRGVDDGGARGRGRGTSMGKMGGNRGAGRGRG	14,323	129	\N	\N	t	2165
2167	LSM7_ARATH	Q9SI54	814913	\N	LSM7	\N	\N	\N	\N	MSGRKETVLDLAKFVDKGVQVKLTGGRQVTGTLKGYDQLLNLVLDEAVEFVRDHDDPLKTTDQTRRLGLIVCRGTAVMLVSPTDGTEEIANPFVTAEAV	10,773	99	\N	\N	t	2165
2168	LSM5_ARATH	Q9FKB0	834945	\N	LSM5	\N	\N	\N	\N	MANNPSQLLPSELIDRCIGSKIWVIMKGDKELVGILKGFDVYVNMVLEDVTEYEITAEGRRVTKLDQILLNGNNIAILVPGGSPEDGE	9,658	88	\N	\N	t	2165
2169	LSM6A_ARATH	Q9M1Z3	825150	\N	LSM6A	\N	\N	\N	\N	MSGVEEKVSGTTKTPADFLKSIRGRPVVVKLNSGVDYRGTLTCLDGYMNIAMEQTEEYVNGQLKNKYGDAFIRGNNVLYISTVNMTVADGA	9,913	91	\N	\N	t	2165
2170	LSM2_ARATH	Q1H595	839526	\N	LSM2	\N	\N	\N	\N	MLFFSYFKDLVGQEVTVELKNDLAIRGTLHSVDQYLNIKLENTRVVDQDKYPHMLSVRNCFIRGSVVRYVQLPKDGVDVDLLHDAARREARGG	10,694	93	\N	\N	t	2165
2171	LSM3B_ARATH	Q9C6K5	844021	\N	LSM3B	\N	\N	\N	\N	MSGEEEATVREPLDLIRLSLDERIYVKLRSDRELRGKLHAFDQHLNMILGDVEETITTVEIDDETYEEIVRTTKRTIEFLFVRGDGVILVSPPLRTAA	11,286	98	\N	\N	t	2165
2172	LSM1B_ARATH	Q8LFL8	820624	\N	LSM1B	\N	\N	\N	\N	MSWAGPEEIYLSTSLASYLDRKLLVLLRDGRKLMGTLRSFDQFANAVLEGACERVIVGEQYCDIPLGLYVIRGENVVLIGELDTEREELPPHMIRVSEAEIKRAQKVEREASELRGTMRKRMEFLDFD	14,693	128	\N	\N	t	2165
2173	\N	Q0WPK4	\N	\N	\N	\N	\N	\N	\N	\N	\N	\N	\N	\N	t	2165
2175	LSM4_ARATH	F4K4E3	832834	\N	LSM4	\N	\N	\N	\N	MLPLSLLKTAQGHPMLVELKNGETYNGHLVNCDTWMNIHLREVICTSKDGDRFWRMPECYIRGNTIKYLRVPDEVIDKVQEEKTRTDRKPPGVGRGRGRGVDDGGARGRGRGTSMGKMGGNRGAGRGRG	14,323	129	\N	\N	t	2174
2176	LSM7_ARATH	Q9SI54	814913	\N	LSM7	\N	\N	\N	\N	MSGRKETVLDLAKFVDKGVQVKLTGGRQVTGTLKGYDQLLNLVLDEAVEFVRDHDDPLKTTDQTRRLGLIVCRGTAVMLVSPTDGTEEIANPFVTAEAV	10,773	99	\N	\N	t	2174
2177	LSM5_ARATH	Q9FKB0	834945	\N	LSM5	\N	\N	\N	\N	MANNPSQLLPSELIDRCIGSKIWVIMKGDKELVGILKGFDVYVNMVLEDVTEYEITAEGRRVTKLDQILLNGNNIAILVPGGSPEDGE	9,658	88	\N	\N	t	2174
2178	LSM2_ARATH	Q1H595	839526	\N	LSM2	\N	\N	\N	\N	MLFFSYFKDLVGQEVTVELKNDLAIRGTLHSVDQYLNIKLENTRVVDQDKYPHMLSVRNCFIRGSVVRYVQLPKDGVDVDLLHDAARREARGG	10,694	93	\N	\N	t	2174
2179	LSM3B_ARATH	Q9C6K5	844021	\N	LSM3B	\N	\N	\N	\N	MSGEEEATVREPLDLIRLSLDERIYVKLRSDRELRGKLHAFDQHLNMILGDVEETITTVEIDDETYEEIVRTTKRTIEFLFVRGDGVILVSPPLRTAA	11,286	98	\N	\N	t	2174
2180	\N	Q0WPK4	\N	\N	\N	\N	\N	\N	\N	\N	\N	\N	\N	\N	t	2174
2181	LSM6B_ARATH	O22823	818985	\N	LSM6B	\N	\N	\N	\N	MSGVGEKASGTTKTPADFLKSIRGKPVVVKLNSGVDYRGILTCLDGYMNIAMEQTEEYVNGQLKNTYGDAFVRGNNVLYISTTKGTLSDGA	9,728	91	\N	\N	t	2174
2182	LSM1B_ARATH	Q8LFL8	820624	\N	LSM1B	\N	\N	\N	\N	MSWAGPEEIYLSTSLASYLDRKLLVLLRDGRKLMGTLRSFDQFANAVLEGACERVIVGEQYCDIPLGLYVIRGENVVLIGELDTEREELPPHMIRVSEAEIKRAQKVEREASELRGTMRKRMEFLDFD	14,693	128	\N	\N	t	2174
2184	\N	Q0WPK4	\N	\N	\N	\N	\N	\N	\N	\N	\N	\N	\N	\N	t	2183
2185	LSM4_ARATH	F4K4E3	832834	\N	LSM4	\N	\N	\N	\N	MLPLSLLKTAQGHPMLVELKNGETYNGHLVNCDTWMNIHLREVICTSKDGDRFWRMPECYIRGNTIKYLRVPDEVIDKVQEEKTRTDRKPPGVGRGRGRGVDDGGARGRGRGTSMGKMGGNRGAGRGRG	14,323	129	\N	\N	t	2183
2186	LSM7_ARATH	Q9SI54	814913	\N	LSM7	\N	\N	\N	\N	MSGRKETVLDLAKFVDKGVQVKLTGGRQVTGTLKGYDQLLNLVLDEAVEFVRDHDDPLKTTDQTRRLGLIVCRGTAVMLVSPTDGTEEIANPFVTAEAV	10,773	99	\N	\N	t	2183
2187	LSM5_ARATH	Q9FKB0	834945	\N	LSM5	\N	\N	\N	\N	MANNPSQLLPSELIDRCIGSKIWVIMKGDKELVGILKGFDVYVNMVLEDVTEYEITAEGRRVTKLDQILLNGNNIAILVPGGSPEDGE	9,658	88	\N	\N	t	2183
2188	LSM3A_ARATH	Q9LMN4	838714	\N	LSM3A	\N	\N	\N	\N	MSVEEDATVREPLDLIRLSIEERIYVKLRSDRELRGKLHAFDQHLNMILGDVEEVITTIEIDDETYEEIVRTTKRTVPFLFVRGDGVILVSPPLRTT	11,253	97	\N	\N	t	2183
2189	LSM2_ARATH	Q1H595	839526	\N	LSM2	\N	\N	\N	\N	MLFFSYFKDLVGQEVTVELKNDLAIRGTLHSVDQYLNIKLENTRVVDQDKYPHMLSVRNCFIRGSVVRYVQLPKDGVDVDLLHDAARREARGG	10,694	93	\N	\N	t	2183
2190	LSM1B_ARATH	Q8LFL8	820624	\N	LSM1B	\N	\N	\N	\N	MSWAGPEEIYLSTSLASYLDRKLLVLLRDGRKLMGTLRSFDQFANAVLEGACERVIVGEQYCDIPLGLYVIRGENVVLIGELDTEREELPPHMIRVSEAEIKRAQKVEREASELRGTMRKRMEFLDFD	14,693	128	\N	\N	t	2183
2191	LSM6B_ARATH	O22823	818985	\N	LSM6B	\N	\N	\N	\N	MSGVGEKASGTTKTPADFLKSIRGKPVVVKLNSGVDYRGILTCLDGYMNIAMEQTEEYVNGQLKNTYGDAFVRGNNVLYISTTKGTLSDGA	9,728	91	\N	\N	t	2183
2193	\N	Q0WPK4	\N	\N	\N	\N	\N	\N	\N	\N	\N	\N	\N	\N	t	2192
2194	LSM6B_ARATH	O22823	818985	\N	LSM6B	\N	\N	\N	\N	MSGVGEKASGTTKTPADFLKSIRGKPVVVKLNSGVDYRGILTCLDGYMNIAMEQTEEYVNGQLKNTYGDAFVRGNNVLYISTTKGTLSDGA	9,728	91	\N	\N	t	2192
2195	LSM4_ARATH	F4K4E3	832834	\N	LSM4	\N	\N	\N	\N	MLPLSLLKTAQGHPMLVELKNGETYNGHLVNCDTWMNIHLREVICTSKDGDRFWRMPECYIRGNTIKYLRVPDEVIDKVQEEKTRTDRKPPGVGRGRGRGVDDGGARGRGRGTSMGKMGGNRGAGRGRG	14,323	129	\N	\N	t	2192
2196	LSM7_ARATH	Q9SI54	814913	\N	LSM7	\N	\N	\N	\N	MSGRKETVLDLAKFVDKGVQVKLTGGRQVTGTLKGYDQLLNLVLDEAVEFVRDHDDPLKTTDQTRRLGLIVCRGTAVMLVSPTDGTEEIANPFVTAEAV	10,773	99	\N	\N	t	2192
2197	LSM5_ARATH	Q9FKB0	834945	\N	LSM5	\N	\N	\N	\N	MANNPSQLLPSELIDRCIGSKIWVIMKGDKELVGILKGFDVYVNMVLEDVTEYEITAEGRRVTKLDQILLNGNNIAILVPGGSPEDGE	9,658	88	\N	\N	t	2192
2198	LSM3A_ARATH	Q9LMN4	838714	\N	LSM3A	\N	\N	\N	\N	MSVEEDATVREPLDLIRLSIEERIYVKLRSDRELRGKLHAFDQHLNMILGDVEEVITTIEIDDETYEEIVRTTKRTVPFLFVRGDGVILVSPPLRTT	11,253	97	\N	\N	t	2192
2199	LSM2_ARATH	Q1H595	839526	\N	LSM2	\N	\N	\N	\N	MLFFSYFKDLVGQEVTVELKNDLAIRGTLHSVDQYLNIKLENTRVVDQDKYPHMLSVRNCFIRGSVVRYVQLPKDGVDVDLLHDAARREARGG	10,694	93	\N	\N	t	2192
2200	LSM1A_ARATH	Q945P8	838495	\N	LSM1A	\N	\N	\N	\N	MSWAAPDDIFFSTSLAAYLDKKLLVLLRDGRKLMGLLRSFDQFANAVLEEAYERVIVGDLYCDIPLGLYIIRGENVVLIGELDVEKEELPAHMVQVPEAEIKRAQKAEKEEMLLKGTMRKRMEFLDLD	14,662	128	\N	\N	t	2192
2202	LSM7_ARATH	Q9SI54	814913	\N	LSM7	\N	\N	\N	\N	MSGRKETVLDLAKFVDKGVQVKLTGGRQVTGTLKGYDQLLNLVLDEAVEFVRDHDDPLKTTDQTRRLGLIVCRGTAVMLVSPTDGTEEIANPFVTAEAV	10,773	99	\N	\N	t	2201
2203	LSM3A_ARATH	Q9LMN4	838714	\N	LSM3A	\N	\N	\N	\N	MSVEEDATVREPLDLIRLSIEERIYVKLRSDRELRGKLHAFDQHLNMILGDVEEVITTIEIDDETYEEIVRTTKRTVPFLFVRGDGVILVSPPLRTT	11,253	97	\N	\N	t	2201
2204	LSM8_ARATH	Q8VYI0	842881	\N	LSM8	\N	\N	\N	\N	MAATTGLETLVDQIISVITNDGRNIVGVLKGFDQATNIILDESHERVFSTKEGVQQHVLGLYIIRGDNIGVIGELDEELDASLDFSKLRAHPLKPVVH	10,706	98	\N	\N	t	2201
2205	LSM5_ARATH	Q9FKB0	834945	\N	LSM5	\N	\N	\N	\N	MANNPSQLLPSELIDRCIGSKIWVIMKGDKELVGILKGFDVYVNMVLEDVTEYEITAEGRRVTKLDQILLNGNNIAILVPGGSPEDGE	9,658	88	\N	\N	t	2201
2206	LSM4_ARATH	F4K4E3	832834	\N	LSM4	\N	\N	\N	\N	MLPLSLLKTAQGHPMLVELKNGETYNGHLVNCDTWMNIHLREVICTSKDGDRFWRMPECYIRGNTIKYLRVPDEVIDKVQEEKTRTDRKPPGVGRGRGRGVDDGGARGRGRGTSMGKMGGNRGAGRGRG	14,323	129	\N	\N	t	2201
2207	LSM2_ARATH	Q1H595	839526	\N	LSM2	\N	\N	\N	\N	MLFFSYFKDLVGQEVTVELKNDLAIRGTLHSVDQYLNIKLENTRVVDQDKYPHMLSVRNCFIRGSVVRYVQLPKDGVDVDLLHDAARREARGG	10,694	93	\N	\N	t	2201
2208	LSM6B_ARATH	O22823	818985	\N	LSM6B	\N	\N	\N	\N	MSGVGEKASGTTKTPADFLKSIRGKPVVVKLNSGVDYRGILTCLDGYMNIAMEQTEEYVNGQLKNTYGDAFVRGNNVLYISTTKGTLSDGA	9,728	91	\N	\N	t	2201
2210	\N	Q0WPK4	\N	\N	\N	\N	\N	\N	\N	\N	\N	\N	\N	\N	t	2209
2211	LSM4_ARATH	F4K4E3	832834	\N	LSM4	\N	\N	\N	\N	MLPLSLLKTAQGHPMLVELKNGETYNGHLVNCDTWMNIHLREVICTSKDGDRFWRMPECYIRGNTIKYLRVPDEVIDKVQEEKTRTDRKPPGVGRGRGRGVDDGGARGRGRGTSMGKMGGNRGAGRGRG	14,323	129	\N	\N	t	2209
2212	LSM7_ARATH	Q9SI54	814913	\N	LSM7	\N	\N	\N	\N	MSGRKETVLDLAKFVDKGVQVKLTGGRQVTGTLKGYDQLLNLVLDEAVEFVRDHDDPLKTTDQTRRLGLIVCRGTAVMLVSPTDGTEEIANPFVTAEAV	10,773	99	\N	\N	t	2209
2213	LSM5_ARATH	Q9FKB0	834945	\N	LSM5	\N	\N	\N	\N	MANNPSQLLPSELIDRCIGSKIWVIMKGDKELVGILKGFDVYVNMVLEDVTEYEITAEGRRVTKLDQILLNGNNIAILVPGGSPEDGE	9,658	88	\N	\N	t	2209
2214	LSM6A_ARATH	Q9M1Z3	825150	\N	LSM6A	\N	\N	\N	\N	MSGVEEKVSGTTKTPADFLKSIRGRPVVVKLNSGVDYRGTLTCLDGYMNIAMEQTEEYVNGQLKNKYGDAFIRGNNVLYISTVNMTVADGA	9,913	91	\N	\N	t	2209
2215	LSM3A_ARATH	Q9LMN4	838714	\N	LSM3A	\N	\N	\N	\N	MSVEEDATVREPLDLIRLSIEERIYVKLRSDRELRGKLHAFDQHLNMILGDVEEVITTIEIDDETYEEIVRTTKRTVPFLFVRGDGVILVSPPLRTT	11,253	97	\N	\N	t	2209
2216	LSM2_ARATH	Q1H595	839526	\N	LSM2	\N	\N	\N	\N	MLFFSYFKDLVGQEVTVELKNDLAIRGTLHSVDQYLNIKLENTRVVDQDKYPHMLSVRNCFIRGSVVRYVQLPKDGVDVDLLHDAARREARGG	10,694	93	\N	\N	t	2209
2217	LSM1A_ARATH	Q945P8	838495	\N	LSM1A	\N	\N	\N	\N	MSWAAPDDIFFSTSLAAYLDKKLLVLLRDGRKLMGLLRSFDQFANAVLEEAYERVIVGDLYCDIPLGLYIIRGENVVLIGELDVEKEELPAHMVQVPEAEIKRAQKAEKEEMLLKGTMRKRMEFLDLD	14,662	128	\N	\N	t	2209
2219	PCL1_ARATH	Q9SNB4	823817	\N	LUX	\N	\N	\N	\N	MGEEVQMSDYDVSGDGDRVSEWEMGLPSDEDLASLSYSLIPPNLAMAFSITPERSRTIQDVNRASETTLSSLRGGSSGPNTSSSNNNVEEEDRVGSSSPGSDSKKQKTSNGDGDDGGGVDPDSAMAAEEGDSGTEDLSGKTLKRPRLVWTPQLHKRFVDVVAHLGIKNAVPKTIMQLMNVEGLTRENVASHLQKYRLYLKRMQGLTNEGPSASDKLFSSTPVPPQSFQDIGGGGGSSGNVGVPIPGAYGTQQMMQMPVYAHHMGMQGYHHQNHNHDPYHQNHRHHHGAGGNGAFESNPYMMQQNKFGSMASYPSVGGGSANEN	34,649	323	\N	\N	t	2218
2220	ELF3_ARATH	O82804	817134	\N	ELF3	\N	\N	\N	\N	MKRGKDEEKILEPMFPRLHVNDADKGGPRAPPRNKMALYEQLSIPSQRFGDHGTMNSRSNNTSTLVHPGPSSQPCGVERNLSVQHLDSSAANQATEKFVSQMSFMENVRSSAQHDQRKMVREEEDFAVPVYINSRRSQSHGRTKSGIEKEKHTPMVAPSSHHSIRFQEVNQTGSKQNVCLATCSKPEVRDQVKANARSGGFVISLDVSVTEEIDLEKSASSHDRVNDYNASLRQESRNRLYRDGGKTRLKDTDNGAESHLATENHSQEGHGSPEDIDNDREYSKSRACASLQQINEEASDDVSDDSMVDSISSIDVSPDDVVGILGQKRFWRARKAIANQQRVFAVQLFELHRLIKVQKLIAASPDLLLDEISFLGKVSAKSYPVKKLLPSEFLVKPPLPHVVVKQRGDSEKTDQHKMESSAENVVGRLSNQGHHQQSNYMPFANNPPASPAPNGYCFPPQPPPSGNHQQWLIPVMSPSEGLIYKPHPGMAHTGHYGGYYGHYMPTPMVMPQYHPGMGFPPPGNGYFPPYGMMPTIMNPYCSSQQQQQQQPNEQMNQFGHPGNLQNTQQQQQRSDNEPAPQQQQQPTKSYPRARKSRQGSTGSSPSGPQGISGSKSFRPFAAVDEDSNINNAPEQTMTTTTTTTRTTVTQTTRDGGGVTRVIKVVPHNAKLASENAARIFQSIQEERKRYDSSKP	77,206	695	\N	\N	t	2218
2221	ELF4_ARATH	O04211	818596	\N	ELF4	\N	\N	\N	\N	MKRNGETKRRRNVAEEAEQGEDPAMWENLDRNFRQVQSVLDRNRSLIQQVNDNHQSRMADNMSKNVALIQELNGNISKVVNMYSDLNTSFSSGFHGGKNGHDGGGAAGTRA	12,376	111	\N	\N	t	2218
2232	B-cell lymphoma 6 protein 	P41182	604	\N	BCL6;HDAC4	BCL5 LAZ3 ZBTB27 ZNF51;KIAA0288	\N	\N	\N	MASPADSCIQFTRHASDVLLNLNRLRSRDILTDVVIVVSREQFRAHKTVLMACSGLFYSIFTDQLKCNLSVINLDPEINPEGFCILLDFMYTSRLNLREGNIMAVMATAMYLQMEHVVDTCRKFIKASEAEMVSAIKPPREEFLNSRMLMPQDIMAYRGREVVENNLPLRSAPGCESRAFAPSLYSGLSTPPASYSMYSHLPVSSLLFSDEEFRDVRMPVANPFPKERALPCDSARPVPGEYSRPTLEVSPNVCHSNIYSPKETIPEEARSDMHYSVAEGLKPAAPSARNAPYFPCDKASKEEERPSSEDEIALHFEPPNAPLNRKGLVSPQSPQKSDCQPNSPTESCSSKNACILQASGSPPAKSPTDPKACNWKKYKFIVLNSLNQNAKPEGPEQAELGRLSPRAYTAPPACQPPMEPENLDLQSPTKLSASGEDSTIPQASRLNNIVNRSMTGSPRSSSESHSPLYMHPPKCTSCGSQSPQHAEMCLHTAGPTFPEEMGETQSEYSDSSCENGAFFCNECDCRFSEEASLKRHTLQTHSDKPYKCDRCQASFRYKGNLASHKTVHTGEKPYRCNICGAQFNRPANLKTHTRIHSGEKPYKCETCGARFVQVAHLRAHVLIHTGEKPYPCEICGTRFRHLQTLKSHLRIHTGEKPYHCEKCNLHFRHKSQLRLHLRQKHGAITNTKVQYRVSATDLPPELPKAC	78,846	706	\N	\N	t	2222
2233	Histone deacetylase 4	P56524	9759	\N	BCL6;HDAC4	BCL5 LAZ3 ZBTB27 ZNF51;KIAA0288	\N	\N	\N	MSSQSHPDGLSGRDQPVELLNPARVNHMPSTVDVATALPLQVAPSAVPMDLRLDHQFSLPVAEPALREQQLQQELLALKQKQQIQRQILIAEFQRQHEQLSRQHEAQLHEHIKQQQEMLAMKHQQELLEHQRKLERHRQEQELEKQHREQKLQQLKNKEKGKESAVASTEVKMKLQEFVLNKKKALAHRNLNHCISSDPRYWYGKTQHSSLDQSSPPQSGVSTSYNHPVLGMYDAKDDFPLRKTASEPNLKLRSRLKQKVAERRSSPLLRRKDGPVVTALKKRPLDVTDSACSSAPGSGPSSPNNSSGSVSAENGIAPAVPSIPAETSLAHRLVAREGSAAPLPLYTSPSLPNITLGLPATGPSAGTAGQQDAERLTLPALQQRLSLFPGTHLTPYLSTSPLERDGGAAHSPLLQHMVLLEQPPAQAPLVTGLGALPLHAQSLVGADRVSPSIHKLRQHRPLGRTQSAPLPQNAQALQHLVIQQQHQQFLEKHKQQFQQQQLQMNKIIPKPSEPARQPESHPEETEEELREHQALLDEPYLDRLPGQKEAHAQAGVQVKQEPIESDEEEAEPPREVEPGQRQPSEQELLFRQQALLLEQQRIHQLRNYQASMEAAGIPVSFGGHRPLSRAQSSPASATFPVSVQEPPTKPRFTTGLVYDTLMLKHQCTCGSSSSHPEHAGRIQSIWSRLQETGLRGKCECIRGRKATLEELQTVHSEAHTLLYGTNPLNRQKLDSKKLLGSLASVFVRLPCGGVGVDSDTIWNEVHSAGAARLAVGCVVELVFKVATGELKNGFAVVRPPGHHAEESTPMGFCYFNSVAVAAKLLQQRLSVSKILIVDWDVHHGNGTQQAFYSDPSVLYMSLHRYDDGNFFPGSGAPDEVGTGPGVGFNVNMAFTGGLDPPMGDAEYLAAFRTVVMPIASEFAPDVVLVSSGFDAVEGHPTPLGGYNLSARCFGYLTKQLMGLAGGRIVLALEGGHDLTAICDASEACVSALLGNELDPLPEKVLQQRPNANAVRSMEKVMEIHSKYWRCLQRTTSTAGRSLIEAQTCENEEAETVTAMASLSVGVKPAEKRPDEEPMEEEPPL	119,040	1084	\N	\N	t	2222
2234	B-cell lymphoma 6 protein 	P41182	604	\N	BCL6;HDAC5	BCL5 LAZ3 ZBTB27 ZNF51;KIAA0600	\N	\N	\N	MASPADSCIQFTRHASDVLLNLNRLRSRDILTDVVIVVSREQFRAHKTVLMACSGLFYSIFTDQLKCNLSVINLDPEINPEGFCILLDFMYTSRLNLREGNIMAVMATAMYLQMEHVVDTCRKFIKASEAEMVSAIKPPREEFLNSRMLMPQDIMAYRGREVVENNLPLRSAPGCESRAFAPSLYSGLSTPPASYSMYSHLPVSSLLFSDEEFRDVRMPVANPFPKERALPCDSARPVPGEYSRPTLEVSPNVCHSNIYSPKETIPEEARSDMHYSVAEGLKPAAPSARNAPYFPCDKASKEEERPSSEDEIALHFEPPNAPLNRKGLVSPQSPQKSDCQPNSPTESCSSKNACILQASGSPPAKSPTDPKACNWKKYKFIVLNSLNQNAKPEGPEQAELGRLSPRAYTAPPACQPPMEPENLDLQSPTKLSASGEDSTIPQASRLNNIVNRSMTGSPRSSSESHSPLYMHPPKCTSCGSQSPQHAEMCLHTAGPTFPEEMGETQSEYSDSSCENGAFFCNECDCRFSEEASLKRHTLQTHSDKPYKCDRCQASFRYKGNLASHKTVHTGEKPYRCNICGAQFNRPANLKTHTRIHSGEKPYKCETCGARFVQVAHLRAHVLIHTGEKPYPCEICGTRFRHLQTLKSHLRIHTGEKPYHCEKCNLHFRHKSQLRLHLRQKHGAITNTKVQYRVSATDLPPELPKAC	78,846	706	\N	\N	t	2223
2235	Histone deacetylase 5	Q9UQL6	10014	\N	BCL6;HDAC5	BCL5 LAZ3 ZBTB27 ZNF51;KIAA0600	\N	\N	\N	MNSPNESDGMSGREPSLEILPRTSLHSIPVTVEVKPVLPRAMPSSMGGGGGGSPSPVELRGALVGSVDPTLREQQLQQELLALKQQQQLQKQLLFAEFQKQHDHLTRQHEVQLQKHLKQQQEMLAAKQQQEMLAAKRQQELEQQRQREQQRQEELEKQRLEQQLLILRNKEKSKESAIASTEVKLRLQEFLLSKSKEPTPGGLNHSLPQHPKCWGAHHASLDQSSPPQSGPPGTPPSYKLPLPGPYDSRDDFPLRKTASEPNLKVRSRLKQKVAERRSSPLLRRKDGTVISTFKKRAVEITGAGPGASSVCNSAPGSGPSSPNSSHSTIAENGFTGSVPNIPTEMLPQHRALPLDSSPNQFSLYTSPSLPNISLGLQATVTVTNSHLTASPKLSTQQEAERQALQSLRQGGTLTGKFMSTSSIPGCLLGVALEGDGSPHGHASLLQHVLLLEQARQQSTLIAVPLHGQSPLVTGERVATSMRTVGKLPRHRPLSRTQSSPLPQSPQALQQLVMQQQHQQFLEKQKQQQLQLGKILTKTGELPRQPTTHPEETEEELTEQQEVLLGEGALTMPREGSTESESTQEDLEEEDEEDDGEEEEDCIQVKDEEGESGAEEGPDLEEPGAGYKKLFSDAQPLQPLQVYQAPLSLATVPHQALGRTQSSPAAPGGMKSPPDQPVKHLFTTGVVYDTFMLKHQCMCGNTHVHPEHAGRIQSIWSRLQETGLLSKCERIRGRKATLDEIQTVHSEYHTLLYGTSPLNRQKLDSKKLLGPISQKMYAVLPCGGIGVDSDTVWNEMHSSSAVRMAVGCLLELAFKVAAGELKNGFAIIRPPGHHAEESTAMGFCFFNSVAITAKLLQQKLNVGKVLIVDWDIHHGNGTQQAFYNDPSVLYISLHRYDNGNFFPGSGAPEEVGGGPGVGYNVNVAWTGGVDPPIGDVEYLTAFRTVVMPIAHEFSPDVVLVSAGFDAVEGHLSPLGGYSVTARCFGHLTRQLMTLAGGRVVLALEGGHDLTAICDASEACVSALLSVELQPLDEAVLQQKPNINAVATLEKVIEIQSKHWSCVQKFAAGLGRSLREAQAGETEEAETVSAMALLSVGAEQAQAAAAREHSPRPAEEPMEQEPAL	121,978	1122	\N	\N	t	2223
2236	B-cell lymphoma 6 protein 	P41182	604	\N	BCL6;HDAC7	BCL5 LAZ3 ZBTB27 ZNF51;HDAC7A	\N	\N	\N	MASPADSCIQFTRHASDVLLNLNRLRSRDILTDVVIVVSREQFRAHKTVLMACSGLFYSIFTDQLKCNLSVINLDPEINPEGFCILLDFMYTSRLNLREGNIMAVMATAMYLQMEHVVDTCRKFIKASEAEMVSAIKPPREEFLNSRMLMPQDIMAYRGREVVENNLPLRSAPGCESRAFAPSLYSGLSTPPASYSMYSHLPVSSLLFSDEEFRDVRMPVANPFPKERALPCDSARPVPGEYSRPTLEVSPNVCHSNIYSPKETIPEEARSDMHYSVAEGLKPAAPSARNAPYFPCDKASKEEERPSSEDEIALHFEPPNAPLNRKGLVSPQSPQKSDCQPNSPTESCSSKNACILQASGSPPAKSPTDPKACNWKKYKFIVLNSLNQNAKPEGPEQAELGRLSPRAYTAPPACQPPMEPENLDLQSPTKLSASGEDSTIPQASRLNNIVNRSMTGSPRSSSESHSPLYMHPPKCTSCGSQSPQHAEMCLHTAGPTFPEEMGETQSEYSDSSCENGAFFCNECDCRFSEEASLKRHTLQTHSDKPYKCDRCQASFRYKGNLASHKTVHTGEKPYRCNICGAQFNRPANLKTHTRIHSGEKPYKCETCGARFVQVAHLRAHVLIHTGEKPYPCEICGTRFRHLQTLKSHLRIHTGEKPYHCEKCNLHFRHKSQLRLHLRQKHGAITNTKVQYRVSATDLPPELPKAC	78,846	706	\N	\N	t	2224
2237	Histone deacetylase 7	Q8WUI4	51564	\N	BCL6;HDAC7	BCL5 LAZ3 ZBTB27 ZNF51;HDAC7A	\N	\N	\N	MDLRVGQRPPVEPPPEPTLLALQRPQRLHHHLFLAGLQQQRSVEPMRLSMDTPMPELQVGPQEQELRQLLHKDKSKRSAVASSVVKQKLAEVILKKQQAALERTVHPNSPGIPYRTLEPLETEGATRSMLSSFLPPVPSLPSDPPEHFPLRKTVSEPNLKLRYKPKKSLERRKNPLLRKESAPPSLRRRPAETLGDSSPSSSSTPASGCSSPNDSEHGPNPILGSEALLGQRLRLQETSVAPFALPTVSLLPAITLGLPAPARADSDRRTHPTLGPRGPILGSPHTPLFLPHGLEPEAGGTLPSRLQPILLLDPSGSHAPLLTVPGLGPLPFHFAQSLMTTERLSGSGLHWPLSRTRSEPLPPSATAPPPPGPMQPRLEQLKTHVQVIKRSAKPSEKPRLRQIPSAEDLETDGGGPGQVVDDGLEHRELGHGQPEARGPAPLQQHPQVLLWEQQRLAGRLPRGSTGDTVLLPLAQGGHRPLSRAQSSPAAPASLSAPEPASQARVLSSSETPARTLPFTTGLIYDSVMLKHQCSCGDNSRHPEHAGRIQSIWSRLQERGLRSQCECLRGRKASLEELQSVHSERHVLLYGTNPLSRLKLDNGKLAGLLAQRMFVMLPCGGVGVDTDTIWNELHSSNAARWAAGSVTDLAFKVASRELKNGFAVVRPPGHHADHSTAMGFCFFNSVAIACRQLQQQSKASKILIVDWDVHHGNGTQQTFYQDPSVLYISLHRHDDGNFFPGSGAVDEVGAGSGEGFNVNVAWAGGLDPPMGDPEYLAAFRIVVMPIAREFSPDLVLVSAGFDAAEGHPAPLGGYHVSAKCFGYMTQQLMNLAGGAVVLALEGGHDLTAICDASEACVAALLGNRVDPLSEEGWKQKPNLNAIRSLEAVIRVHSKYWGCMQRLASCPDSWVPRVPGADKEEVEAVTALASLSVGILAEDRPSEQLVEEEEPMNL	102,927	952	\N	\N	t	2224
2238	Histone acetyltransferase p300	Q09472	2033	\N	EP300;CREBBP;KAT2B;NCOA3	P300;CBP;PCAF;AIB1, BHLHE42, RAC3, TRAM1, ACTR	\N	\N	\N	MAENVVEPGPPSAKRPKLSSPALSASASDGTDFGSLFDLEHDLPDELINSTELGLTNGGDINQLQTSLGMVQDAASKHKQLSELLRSGSSPNLNMGVGGPGQVMASQAQQSSPGLGLINSMVKSPMTQAGLTSPNMGMGTSGPNQGPTQSTGMMNSPVNQPAMGMNTGMNAGMNPGMLAAGNGQGIMPNQVMNGSIGAGRGRQNMQYPNPGMGSAGNLLTEPLQQGSPQMGGQTGLRGPQPLKMGMMNNPNPYGSPYTQNPGQQIGASGLGLQIQTKTVLSNNLSPFAMDKKAVPGGGMPNMGQQPAPQVQQPGLVTPVAQGMGSGAHTADPEKRKLIQQQLVLLLHAHKCQRREQANGEVRQCNLPHCRTMKNVLNHMTHCQSGKSCQVAHCASSRQIISHWKNCTRHDCPVCLPLKNAGDKRNQQPILTGAPVGLGNPSSLGVGQQSAPNLSTVSQIDPSSIERAYAALGLPYQVNQMPTQPQVQAKNQQNQQPGQSPQGMRPMSNMSASPMGVNGGVGVQTPSLLSDSMLHSAINSQNPMMSENASVPSLGPMPTAAQPSTTGIRKQWHEDITQDLRNHLVHKLVQAIFPTPDPAALKDRRMENLVAYARKVEGDMYESANNRAEYYHLLAEKIYKIQKELEEKRRTRLQKQNMLPNAAGMVPVSMNPGPNMGQPQPGMTSNGPLPDPSMIRGSVPNQMMPRITPQSGLNQFGQMSMAQPPIVPRQTPPLQHHGQLAQPGALNPPMGYGPRMQQPSNQGQFLPQTQFPSQGMNVTNIPLAPSSGQAPVSQAQMSSSSCPVNSPIMPPGSQGSHIHCPQLPQPALHQNSPSPVPSRTPTPHHTPPSIGAQQPPATTIPAPVPTPPAMPPGPQSQALHPPPRQTPTPPTTQLPQQVQPSLPAAPSADQPQQQPRSQQSTAASVPTPTAPLLPPQPATPLSQPAVSIEGQVSNPPSTSSTEVNSQAIAEKQPSQEVKMEAKMEVDQPEPADTQPEDISESKVEDCKMESTETEERSTELKTEIKEEEDQPSTSATQSSPAPGQSKKKIFKPEELRQALMPTLEALYRQDPESLPFRQPVDPQLLGIPDYFDIVKSPMDLSTIKRKLDTGQYQEPWQYVDDIWLMFNNAWLYNRKTSRVYKYCSKLSEVFEQEIDPVMQSLGYCCGRKLEFSPQTLCCYGKQLCTIPRDATYYSYQNRYHFCEKCFNEIQGESVSLGDDPSQPQTTINKEQFSKRKNDTLDPELFVECTECGRKMHQICVLHHEIIWPAGFVCDGCLKKSARTRKENKFSAKRLPSTRLGTFLENRVNDFLRRQNHPESGEVTVRVVHASDKTVEVKPGMKARFVDSGEMAESFPYRTKALFAFEEIDGVDLCFFGMHVQEYGSDCPPPNQRRVYISYLDSVHFFRPKCLRTAVYHEILIGYLEYVKKLGYTTGHIWACPPSEGDDYIFHCHPPDQKIPKPKRLQEWYKKMLDKAVSERIVHDYKDIFKQATEDRLTSAKELPYFEGDFWPNVLEESIKELEQEEEERKREENTSNESTDVTKGDSKNAKKKNNKKTSKNKSSLSRGNKKKPGMPNVSNDLSQKLYATMEKHKEVFFVIRLIAGPAANSLPPIVDPDPLIPCDLMDGRDAFLTLARDKHLEFSSLRRAQWSTMCMLVELHTQSQDRFVYTCNECKHHVETRWHCTVCEDYDLCITCYNTKNHDHKMEKLGLGLDDESNNQQAAATQSPGDSRRLSIQRCIQSLVHACQCRNANCSLPSCQKMKRVVQHTKGCKRKTNGGCPICKQLIALCCYHAKHCQENKCPVPFCLNIKQKLRQQQLQHRLQQAQMLRRRMASMQRTGVVGQQQGLPSPTPATPTTPTGQQPTTPQTPQPTSQPQPTPPNSMPPYLPRTQAAGPVSQGKAAGQVTPPTPPQTAQPPLPGPPPAAVEMAMQIQRAAETQRQMAHVQIFQRPIQHQMPPMTPMAPMGMNPPPMTRGPSGHLEPGMGPTGMQQQPPWSQGGLPQPQQLQSGMPRPAMMSVAQHGQPLNMAPQPGLGQVGISPLKPGTVSQQALQNLLRTLRSPSSPLQQQQVLSILHANPQLLAAFIKQRAAKYANSNPQPIPGQPGMPQGQPGLQPPTMPGQQGVHSNPAMQNMNPMQAGVQRAGLPQQQPQQQLQPPMGGMSPQAQQMNMNHNTMPSQFRDILRRQQMMQQQQQQGAGPGIGPGMANHNQFQQPQGVGYPPQQQQRMQHHMQQMQQGNMGQIGQLPQALGAEAGASLQAYQQRLLQQQMGSPVQPNPMSPQQHMLPNQAQSPHLQGQQIPNSLSNQVRSPQPVPSPRPQSQPPHSSPSPRMQPQPSPHHVSPQTSSPHPGLVAAQANPMEQGHFASPDQNSMLSQLASNPGMANLHGASATDLGLSTDNSDLNSNLSQSTLDIH	264,161	2414	\N	\N	t	2225
2239	CREB-binding protein	Q92793	1387	\N	EP300;CREBBP;KAT2B;NCOA3	P300;CBP;PCAF;AIB1, BHLHE42, RAC3, TRAM1, ACTR	\N	\N	\N	MAENLLDGPPNPKRAKLSSPGFSANDSTDFGSLFDLENDLPDELIPNGGELGLLNSGNLVPDAASKHKQLSELLRGGSGSSINPGIGNVSASSPVQQGLGGQAQGQPNSANMASLSAMGKSPLSQGDSSAPSLPKQAASTSGPTPAASQALNPQAQKQVGLATSSPATSQTGPGICMNANFNQTHPGLLNSNSGHSLINQASQGQAQVMNGSLGAAGRGRGAGMPYPTPAMQGASSSVLAETLTQVSPQMTGHAGLNTAQAGGMAKMGITGNTSPFGQPFSQAGGQPMGATGVNPQLASKQSMVNSLPTFPTDIKNTSVTNVPNMSQMQTSVGIVPTQAIATGPTADPEKRKLIQQQLVLLLHAHKCQRREQANGEVRACSLPHCRTMKNVLNHMTHCQAGKACQVAHCASSRQIISHWKNCTRHDCPVCLPLKNASDKRNQQTILGSPASGIQNTIGSVGTGQQNATSLSNPNPIDPSSMQRAYAALGLPYMNQPQTQLQPQVPGQQPAQPQTHQQMRTLNPLGNNPMNIPAGGITTDQQPPNLISESALPTSLGATNPLMNDGSNSGNIGTLSTIPTAAPPSSTGVRKGWHEHVTQDLRSHLVHKLVQAIFPTPDPAALKDRRMENLVAYAKKVEGDMYESANSRDEYYHLLAEKIYKIQKELEEKRRSRLHKQGILGNQPALPAPGAQPPVIPQAQPVRPPNGPLSLPVNRMQVSQGMNSFNPMSLGNVQLPQAPMGPRAASPMNHSVQMNSMGSVPGMAISPSRMPQPPNMMGAHTNNMMAQAPAQSQFLPQNQFPSSSGAMSVGMGQPPAQTGVSQGQVPGAALPNPLNMLGPQASQLPCPPVTQSPLHPTPPPASTAAGMPSLQHTTPPGMTPPQPAAPTQPSTPVSSSGQTPTPTPGSVPSATQTQSTPTVQAAAQAQVTPQPQTPVQPPSVATPQSSQQQPTPVHAQPPGTPLSQAAASIDNRVPTPSSVASAETNSQQPGPDVPVLEMKTETQAEDTEPDPGESKGEPRSEMMEEDLQGASQVKEETDIAEQKSEPMEVDEKKPEVKVEVKEEEESSSNGTASQSTSPSQPRKKIFKPEELRQALMPTLEALYRQDPESLPFRQPVDPQLLGIPDYFDIVKNPMDLSTIKRKLDTGQYQEPWQYVDDVWLMFNNAWLYNRKTSRVYKFCSKLAEVFEQEIDPVMQSLGYCCGRKYEFSPQTLCCYGKQLCTIPRDAAYYSYQNRYHFCEKCFTEIQGENVTLGDDPSQPQTTISKDQFEKKKNDTLDPEPFVDCKECGRKMHQICVLHYDIIWPSGFVCDNCLKKTGRPRKENKFSAKRLQTTRLGNHLEDRVNKFLRRQNHPEAGEVFVRVVASSDKTVEVKPGMKSRFVDSGEMSESFPYRTKALFAFEEIDGVDVCFFGMHVQEYGSDCPPPNTRRVYISYLDSIHFFRPRCLRTAVYHEILIGYLEYVKKLGYVTGHIWACPPSEGDDYIFHCHPPDQKIPKPKRLQEWYKKMLDKAFAERIIHDYKDIFKQATEDRLTSAKELPYFEGDFWPNVLEESIKELEQEEEERKKEESTAASETTEGSQGDSKNAKKKNNKKTNKNKSSISRANKKKPSMPNVSNDLSQKLYATMEKHKEVFFVIHLHAGPVINTLPPIVDPDPLLSCDLMDGRDAFLTLARDKHWEFSSLRRSKWSTLCMLVELHTQGQDRFVYTCNECKHHVETRWHCTVCEDYDLCINCYNTKSHAHKMVKWGLGLDDEGSSQGEPQSKSPQESRRLSIQRCIQSLVHACQCRNANCSLPSCQKMKRVVQHTKGCKRKTNGGCPVCKQLIALCCYHAKHCQENKCPVPFCLNIKHKLRQQQIQHRLQQAQLMRRRMATMNTRNVPQQSLPSPTSAPPGTPTQQPSTPQTPQPPAQPQPSPVSMSPAGFPSVARTQPPTTVSTGKPTSQVPAPPPPAQPPPAAVEAARQIEREAQQQQHLYRVNINNSMPPGRTGMGTPGSQMAPVSLNVPRPNQVSGPVMPSMPPGQWQQAPLPQQQPMPGLPRPVISMQAQAAVAGPRMPSVQPPRSISPSALQDLLRTLKSPSSPQQQQQVLNILKSNPQLMAAFIKQRTAKYVANQPGMQPQPGLQSQPGMQPQPGMHQQPSLQNLNAMQAGVPRPGVPPQQQAMGGLNPQGQALNIMNPGHNPNMASMNPQYREMLRRQLLQQQQQQQQQQQQQQQQQQGSAGMAGGMAGHGQFQQPQGPGGYPPAMQQQQRMQQHLPLQGSSMGQMAAQMGQLGQMGQPGLGADSTPNIQQALQQRILQQQQMKQQIGSPGQPNPMSPQQHMLSGQPQASHLPGQQIATSLSNQVRSPAPVQSPRPQSQPPHSSPSPRIQPQPSPHHVSPQTGSPHPGLAVTMASSIDQGHLGNPEQSAMLPQLNTPSRSALSSELSLVGDTTGDTLEKFVEGL	265,351	2442	\N	\N	t	2225
2240	Histone acetyltransferase KAT2B	Q92831	8850	\N	EP300;CREBBP;KAT2B;NCOA3	P300;CBP;PCAF;AIB1, BHLHE42, RAC3, TRAM1, ACTR	\N	\N	\N	MSEAGGAGPGGCGAGAGAGAGPGALPPQPAALPPAPPQGSPCAAAAGGSGACGPATAVAAAGTAEGPGGGGSARIAVKKAQLRSAPRAKKLEKLGVYSACKAEESCKCNGWKNPNPSPTPPRADLQQIIVSLTESCRSCSHALAAHVSHLENVSEEEMNRLLGIVLDVEYLFTCVHKEEDADTKQVYFYLFKLLRKSILQRGKPVVEGSLEKKPPFEKPSIEQGVNNFVQYKFSHLPAKERQTIVELAKMFLNRINYWHLEAPSQRRLRSPNDDISGYKENYTRWLCYCNVPQFCDSLPRYETTQVFGRTLLRSVFTVMRRQLLEQARQEKDKLPLEKRTLILTHFPKFLSMLEEEVYSQNSPIWDQDFLSASSRTSQLGIQTVINPPPVAGTISYNSTSSSLEQPNAGSSSPACKASSGLEANPGEKRKMTDSHVLEEAKKPRVMGDIPMELINEVMSTITDPAAMLGPETNFLSAHSARDEAARLEERRGVIEFHVVGNSLNQKPNKKILMWLVGLQNVFSHQLPRMPKEYITRLVFDPKHKTLALIKDGRVIGGICFRMFPSQGFTEIVFCAVTSNEQVKGYGTHLMNHLKEYHIKHDILNFLTYADEYAIGYFKKQGFSKEIKIPKTKYVGYIKDYEGATLMGCELNPRIPYTEFSVIIKKQKEIIKKLIERKQAQIRKVYPGLSCFKDGVRQIPIESIPGIRETGWKPSGKEKSKEPRDPDQLYSTLKSILQQVKSHQSAWPFMEPVKRTEAPGYYEVIRFPMDLKTMSERLKNRYYVSKKLFMADLQRVFTNCKEYNPPESEYYKCANILEKFFFSKIKEAGLIDK	93,013	832	\N	\N	t	2225
2241	Nuclear receptor coactivator 3	Q9Y6Q9	8202	\N	EP300;CREBBP;KAT2B;NCOA3	P300;CBP;PCAF;AIB1, BHLHE42, RAC3, TRAM1, ACTR	\N	\N	\N	MSGLGENLDPLASDSRKRKLPCDTPGQGLTCSGEKRRREQESKYIEELAELISANLSDIDNFNVKPDKCAILKETVRQIRQIKEQGKTISNDDDVQKADVSSTGQGVIDKDSLGPLLLQALDGFLFVVNRDGNIVFVSENVTQYLQYKQEDLVNTSVYNILHEEDRKDFLKNLPKSTVNGVSWTNETQRQKSHTFNCRMLMKTPHDILEDINASPEMRQRYETMQCFALSQPRAMMEEGEDLQSCMICVARRITTGERTFPSNPESFITRHDLSGKVVNIDTNSLRSSMRPGFEDIIRRCIQRFFSLNDGQSWSQKRHYQEAYLNGHAETPVYRFSLADGTIVTAQTKSKLFRNPVTNDRHGFVSTHFLQREQNGYRPNPNPVGQGIRPPMAGCNSSVGGMSMSPNQGLQMPSSRAYGLADPSTTGQMSGARYGGSSNIASLTPGPGMQSPSSYQNNNYGLNMSSPPHGSPGLAPNQQNIMISPRNRGSPKIASHQFSPVAGVHSPMASSGNTGNHSFSSSSLSALQAISEGVGTSLLSTLSSPGPKLDNSPNMNITQPSKVSNQDSKSPLGFYCDQNPVESSMCQSNSRDHLSDKESKESSVEGAENQRGPLESKGHKKLLQLLTCSSDDRGHSSLTNSPLDSSCKESSVSVTSPSGVSSSTSGGVSSTSNMHGSLLQEKHRILHKLLQNGNSPAEVAKITAEATGKDTSSITSCGDGNVVKQEQLSPKKKENNALLRYLLDRDDPSDALSKELQPQVEGVDNKMSQCTSSTIPSSSQEKDPKIKTETSEEGSGDLDNLDAILGDLTSSDFYNNSISSNGSHLGTKQQVFQGTNSLGLKSSQSVQSIRPPYNRAVSLDSPVSVGSSPPVKNISAFPMLPKQPMLGGNPRMMDSQENYGSSMGGPNRNVTVTQTPSSGDWGLPNSKAGRMEPMNSNSMGRPGGDYNTSLPRPALGGSIPTLPLRSNSIPGARPVLQQQQQMLQMRPGEIPMGMGANPYGQAAASNQLGSWPDGMLSMEQVSHGTQNRPLLRNSLDDLVGPPSNLEGQSDERALLDQLHTLLSNTDATGLEEIDRALGIPELVNQGQALEPKQDAFQGQEAAVMMDQKAGLYGQTYPAQGPPMQGGFHLQGQSPSFNSMMNQMNQQGNFPLQGMHPRANIMRPRTNTPKQLRMQLQQRLQGQQFLNQSRQALELKMENPTAGGAAVMRPMMQPQVSSQQGFLNAQMVAQRSRELLSHHFRQQRVAMMMQQQQQQQQQQQQQQQQQQQQQQQQQQQQQTQAFSPPPNVTASPSMDGLLAGPTMPQAPPQQFPYQPNYGMGQQPDPAFGRVSSPPNAMMSSRMGPSQNPMMQHPQAASIYQSSEMKGWPSGNLARNSSFSQQQFAHQGNPAVYSMVHMNGSSGHMGQMNMNPMPMSGMPMGPDQKYC	155,293	1424	\N	\N	t	2225
2242	AGL3	P29383	814898	\N	AGL3	\N	MADS box factors	MADS	\N	MGRGKVELKRIENKINRQVTFAKRRNGLLKKAYELSVLCDAEIALLIFSNRGKLYEFCSSPSGMARTVDKYRKHSYATMDPNQSAKDLQDKYQDYLKLKSRVEILQHSQRHLLGEELSEMDVNELEHLERQVDASLRQIRSTKARSMLDQLSDLKTKEEMLLETNRDLRRKLEDSDAALTQSFWGSSAAEQQQQHQQQQQGMSSYQSNPPIQEAGFFKPLQGNVALQMSSHYNHNPANATNSATTSQNVNGFFPGWMV	29,573	258	\N	\N	t	\N
2244	RUNX1	Q01196	861	\N	RUNX1	\N	Runt domain factors	Runt-related factors	\N	MRIPVDASTSRRFTPPSTALSPGKMSEALPLGAPDAGAALAGKLRSGDRSMVEVLADHPGELVRTDSPNFLCSVLPTHWRCNKTLPIAFKVVALGDVPDGTLVTVMAGNDENYSAELRNATAAMKNQVARFNDLRFVGRSGRGKSFTLTITVFTNPPQVATYHRAIKITVDGPREPRRHRQKLDDQTKPGSLSFSERLSELEQLRRTAMRVSPHHPAPTPNPRASLNHSTAFNPQPQSQMQDTRQIQPSPPWSYDQSYQYLGSIASPSVHPATPISPGRASGMTTLSAELSSRLSTAPDLTAFSDPRQFPALPSISDPRMHYPGAFTYSPTPVTSGIGIGMSAMGSATRYHTYLPPPYPGSSQAQGGPFQASSPSYHLYYGASAGSYQFSMVGGERSPPRILPPCTNASTGSALLNPSLPNQSDVVEAEGSHSNSPTNMAPSARLEEAVWRPY	48,737	453	\N	\N	t	\N
2246	TFAP2A	P05549	7020	\N	TFAP2A	\N	Basic helix-span-helix factors (bHSH)	AP-2	\N	MLWKLTDNIKYEDCEDRHDGTSNGTARLPQLGTVGQSPYTSAPPLSHTPNADFQPPYFPPPYQPIYPQSQDPYSHVNDPYSLNPLHAQPQPQHPGWPGQRQSQESGLLHTHRGLPHQLSGLDPRRDYRRHEDLLHGPHALSSGLGDLSIHSLPHAIEEVPHVEDPGINIPDQTVIKKGPVSLSKSNSNAVSAIPINKDNLFGGVVNPNEVFCSVPGRLSLLSSTSKYKVTVAEVQRRLSPPECLNASLLGGVLRRAKSKNGGRSLREKLDKIGLNLPAGRRKAANVTLLTSLVEGEAVHLARDFGYVCETEFPAKAVAEFLNRQHSDPNEQVTRKNMLLATKQICKEFTDLLAQDRSPLGNSRPNPILEPGIQSCLTHFNLISHGFGSPAVCAAVTALQNYLTEALKAMDKMYLSNNPNSHTDNNAKSSDKEEKHRK	48,062	437	\N	\N	t	\N
2248	Arnt	P53762	11863	\N	Arnt	\N	Basic helix-loop-helix factors (bHLH)	PAS domain factors	\N	MAATTANPEMTSDVPSLGPTIASGNPGPGIQGGGAVVQRAIKRRSGLDFDDEVEVNTKFLRCDDDQMCNDKERFARSDDEQSSADKERLARENHSEIERRRRNKMTAYITELSDMVPTCSALARKPDKLTILRMAVSHMKSLRGTGNTSTDGSYKPSFLTDQELKHLILEAADGFLFIVSCETGRVVYVSDSVTPVLNQPQSEWFGSTLYDQVHPDDVDKLREQLSTSENALTGRVLDLKTGTVKKEGQQSSMRMCMGSRRSFICRMRCGTSSVDPVSMNRLSFLRNRCRNGLGSVKEGEPHFVVVHCTGYIKAWPPAGVSLPDDDPEAGQGSKFCLVAIGRLQVTSSPNCTDMSNICQPTEFISRHNIEGIFTFVDHRCVATVGYQPQELLGKNIVEFCHPEDQQLLRDSFQQVVKLKGQVLSVMFRFRSKTREWLWMRTSSFTFQNPYSDEIEYIICTNTNVKNSSQEPRPTLSNTIPRSQLGPTANLSLEMGTGQLPSRQQQQQHTELDMVPGRDGLASYNHSQVSVQPVASAGSEHSKPLEKSEGLFAQDRDPRFPEIYPSITADQSKGISSSTVPATQQLFSQGSSFPPNPRPAENFRNSGLTPPVTIVQPSSSAGQILAQISRHSNPAQGSAPTWTSSSRPGFAAQQVPTQATAKTRSSQFGVNNFQTSSSFSAMSLPGAPTASSGTAAYPALPNRGSNFPPETGQTTGQFQARTAEGVGVWPQWQGQQPHHRSSSSEQHVQQTQAQAPSQPEVFQEMLSMLGDQSNTYNNEEFPDLTMFPPFSE	86,963	791	\N	\N	t	\N
2250	AG	P17839	827631	\N	AG	\N	MADS box factors	MADS	\N	MAYQSELGGDSSPLRKSGRGKIEIKRIENTTNRQVTFCKRRNGLLKKAYELSVLCDAEVALIVFSSRGRLYEYSNNSVKGTIERYKKAISDNSNTGSVAEINAQYYQQESAKLRQQIISIQNSNRQLMGETIGSMSPKELRNLEGRLERSITRIRSKKNELLFSEIDYMQKREVDLHNDNQILRAKIAENERNNPSISLMPGGSNYEQLMPPPQTQSQPFDSRNYFQVAALQPNNHHYSSAGRQDQTALQLV	28,723	252	\N	\N	t	\N
2254	Ar	P15207	24208	\N	Ar	\N	Nuclear receptors with C4 zinc fingers	Steroid hormone receptors (NR3)	\N	MEVQLGLGRVYPRPPSKTYRGAFQNLFQSVREAIQNPGPRHPEAASIAPPGACLQQRQETSPRRRRRQQHPEDGSPQAHIRGTTGYLALEEEQQPSQQQSASEGHPESGCLPEPGAATAPGKGLPQQPPAPPDQDDSAAPSTLSLLGPTFPGLSSCSADIKDILSEAGTMQLLQQQQQQQQQQQQQQQQQQQQQQEVISEGSSSVRAREATGAPSSSKDSYLGGNSTISDSAKELCKAVSVSMGLGVEALEHLSPGEQLRGDCMYASLLGGPPAVRPTPCAPLAECKGLSLDEGPGKGTEETAEYSSFKGGYAKGLEGESLGCSGSSEAGSSGTLEIPSSLSLYKSGAVDEAAAYQNRDYYNFPLALSGPPHPPPPTHPHARIKLENPSDYGSAWAAAAAQCRYGDLASLHGGSVAGPSTGSPPATASSSWHTLFTAEEGQLYGPGGGGGSSSPSDAGPVAPYGYTRPPQGLASQEGDFSASEVWYPGGVVNRVPYPSPSCVKSEMGPWMENYSGPYGDMRLDSTRDHVLPIDYYFPPQKTCLICGDEASGCHYGALTCGSCKVFFKRAAEGKQKYLCASRNDCTIDKFRRKNCPSCRLRKCYEAGMTLGARKLKKLGNLKLQEEGENSSAGSPTEDPSQKMTVSHIEGYECQPIFLNVLEAIEPGVVCAGHDNNQPDSFAALLSSLNELGERQLVHVVKWAKALPGFRNLHVDDQMAVIQYSWMGLMVFAMGWRSFTNVNSRMLYFAPDLVFNEYRMHKSRMYSQCVRMRHLSQEFGWLQITPQEFLCMKALLLFSIIPVDGLKNQKFFDELRMNYIKELDRIIACKRKNPTSCSRRFYQLTKLLDSVQPIARELHQFTFDLLIKSHMVSVDFPEMMAEIISVQVPKILSGKVKPIYFHTQ	98,218	902	\N	\N	t	\N
2256	HAT5	Q02283	821138	\N	HAT5	\N	Homeo domain factors	Homeo	\N	MESNSFFFDPSASHGNSMFFLGNLNPVVQGGGARSMMNMEETSKRRPFFSSPEDLYDDDFYDDQLPEKKRRLTTEQVHLLEKSFETENKLEPERKTQLAKKLGLQPRQVAVWFQNRRARWKTKQLERDYDLLKSTYDQLLSNYDSIVMDNDKLRSEVTSLTEKLQGKQETANEPPGQVPEPNQLDPVYINAAAIKTEDRLSSGSVGSAVLDDDAPQLLDSCDSYFPSIVPIQDNSNASDHDNDRSCFADVFVPTTSPSHDHHGESLAFWGWP	30,933	272	\N	\N	t	\N
2258	T	P20293	20997	\N	T	\N	T-Box factors	Brachyury-related factors	\N	MSSPGTESAGKSLQYRVDHLLSAVESELQAGSEKGDPTERELRVGLEESELWLRFKELTNEMIVTKNGRRMFPVLKVNVSGLDPNAMYSFLLDFVTADNHRWKYVNGEWVPGGKPEPQAPSCVYIHPDSPNFGAHWMKAPVSFSKVKLTNKLNGGGQIMLNSLHKYEPRIHIVRVGGPQRMITSHCFPETQFIAVTAYQNEEITALKIKYNPFAKAFLDAKERNDHKDVMEEPGDCQQPGYSQWGWLVPGAGTLCPPASSHPQFGGSLSLPSTHGCERYPALRNHRSSPYPSPYAHRNSSPTYADNSSACLSMLQSHDNWSSLGVPGHTSMLPVSHNASPPTGSSQYPSLWSVSNGTITPGSQTAGVSNGLGAQFFRGSPAHYTPLTHTVSAATSSSSGSPMYEGAATVTDISDSQYDTAQSLLIASWTPVSPPSM	47,440	436	\N	\N	t	\N
2260	br	Q01295	44505	\N	br	\N	C2H2 zinc finger factors	Other factors with up to three adjacent zinc fingers	\N	MDDTQHFCLRWNNYQSSITSAFENLRDDEAFVDVTLACEGRSIKAHRVVLSACSPYFRELLKSTPCKHPVILLQDVNFMDLHALVEFIYHGEVNVHQKSLQSFLKTAEVLRVSGLTQQQAEDTHSHLAQIQNLANSGGRTPLNTHTQSLPHPHHGSLHDDGGSSTLFSRQGAGSPPPTAVPSLPSHINNQLLKRMAMMHRSSAAAAAEETSHAFKRLRGSDNSLPLSGAVGSGSNNNSPDLPPLHARSASPQQTPADFSTIKHHNNNNTPPLKEEKRNGPTGNGNSGNGNGNGNGASNGNGISISDKLGSLTPSPLARAGADDVKSEPMDMVCSNNNANANDEHSNDSTGEHDANRSSSGDGGKGSLSSGNDEEIGDGLASHHAAPQFIMSPAENKMFHAAAFNFPNIDPSALLGLNTQLQQSGDLAVSPQGKLTTNATTTTTTINNSITNNNNNNNNNNYDYSLPTKNSNSQKTPSPTTTTLTTPTTTTPTRPTAITSASGICGLNLSTFAANGSSSGGSNGGLSMTALLPQQQQQQQQQHQMSQQQQQQQQQQQQQGNSSSGQQQQPNGILACSTPKANTPTTTQQQMYAAVMAAAASASASTSGSANSSLNNSNSTLNTSGGLNNSASGGDDFRCNPCNKNLSSLTRLKRHIQNVHMRPTKEPVCNICKRVYSSLNSLRNHKSIYHRNLKQPKQEPGVGATQAAANSFYHQQHQQQQLNHHSSS	77,393	727	\N	\N	t	\N
2262	br(var.2)	Q01295	44505	\N	br(var.2)	\N	C2H2 zinc finger factors	Other factors with up to three adjacent zinc fingers	\N	MDDTQHFCLRWNNYQSSITSAFENLRDDEAFVDVTLACEGRSIKAHRVVLSACSPYFRELLKSTPCKHPVILLQDVNFMDLHALVEFIYHGEVNVHQKSLQSFLKTAEVLRVSGLTQQQAEDTHSHLAQIQNLANSGGRTPLNTHTQSLPHPHHGSLHDDGGSSTLFSRQGAGSPPPTAVPSLPSHINNQLLKRMAMMHRSSAAAAAEETSHAFKRLRGSDNSLPLSGAVGSGSNNNSPDLPPLHARSASPQQTPADFSTIKHHNNNNTPPLKEEKRNGPTGNGNSGNGNGNGNGASNGNGISISDKLGSLTPSPLARAGADDVKSEPMDMVCSNNNANANDEHSNDSTGEHDANRSSSGDGGKGSLSSGNDEEIGDGLASHHAAPQFIMSPAENKMFHAAAFNFPNIDPSALLGLNTQLQQSGDLAVSPQGKLTTNATTTTTTINNSITNNNNNNNNNNYDYSLPTKNSNSQKTPSPTTTTLTTPTTTTPTRPTAITSASGICGLNLSTFAANGSSSGGSNGGLSMTALLPQQQQQQQQQHQMSQQQQQQQQQQQQQGNSSSGQQQQPNGILACSTPKANTPTTTQQQMYAAVMAAAASASASTSGSANSSLNNSNSTLNTSGGLNNSASGGDDFRCNPCNKNLSSLTRLKRHIQNVHMRPTKEPVCNICKRVYSSLNSLRNHKSIYHRNLKQPKQEPGVGATQAAANSFYHQQHQQQQLNHHSSS	77,393	727	\N	\N	t	\N
\.


--
-- Data for Name: reaction; Type: TABLE DATA; Schema: public; Owner: pochis01
--

COPY public.reaction (reaction_id, compound_id, compartment_id, coefficient, _is_reactant, _is_product, _is_modifier, rxn_type, kinetic_law_id) FROM stdin;
1	1927	\N	\N	t	\N	\N	\N	1932
2	1929	\N	\N	t	\N	\N	\N	1932
3	1927	\N	\N	\N	t	\N	\N	1932
4	1927	\N	\N	\N	t	\N	\N	1932
5	1931	\N	\N	\N	\N	t		1932
6	1929	\N	\N	t	\N	\N	\N	1933
7	1927	\N	\N	t	\N	\N	\N	1933
8	1927	\N	\N	\N	t	\N	\N	1933
9	1927	\N	\N	\N	t	\N	\N	1933
10	1931	\N	\N	\N	\N	t		1933
11	1927	\N	\N	t	\N	\N	\N	1934
12	1929	\N	\N	t	\N	\N	\N	1934
13	1927	\N	\N	\N	t	\N	\N	1934
14	1927	\N	\N	\N	t	\N	\N	1934
15	1931	\N	\N	\N	\N	t		1934
16	1927	\N	\N	t	\N	\N	\N	1935
17	1929	\N	\N	t	\N	\N	\N	1935
18	1927	\N	\N	\N	t	\N	\N	1935
19	1927	\N	\N	\N	t	\N	\N	1935
20	1931	\N	\N	\N	\N	t		1935
21	1929	\N	\N	t	\N	\N	\N	1936
22	1927	\N	\N	t	\N	\N	\N	1936
23	1927	\N	\N	\N	t	\N	\N	1936
24	1927	\N	\N	\N	t	\N	\N	1936
25	1929	1	\N	t	\N	\N	\N	1941
26	1937	1	\N	t	\N	\N	\N	1941
27	1938	1	\N	\N	t	\N	\N	1941
28	1940	1	\N	\N	\N	t		1941
29	1929	1	\N	t	\N	\N	\N	1942
30	1937	1	\N	t	\N	\N	\N	1942
31	1938	1	\N	\N	t	\N	\N	1942
32	1944	2	\N	t	\N	\N	\N	1952
33	1946	2	\N	t	\N	\N	\N	1952
34	1948	2	\N	\N	t	\N	\N	1952
35	1950	2	\N	\N	t	\N	\N	1952
36	1944	2	\N	t	\N	\N	\N	1953
37	1946	2	\N	t	\N	\N	\N	1953
38	1948	2	\N	\N	t	\N	\N	1953
39	1950	2	\N	\N	t	\N	\N	1953
40	1944	2	\N	t	\N	\N	\N	1954
41	1946	2	\N	t	\N	\N	\N	1954
42	1950	2	\N	\N	t	\N	\N	1954
43	1948	2	\N	\N	t	\N	\N	1954
44	1944	2	\N	t	\N	\N	\N	1955
45	1946	2	\N	t	\N	\N	\N	1955
46	1948	2	\N	\N	t	\N	\N	1955
47	1950	2	\N	\N	t	\N	\N	1955
48	1944	2	\N	t	\N	\N	\N	1956
49	1946	2	\N	t	\N	\N	\N	1956
50	1950	2	\N	\N	t	\N	\N	1956
51	1948	2	\N	\N	t	\N	\N	1956
52	1944	3	\N	t	\N	\N	\N	1957
53	1946	3	\N	t	\N	\N	\N	1957
54	1950	3	\N	\N	t	\N	\N	1957
55	1948	3	\N	\N	t	\N	\N	1957
56	1946	3	\N	t	\N	\N	\N	1958
57	1944	3	\N	t	\N	\N	\N	1958
58	1948	3	\N	\N	t	\N	\N	1958
59	1950	3	\N	\N	t	\N	\N	1958
60	1960	2	\N	t	\N	\N	\N	1963
61	1950	2	\N	t	\N	\N	\N	1963
62	1962	2	\N	\N	t	\N	\N	1963
63	1946	2	\N	\N	t	\N	\N	1963
64	1960	2	\N	t	\N	\N	\N	1964
65	1950	2	\N	t	\N	\N	\N	1964
66	1962	2	\N	\N	t	\N	\N	1964
67	1946	2	\N	\N	t	\N	\N	1964
68	1960	2	\N	t	\N	\N	\N	1965
69	1950	2	\N	t	\N	\N	\N	1965
70	1946	2	\N	\N	t	\N	\N	1965
71	1962	2	\N	\N	t	\N	\N	1965
72	1950	2	\N	t	\N	\N	\N	1966
73	1960	2	\N	t	\N	\N	\N	1966
74	1946	2	\N	\N	t	\N	\N	1966
75	1962	2	\N	\N	t	\N	\N	1966
\.


--
-- Data for Name: reference_genome; Type: TABLE DATA; Schema: public; Owner: pochis01
--

COPY public.reference_genome (reference_genome_id, namespace, organism_strain, download_url) FROM stdin;
2004	Ensembl	homo_sapiens	ftp://ftp.ensembl.org/pub/current_fasta/homo_sapiens/cdna/Homo_sapiens.GRCh38.cdna.all.fa.gz
2011	Ensembl	mus_musculus	ftp://ftp.ensembl.org/pub/current_fasta/mus_musculus/cdna/Mus_musculus.GRCm38.cdna.all.fa.gz
\.


--
-- Data for Name: resource; Type: TABLE DATA; Schema: public; Owner: pochis01
--

COPY public.resource (id, namespace, _id, release_date) FROM stdin;
1	url	http://eutils.ncbi.nlm.nih.gov/entrez/eutils/elink.fcgi?dbfrom=pubmed&id=16819729&retmode=ref&cmd=prlinks	\N
2	pubmed	10542231	\N
3	paper	Cestra et al. (1999)	\N
4	kegg.compound	C00012	\N
5	pubchem.substance	3314	\N
6	chebi	CHEBI:16670	\N
7	kegg.compound	C00001	\N
8	pubchem.substance	3303	\N
9	chebi	CHEBI:15377	\N
10	ec-code	3.4.21.62	\N
11	sabiork.reaction	6570	\N
12	pubmed	12962477	\N
13	kegg.compound	C00520	\N
14	pubchem.substance	3803	\N
15	kegg.compound	C00471	\N
16	pubchem.substance	3754	\N
17	ec-code	3.4.21.73	\N
18	sabiork.reaction	6575	\N
19	pubmed	14769799	\N
20	kegg.compound	C01984	\N
21	pubchem.substance	5081	\N
22	chebi	CHEBI:17756	\N
23	chebi	CHEBI:32800	\N
24	kegg.compound	C00061	\N
25	pubchem.substance	3361	\N
26	chebi	CHEBI:17621	\N
27	chebi	CHEBI:24041	\N
28	kegg.compound	C02137	\N
29	pubchem.substance	5216	\N
30	chebi	CHEBI:18280	\N
31	chebi	CHEBI:36656	\N
32	kegg.compound	C01847	\N
33	pubchem.substance	4964	\N
34	chebi	CHEBI:16048	\N
35	ec-code	1.1.99.31	\N
36	kegg.reaction	R07664	\N
37	sabiork.reaction	6623	\N
38	pubmed	15311930	\N
39	kegg.compound	C00007	\N
40	kegg.compound	C00704	\N
41	pubchem.substance	3309	\N
42	chebi	CHEBI:15379	\N
43	chebi	CHEBI:25805	\N
44	kegg.compound	C00027	\N
45	pubchem.substance	3329	\N
46	chebi	CHEBI:16240	\N
47	sabiork.reaction	6593	\N
48	ArrayExpress	E-MTAB-6454	2018-02-02
49	ArrayExpress	E-MTAB-6403	2018-02-02
50	ArrayExpress	E-MTAB-6272	2018-02-02
51	ArrayExpress	E-MTAB-6226	2018-02-01
52	ArrayExpress	E-MTAB-5810	2018-02-01
53	ebi id	EBI-16517816	\N
54	ebi id	EBI-16517866	\N
55	ebi id	EBI-16517916	\N
56	ebi id	EBI-16517966	\N
57	ebi id	EBI-16518016	\N
58	ebi id	EBI-16518066	\N
59	ebi id	EBI-16518120	\N
60	ebi id	EBI-16518238	\N
61	ebi id	EBI-16419327	\N
62	ebi id	EBI-16414997	\N
63	pubmed	11929873	\N
64	pubmed	9267036	\N
65	pubmed	1317062	\N
66	pubmed	11136719	\N
67	pubmed	12847290	\N
68	pubmed	15030569	\N
69	pubmed	11741546	\N
70	pubmed	14718540	\N
71	pubmed	7632923	\N
72	pubmed	8413232	\N
73	pubmed	16420676	\N
74	pubmed	7592839	\N
75	pubmed	7901838	\N
76	pubmed	1491700	\N
77	pubmed	8253077	\N
78	pubmed	8344258	\N
79	pubmed	8062827	\N
80	biocyc	2-OXOBUTANOATE	\N
81	cas	600-18-0	\N
82	chebi	CHEBI:16763	\N
83	chemspider	57	\N
84	ligandexpo	2KT	\N
85	hmdb	HMDB00005	\N
86	kegg.compound	C00109	\N
87	pubchem.compound	58	\N
88	wikipedia.en	Alpha-ketobutyric_acid	\N
89	biocyc	DEOXYURIDINE	\N
90	cas	951-78-0	\N
91	chebi	CHEBI:16450	\N
92	chemspider	13118	\N
93	ligandexpo	DUR	\N
94	hmdb	HMDB00012	\N
95	kegg.compound	C00526	\N
96	msds.url	http://hmdb.ca/system/metabolites/msds/000/000/007/original/HMDB00012.pdf?1358462809	\N
97	pubchem.compound	13712	\N
98	wikipedia.en	Deoxyuridine	\N
99	biocyc	DEOXYCYTIDINE	\N
100	cas	951-77-9	\N
101	chemspider	13117	\N
102	ligandexpo	DCZ	\N
103	hmdb	HMDB00014	\N
104	kegg.compound	C00881	\N
105	msds.url	http://hmdb.ca/system/metabolites/msds/000/000/008/original/HMDB00014.pdf?1358461423	\N
106	pubchem.compound	13711	\N
107	wikipedia.en	Deoxycytidine	\N
108	cas	759-05-7	\N
109	chebi	CHEBI:16530	\N
110	chemspider	48	\N
111	ligandexpo	KIV	\N
112	hmdb	HMDB00019	\N
113	kegg.compound	C00141	\N
114	msds.url	http://hmdb.ca/system/metabolites/msds/000/000/012/original/HMDB00019.pdf?1358461321	\N
115	biocyc	3-HYDROXY-ISOBUTYRATE	\N
116	cas	2068-83-9	\N
117	chebi	CHEBI:18064	\N
118	chemspider	85	\N
119	hmdb	HMDB00023	\N
120	kegg.compound	C01188	\N
121	msds.url	http://hmdb.ca/system/metabolites/msds/000/000/016/original/HMDB00023.pdf?1358462872	\N
122	biocyc	3-UREIDO-PROPIONATE	\N
123	cas	462-88-4	\N
124	chebi	CHEBI:18261	\N
125	chemspider	109	\N
126	ligandexpo	URP	\N
127	hmdb	HMDB00026	\N
128	kegg.compound	C02642	\N
129	msds.url	http://hmdb.ca/system/metabolites/msds/000/000/018/original/HMDB00026.pdf?1358463400	\N
130	pubchem.compound	111	\N
131	biocyc	BIOTIN	\N
132	cas	58-85-5	\N
133	chebi	CHEBI:15956	\N
134	chemspider	149962	\N
135	ligandexpo	BTN	\N
136	hmdb	HMDB00030	\N
137	kegg.compound	C00120	\N
268	pubchem.compound	159296	\N
138	msds.url	http://hmdb.ca/system/metabolites/msds/000/000/020/original/HMDB00030.pdf?1358893586	\N
139	pubchem.compound	171548	\N
140	wikipedia.en	Biotin	\N
141	biocyc	ADENINE	\N
142	cas	73-24-5	\N
143	chebi	CHEBI:16708	\N
144	chemspider	185	\N
145	ligandexpo	ANE	\N
146	hmdb	HMDB00034	\N
147	kegg.compound	C00147	\N
148	msds.url	http://hmdb.ca/system/metabolites/msds/000/000/024/original/HMDB00034.pdf?1358893297	\N
149	pubchem.compound	190	\N
150	wikipedia.en	Adenine	\N
151	pubmed	19561621	\N
152	pubmed	17379776	\N
153	pubmed	17535911	\N
154	biocyc	BUTYRIC_ACID	\N
155	cas	107-92-6	\N
156	chebi	CHEBI:30772	\N
157	chemspider	259	\N
158	ligandexpo	BUA	\N
159	hmdb	HMDB00039	\N
160	kegg.compound	C00246	\N
161	msds.url	http://hmdb.ca/system/metabolites/msds/000/000/028/original/HMDB00039.pdf?1358893684	\N
162	pubchem.compound	264	\N
163	wikipedia.en	Butyric_acid	\N
164	biocyc	ACET	\N
165	cas	64-19-7	\N
166	chebi	CHEBI:15366	\N
167	chemspider	171	\N
168	ligandexpo	CM	\N
169	hmdb	HMDB00042	\N
170	kegg.compound	C00033	\N
171	msds.url	http://hmdb.ca/system/metabolites/msds/000/000/029/original/Acetic_Acid_msds.pdf?1368644211	\N
172	pubchem.compound	176	\N
173	wikipedia.en	Acetic_acid	\N
174	biocyc	ASCORBATE	\N
175	cas	50-81-7	\N
176	chebi	CHEBI:29073	\N
177	chemspider	559144	\N
178	hmdb	HMDB00044	\N
179	kegg.compound	C00072	\N
180	msds.url	http://hmdb.ca/system/metabolites/msds/000/000/031/original/HMDB00044.pdf?1358893460	\N
181	pubchem.compound	644104	\N
182	wikipedia.en	Ascorbic acid	\N
183	biocyc	AMP	\N
184	cas	61-19-8	\N
185	chebi	CHEBI:16027	\N
186	chemspider	5858	\N
187	ligandexpo	AP7	\N
188	hmdb	HMDB00045	\N
189	kegg.compound	C00020	\N
190	msds.url	http://hmdb.ca/system/metabolites/msds/000/000/032/original/HMDB00045.pdf?1358463104	\N
191	pubchem.compound	6083	\N
192	wikipedia.en	Adenosine monophosphate	\N
193	pubmed	11488613	\N
194	biocyc	MELIBIOSE	\N
195	cas	585-99-9	\N
196	chebi	CHEBI:28053	\N
197	chemspider	389538	\N
198	hmdb	HMDB00048	\N
199	kegg.compound	C05402	\N
200	msds.url	http://hmdb.ca/system/metabolites/msds/000/000/033/original/HMDB00048.pdf?1358462799	\N
201	pubchem.compound	440658	\N
202	biocyc	ADENOSINE	\N
203	cas	58-61-7	\N
204	chebi	CHEBI:16335	\N
205	chemspider	54923	\N
206	ligandexpo	ADN	\N
207	hmdb	HMDB00050	\N
208	kegg.compound	C00212	\N
209	msds.url	http://hmdb.ca/system/metabolites/msds/000/000/035/original/HMDB00050.pdf?1358893299	\N
210	wikipedia.en	Adenosine	\N
211	biocyc	AMMONIA	\N
212	cas	7664-41-7	\N
213	chebi	CHEBI:16134	\N
214	chemspider	217	\N
215	ligandexpo	NH4	\N
216	hmdb	HMDB00051	\N
217	kegg.compound	C00014	\N
218	msds.url	http://hmdb.ca/system/metabolites/msds/000/000/036/original/HMDB00051.pdf?1358462652	\N
219	pubchem.compound	222	\N
220	wikipedia.en	Ammonia	\N
221	biocyc	CELLOBIOSE	\N
222	cas	528-50-7	\N
223	chebi	CHEBI:17057	\N
224	chemspider	10261	\N
225	ligandexpo	CBI	\N
226	hmdb	HMDB00055	\N
227	kegg.compound	C00185	\N
228	msds.url	http://hmdb.ca/system/metabolites/msds/000/000/040/original/HMDB00055.pdf?1358463244	\N
229	pubchem.compound	439178	\N
230	wikipedia.en	Cellobiose	\N
231	biocyc	B-ALANINE	\N
232	cas	107-95-9	\N
233	chebi	CHEBI:16958	\N
234	chemspider	234	\N
235	ligandexpo	BAL	\N
236	hmdb	HMDB00056	\N
237	kegg.compound	C00099	\N
238	msds.url	http://hmdb.ca/system/metabolites/msds/000/000/041/original/HMDB00056.pdf?1358893572	\N
239	pubchem.compound	239	\N
240	wikipedia.en	beta-Alanine	\N
241	biocyc	CAMP	\N
242	cas	60-92-4	\N
243	chebi	CHEBI:17489	\N
244	chemspider	5851	\N
245	ligandexpo	CMP	\N
246	hmdb	HMDB00058	\N
247	kegg.compound	C00575	\N
248	msds.url	http://hmdb.ca/system/metabolites/msds/000/000/042/original/HMDB00058.pdf?1358462082	\N
249	pubchem.compound	6076	\N
250	wikipedia.en	Cyclic AMP	\N
251	biocyc	3-KETOBUTYRATE	\N
252	cas	541-50-4	\N
253	chebi	CHEBI:15344	\N
254	chemspider	94	\N
255	ligandexpo	LIN	\N
256	hmdb	HMDB00060	\N
257	kegg.compound	C00164	\N
258	msds.url	http://hmdb.ca/system/metabolites/msds/000/000/043/original/HMDB00060.pdf?1358462250	\N
259	wikipedia.en	Acetoacetic acid	\N
260	biocyc	3-5-ADP	\N
261	cas	1053-73-2	\N
262	chebi	CHEBI:17985	\N
263	chemspider	140102	\N
264	ligandexpo	A3P	\N
265	hmdb	HMDB00061	\N
266	kegg.compound	C00054	\N
267	msds.url	http://hmdb.ca/system/metabolites/msds/000/000/044/original/HMDB00061.pdf?1358461372	\N
269	biocyc	CARNITINE	\N
270	cas	541-15-1	\N
271	chebi	CHEBI:17126	\N
272	chemspider	83	\N
273	hmdb	HMDB00062	\N
274	kegg.compound	C00487	\N
275	msds.url	http://hmdb.ca/system/metabolites/msds/000/000/045/original/HMDB00062.pdf?1358894663	\N
276	pubchem.compound	10917	\N
277	wikipedia.en	L-Carnitine	\N
278	biocyc	DEOXYINOSINE	\N
279	cas	890-38-0	\N
280	chemspider	58569	\N
281	ligandexpo	2ND	\N
282	hmdb	HMDB00071	\N
283	kegg.compound	C05512	\N
284	msds.url	http://hmdb.ca/system/metabolites/msds/000/000/052/original/HMDB00071.pdf?1358463161	\N
285	pubchem.compound	65058	\N
286	biocyc	CIS-ACONITATE	\N
287	cas	585-84-2	\N
288	chebi	CHEBI:32805	\N
289	chemspider	558863	\N
290	hmdb	HMDB00072	\N
291	kegg.compound	C00417	\N
292	msds.url	http://hmdb.ca/system/metabolites/msds/000/000/053/original/HMDB00072.pdf?1358461777	\N
293	pubchem.compound	309	\N
294	biocyc	DOPAMINE	\N
295	cas	62-31-7	\N
296	chebi	CHEBI:18243	\N
297	chemspider	661	\N
298	ligandexpo	LDP	\N
299	hmdb	HMDB00073	\N
300	kegg.compound	C03758	\N
301	pubchem.compound	681	\N
302	wikipedia.en	Dopamine	\N
303	biocyc	DI-H-URACIL	\N
304	cas	504-07-4	\N
305	chebi	CHEBI:15901	\N
306	chemspider	629	\N
307	ligandexpo	DUC	\N
308	hmdb	HMDB00076	\N
309	kegg.compound	C00429	\N
310	msds.url	http://hmdb.ca/system/metabolites/msds/000/000/055/original/HMDB00076.pdf?1358461785	\N
311	pubchem.compound	649	\N
312	biocyc	CYS-GLY	\N
313	cas	19246-18-5	\N
314	chemspider	388596	\N
315	hmdb	HMDB00078	\N
316	kegg.compound	C01419	\N
317	msds.url	http://hmdb.ca/system/metabolites/msds/000/000/057/original/HMDB00078.pdf?1358463314	\N
318	pubchem.compound	439498	\N
319	biocyc	DIHYDRO-THYMINE	\N
320	cas	696-04-8	\N
321	chebi	CHEBI:27468	\N
322	chemspider	84456	\N
323	hmdb	HMDB00079	\N
324	kegg.compound	C00906	\N
325	msds.url	http://hmdb.ca/system/metabolites/msds/000/000/058/original/HMDB00079.pdf?1358461738	\N
326	pubchem.compound	93556	\N
327	biocyc	CTP	\N
328	cas	65-47-4	\N
329	chebi	CHEBI:17677	\N
330	chemspider	5941	\N
331	ligandexpo	CTP	\N
332	hmdb	HMDB00082	\N
333	kegg.compound	C00063	\N
334	msds.url	http://hmdb.ca/system/metabolites/msds/000/000/059/original/HMDB00082.pdf?1358463302	\N
335	pubchem.compound	6176	\N
336	wikipedia.en	Cytidine triphosphate	\N
\.


--
-- Data for Name: rna_seq_dataset; Type: TABLE DATA; Schema: public; Owner: pochis01
--

COPY public.rna_seq_dataset (sample_id, experiment_accession_number, sample_name, assay, ensembl_organism_strain, read_type, full_strain_specificity) FROM stdin;
1967	E-MTAB-6454	S3:6_ADULT_F	P5052_226_S59_L005	\N	single	\N
1968	E-MTAB-6454	S3:11_SD_P_M	P5052_120_S45_L005	\N	single	\N
1969	E-MTAB-6454	S3:11_SD_P_F	P5052_121_S46_L005	\N	single	\N
1970	E-MTAB-6454	S3:6_ADULT_M	P5052_234_S61_L005	\N	single	\N
1971	E-MTAB-6454	S3:11_SD_V_M	P5052_118_S43_L005	\N	single	\N
1972	E-MTAB-6454	S3:2_SD_P_F	P5052_105_S30_L004	\N	single	\N
1973	E-MTAB-6454	S3:11_SD_V_F	P5052_119_S44_L005	\N	single	\N
1974	E-MTAB-6454	S3:2_SD_P_M	P5052_104_S29_L004	\N	single	\N
1975	E-MTAB-6454	S3:2_LD_V_F	P5052_203_S49_L005	\N	single	\N
1976	E-MTAB-6454	S3:10_SD_V_F	P5052_111_S31_L004	\N	single	\N
1977	E-MTAB-6454	S3:11_LD_V_M	P5052_218_S55_L005	\N	single	\N
1978	E-MTAB-6454	S3:2_SD_V_F	P5052_103_S28_L004	\N	single	\N
1979	E-MTAB-6454	S3:10_SD_V_M	P5052_110_S41_L005	\N	single	\N
1980	E-MTAB-6454	S3:2_LD_V_M	P5052_202_S48_L005	\N	single	\N
1981	E-MTAB-6454	S3:2_SD_V_M	P5052_102_S27_L004	\N	single	\N
1982	E-MTAB-6454	S3:11_LD_V_F	P5052_219_S56_L005	\N	single	\N
1983	E-MTAB-6454	S3:10_SD_P_F	P5052_113_S33_L004	\N	single	\N
1984	E-MTAB-6454	S3:10_SD_P_M	P5052_112_S32_L004	\N	single	\N
1985	E-MTAB-6454	S3:10_SD_III	P5052_109_S40_L005	\N	single	\N
1986	E-MTAB-6454	S3:10_LD_V_F	P5052_211_S52_L005	\N	single	\N
1987	E-MTAB-6454	S3:11_LD_III	P5052_217_S54_L005	\N	single	\N
1988	E-MTAB-6454	S3:10_LD_V_M	P5052_210_S51_L005	\N	single	\N
1989	E-MTAB-6454	S3:6_2_ADULT_M	P5052_235_S62_L005	\N	single	\N
1990	E-MTAB-6454	S3:11_SD_III	P5052_117_S42_L005	\N	single	\N
1991	E-MTAB-6454	S3:2_SD_III	P5052_101_S39_L005	\N	single	\N
1992	E-MTAB-6454	S3:10_LD_P_F	P5052_213_S53_L005	\N	single	\N
1993	E-MTAB-6454	S3:11_LD_P_F	P5052_221_S58_L005	\N	single	\N
1994	E-MTAB-6454	S3:10_LD_III	P5052_209_S50_L005	\N	single	\N
1995	E-MTAB-6454	S3:10_LD_P_M	P5052_212_S36_L004	\N	single	\N
1996	E-MTAB-6454	S3:11_LD_P_M	P5052_220_S57_L005	\N	single	\N
1997	E-MTAB-6454	S3:2_LD_P_M	P5052_204_S34_L004	\N	single	\N
1998	E-MTAB-6454	S3:2_LD_P_F	P5052_205_S35_L004	\N	single	\N
1999	E-MTAB-6454	S3:10_ADULT_F	P5052_227_S38_L004	\N	single	\N
2000	E-MTAB-6454	S3:2_ADULT_F	P5052_225_S37_L004	\N	single	\N
2001	E-MTAB-6454	S3:2_LD_III	P5052_201_S47_L005	\N	single	\N
2002	E-MTAB-6454	S3:2_ADULT_M	P5052_233_S60_L005	\N	single	\N
2003	E-MTAB-6403	Sample 6	Sample 6	homo_sapiens	paired	t
2005	E-MTAB-6403	Sample 4	Sample 4	homo_sapiens	paired	t
2006	E-MTAB-6403	Sample 5	Sample 5	homo_sapiens	paired	t
2007	E-MTAB-6403	Sample 2	Sample 2	homo_sapiens	paired	t
2008	E-MTAB-6403	Sample 3	Sample 3	homo_sapiens	paired	t
2009	E-MTAB-6403	Sample 1	Sample 1	homo_sapiens	paired	t
2010	E-MTAB-6272	Sample 61	Sample 61	mus_musculus	single	t
2012	E-MTAB-6272	Sample 25	Sample 25	mus_musculus	single	t
2013	E-MTAB-6272	Sample 44	Sample 44	mus_musculus	single	t
2014	E-MTAB-6272	Sample 48	Sample 48	mus_musculus	single	t
2015	E-MTAB-6272	Sample 29	Sample 29	mus_musculus	single	t
2016	E-MTAB-6272	Sample 28	Sample 28	mus_musculus	single	t
2017	E-MTAB-6272	Sample 24	Sample 24	mus_musculus	single	t
2018	E-MTAB-6272	Sample 18	Sample 18	mus_musculus	single	t
2019	E-MTAB-6272	Sample 19	Sample 19	mus_musculus	single	t
2020	E-MTAB-6272	Sample 14	Sample 14	mus_musculus	single	t
2021	E-MTAB-6272	Sample 15	Sample 15	mus_musculus	single	t
2022	E-MTAB-6272	Sample 16	Sample 16	mus_musculus	single	t
2023	E-MTAB-6272	Sample 17	Sample 17	mus_musculus	single	t
2024	E-MTAB-6272	Sample 10	Sample 10	mus_musculus	single	t
2025	E-MTAB-6272	Sample 11	Sample 11	mus_musculus	single	t
2026	E-MTAB-6272	Sample 12	Sample 12	mus_musculus	single	t
2027	E-MTAB-6272	Sample 13	Sample 13	mus_musculus	single	t
2028	E-MTAB-6272	Sample 50	Sample 50	mus_musculus	single	t
2029	E-MTAB-6272	Sample 51	Sample 51	mus_musculus	single	t
2030	E-MTAB-6272	Sample 78	Sample 78	mus_musculus	single	t
2031	E-MTAB-6272	Sample 53	Sample 53	mus_musculus	single	t
2032	E-MTAB-6272	Sample 54	Sample 54	mus_musculus	single	t
2033	E-MTAB-6272	Sample 33	Sample 33	mus_musculus	single	t
2034	E-MTAB-6272	Sample 56	Sample 56	mus_musculus	single	t
2035	E-MTAB-6272	Sample 57	Sample 57	mus_musculus	single	t
2036	E-MTAB-6272	Sample 72	Sample 72	mus_musculus	single	t
2037	E-MTAB-6272	Sample 73	Sample 73	mus_musculus	single	t
2038	E-MTAB-6272	Sample 70	Sample 70	mus_musculus	single	t
2039	E-MTAB-6272	Sample 71	Sample 71	mus_musculus	single	t
2040	E-MTAB-6272	Sample 76	Sample 76	mus_musculus	single	t
2041	E-MTAB-6272	Sample 77	Sample 77	mus_musculus	single	t
2042	E-MTAB-6272	Sample 38	Sample 38	mus_musculus	single	t
2043	E-MTAB-6272	Sample 39	Sample 39	mus_musculus	single	t
2044	E-MTAB-6272	Sample 49	Sample 49	mus_musculus	single	t
2045	E-MTAB-6272	Sample 26	Sample 26	mus_musculus	single	t
2046	E-MTAB-6272	Sample 43	Sample 43	mus_musculus	single	t
2047	E-MTAB-6272	Sample 42	Sample 42	mus_musculus	single	t
2048	E-MTAB-6272	Sample 31	Sample 31	mus_musculus	single	t
2049	E-MTAB-6272	Sample 36	Sample 36	mus_musculus	single	t
2050	E-MTAB-6272	Sample 37	Sample 37	mus_musculus	single	t
2051	E-MTAB-6272	Sample 8	Sample 8	mus_musculus	single	t
2052	E-MTAB-6272	Sample 74	Sample 74	mus_musculus	single	t
2053	E-MTAB-6272	Sample 40	Sample 40	mus_musculus	single	t
2054	E-MTAB-6272	Sample 9	Sample 9	mus_musculus	single	t
2055	E-MTAB-6272	Sample 75	Sample 75	mus_musculus	single	t
2056	E-MTAB-6272	Sample 52	Sample 52	mus_musculus	single	t
2057	E-MTAB-6272	Sample 3	Sample 3	mus_musculus	single	t
2058	E-MTAB-6272	Sample 35	Sample 35	mus_musculus	single	t
2059	E-MTAB-6272	Sample 34	Sample 34	mus_musculus	single	t
2060	E-MTAB-6272	Sample 55	Sample 55	mus_musculus	single	t
2061	E-MTAB-6272	Sample 69	Sample 69	mus_musculus	single	t
2062	E-MTAB-6272	Sample 68	Sample 68	mus_musculus	single	t
2063	E-MTAB-6272	Sample 27	Sample 27	mus_musculus	single	t
2064	E-MTAB-6272	Sample 32	Sample 32	mus_musculus	single	t
2065	E-MTAB-6272	Sample 21	Sample 21	mus_musculus	single	t
2066	E-MTAB-6272	Sample 30	Sample 30	mus_musculus	single	t
2067	E-MTAB-6272	Sample 23	Sample 23	mus_musculus	single	t
2068	E-MTAB-6272	Sample 22	Sample 22	mus_musculus	single	t
2069	E-MTAB-6272	Sample 47	Sample 47	mus_musculus	single	t
2070	E-MTAB-6272	Sample 60	Sample 60	mus_musculus	single	t
2071	E-MTAB-6272	Sample 63	Sample 63	mus_musculus	single	t
2072	E-MTAB-6272	Sample 62	Sample 62	mus_musculus	single	t
2073	E-MTAB-6272	Sample 65	Sample 65	mus_musculus	single	t
2074	E-MTAB-6272	Sample 64	Sample 64	mus_musculus	single	t
2075	E-MTAB-6272	Sample 67	Sample 67	mus_musculus	single	t
2076	E-MTAB-6272	Sample 66	Sample 66	mus_musculus	single	t
2077	E-MTAB-6272	Sample 20	Sample 20	mus_musculus	single	t
2078	E-MTAB-6272	Sample 58	Sample 58	mus_musculus	single	t
2079	E-MTAB-6272	Sample 46	Sample 46	mus_musculus	single	t
2080	E-MTAB-6272	Sample 41	Sample 41	mus_musculus	single	t
2081	E-MTAB-6272	Sample 59	Sample 59	mus_musculus	single	t
2082	E-MTAB-6272	Sample 6	Sample 6	mus_musculus	single	t
2083	E-MTAB-6272	Sample 7	Sample 7	mus_musculus	single	t
2084	E-MTAB-6272	Sample 4	Sample 4	mus_musculus	single	t
2085	E-MTAB-6272	Sample 5	Sample 5	mus_musculus	single	t
2086	E-MTAB-6272	Sample 2	Sample 2	mus_musculus	single	t
2087	E-MTAB-6272	Sample 45	Sample 45	mus_musculus	single	t
2088	E-MTAB-6272	Sample 1	Sample 1	mus_musculus	single	t
2089	E-MTAB-6226	6uORF_mutant.no3AT.rep1	6uORF_mutant.no3AT.rep1	\N	single	\N
2090	E-MTAB-6226	6uORF_mutant.no3AT.rep2	6uORF_mutant.no3AT.rep2	\N	single	\N
2091	E-MTAB-6226	nmt1-fil1.no_thiamine.rep2	nmt1-fil1.no_thiamine.rep2	\N	single	\N
2092	E-MTAB-6226	nmt1-fil1.no_thiamine.rep1	nmt1-fil1.no_thiamine.rep1	\N	single	\N
2093	E-MTAB-6226	wildtype.3AT.rep2	wildtype.3AT.rep2	\N	single	\N
2094	E-MTAB-6226	nmt1-fil1.thiamine.rep1	nmt1-fil1.thiamine.rep1	\N	single	\N
2095	E-MTAB-6226	nmt1-fil1.thiamine.rep2	nmt1-fil1.thiamine.rep2	\N	single	\N
2096	E-MTAB-6226	wildtype.3AT.rep1	wildtype.3AT.rep1	\N	single	\N
2097	E-MTAB-6226	6uORF_mutant.3AT.rep2	6uORF_mutant.3AT.rep2	\N	single	\N
2098	E-MTAB-6226	6uORF_mutant.3AT.rep1	6uORF_mutant.3AT.rep1	\N	single	\N
2099	E-MTAB-6226	wildtype.no3AT.rep1	wildtype.no3AT.rep1	\N	single	\N
2100	E-MTAB-6226	wildtype.no3AT.rep2	wildtype.no3AT.rep2	\N	single	\N
2101	E-MTAB-5810	gcn2.noAT.mrna.3	gcn2.noAT.mrna.3	\N	single	\N
2102	E-MTAB-5810	gcn2.noAT.mrna.4	gcn2.noAT.mrna.4	\N	single	\N
2103	E-MTAB-5810	wt.noAT.noCHX.ribo.11	wt.noAT.noCHX.ribo.11	\N	single	\N
2104	E-MTAB-5810	wt.noAT.ribo.4	wt.noAT.ribo.4	\N	single	\N
2105	E-MTAB-5810	wt.AT.mrna.3	wt.AT.mrna.3	\N	single	\N
2106	E-MTAB-5810	wt.noAT.ribo.3	wt.noAT.ribo.3	\N	single	\N
2107	E-MTAB-5810	wt.noAT.ribo.2	wt.noAT.ribo.2	\N	single	\N
2108	E-MTAB-5810	wt.AT.mrna.4	wt.AT.mrna.4	\N	single	\N
2109	E-MTAB-5810	gcn2.AT.ribo.3	gcn2.AT.ribo.3	\N	single	\N
2110	E-MTAB-5810	wt.noAT.CHX.mrna.11	wt.noAT.CHX.mrna.11	\N	single	\N
2111	E-MTAB-5810	wt.noAT.CHX.mrna.13	wt.noAT.CHX.mrna.13	\N	single	\N
2112	E-MTAB-5810	wt.noAT.mrna.3	wt.noAT.mrna.3	\N	single	\N
2113	E-MTAB-5810	wt.AT.ribo.3	wt.AT.ribo.3	\N	single	\N
2114	E-MTAB-5810	wt.AT.ribo.4	wt.AT.ribo.4	\N	single	\N
2115	E-MTAB-5810	wt.noAT.mrna.4	wt.noAT.mrna.4	\N	single	\N
2116	E-MTAB-5810	wt.noAT.noCHX.ribo.13	wt.noAT.noCHX.ribo.13	\N	single	\N
2117	E-MTAB-5810	wt.AT.noCHX.mrna.13	wt.AT.noCHX.mrna.13	\N	single	\N
2118	E-MTAB-5810	gcn2.AT.mrna.3	gcn2.AT.mrna.3	\N	single	\N
2119	E-MTAB-5810	wt.AT.noCHX.mrna.11	wt.AT.noCHX.mrna.11	\N	single	\N
2120	E-MTAB-5810	gcn2.AT.mrna.4	gcn2.AT.mrna.4	\N	single	\N
2121	E-MTAB-5810	wt.noAT.noCHX.mrna.11	wt.noAT.noCHX.mrna.11	\N	single	\N
2122	E-MTAB-5810	wt.noAT.noCHX.mrna.13	wt.noAT.noCHX.mrna.13	\N	single	\N
2123	E-MTAB-5810	gcn2.noAT.ribo.3	gcn2.noAT.ribo.3	\N	single	\N
2124	E-MTAB-5810	gcn2.noAT.ribo.4	gcn2.noAT.ribo.4	\N	single	\N
2125	E-MTAB-5810	wt.AT.CHX.mrna.13	wt.AT.CHX.mrna.13	\N	single	\N
2126	E-MTAB-5810	wt.AT.ribo.2-1	wt.AT.ribo.2-1	\N	single	\N
2127	E-MTAB-5810	wt.AT.CHX.mrna.11	wt.AT.CHX.mrna.11	\N	single	\N
2128	E-MTAB-5810	wt.AT.CHX.ribo.13	wt.AT.CHX.ribo.13	\N	single	\N
2129	E-MTAB-5810	wt.AT.CHX.ribo.11	wt.AT.CHX.ribo.11	\N	single	\N
2130	E-MTAB-5810	gcn2.AT.ribo.4	gcn2.AT.ribo.4	\N	single	\N
2131	E-MTAB-5810	wt.AT.ribo.2-2	wt.AT.ribo.2-2	\N	single	\N
2132	E-MTAB-5810	wt.noAT.mrna.2B	wt.noAT.mrna.2B	\N	single	\N
2133	E-MTAB-5810	wt.AT.mrna.2B	wt.AT.mrna.2B	\N	single	\N
2134	E-MTAB-5810	wt.noAT.CHX.ribo.11	wt.noAT.CHX.ribo.11	\N	single	\N
2135	E-MTAB-5810	wt.noAT.CHX.ribo.13	wt.noAT.CHX.ribo.13	\N	single	\N
2136	E-MTAB-5810	wt.AT.noCHX.ribo.13	wt.AT.noCHX.ribo.13	\N	single	\N
2137	E-MTAB-5810	wt.AT.noCHX.ribo.11	wt.AT.noCHX.ribo.11	\N	single	\N
\.


--
-- Data for Name: rna_seq_experiment; Type: TABLE DATA; Schema: public; Owner: pochis01
--

COPY public.rna_seq_experiment (experiment_id, accession_number, exp_name, has_fastq_files) FROM stdin;
1	E-MTAB-6454	Gene expression profiling across ontogenetic stages in wood white (Leptidea sinapis) reveals pathways linked to butterfly diapause regulation	\N
2	E-MTAB-6403	Genome-wide profiling reveals cancer-related genes have switched alternative polyadenylation sites in colorectal cancer	\N
3	E-MTAB-6272	RNA-seq time course of cardiac repair in mouse in response to LAD ligation compared to sham and non-injured controls	\N
4	E-MTAB-6226	RNA-seq analysis of the overexpression of the Fil1 transcription factor in S. pombe	\N
5	E-MTAB-5810	Ribosome profiling and parallel RNA-seq of S. pombe cells subject to amino acid starvation	\N
\.


--
-- Data for Name: rnaseqdataset_referencegenome; Type: TABLE DATA; Schema: public; Owner: pochis01
--

COPY public.rnaseqdataset_referencegenome (sample_id, reference_genome_id) FROM stdin;
2003	2004
2005	2004
2006	2004
2007	2004
2008	2004
2009	2004
2010	2011
2012	2011
2013	2011
2014	2011
2015	2011
2016	2011
2017	2011
2018	2011
2019	2011
2020	2011
2021	2011
2022	2011
2023	2011
2024	2011
2025	2011
2026	2011
2027	2011
2028	2011
2029	2011
2030	2011
2031	2011
2032	2011
2033	2011
2034	2011
2035	2011
2036	2011
2037	2011
2038	2011
2039	2011
2040	2011
2041	2011
2042	2011
2043	2011
2044	2011
2045	2011
2046	2011
2047	2011
2048	2011
2049	2011
2050	2011
2051	2011
2052	2011
2053	2011
2054	2011
2055	2011
2056	2011
2057	2011
2058	2011
2059	2011
2060	2011
2061	2011
2062	2011
2063	2011
2064	2011
2065	2011
2066	2011
2067	2011
2068	2011
2069	2011
2070	2011
2071	2011
2072	2011
2073	2011
2074	2011
2075	2011
2076	2011
2077	2011
2078	2011
2079	2011
2080	2011
2081	2011
2082	2011
2083	2011
2084	2011
2085	2011
2086	2011
2087	2011
2088	2011
\.


--
-- Data for Name: rnaseqdataset_rnaseqexperiment; Type: TABLE DATA; Schema: public; Owner: pochis01
--

COPY public.rnaseqdataset_rnaseqexperiment (experiment_id, sample_id) FROM stdin;
1	1967
1	1968
1	1969
1	1970
1	1971
1	1972
1	1973
1	1974
1	1975
1	1976
1	1977
1	1978
1	1979
1	1980
1	1981
1	1982
1	1983
1	1984
1	1985
1	1986
1	1987
1	1988
1	1989
1	1990
1	1991
1	1992
1	1993
1	1994
1	1995
1	1996
1	1997
1	1998
1	1999
1	2000
1	2001
1	2002
2	2003
2	2005
2	2006
2	2007
2	2008
2	2009
3	2010
3	2012
3	2013
3	2014
3	2015
3	2016
3	2017
3	2018
3	2019
3	2020
3	2021
3	2022
3	2023
3	2024
3	2025
3	2026
3	2027
3	2028
3	2029
3	2030
3	2031
3	2032
3	2033
3	2034
3	2035
3	2036
3	2037
3	2038
3	2039
3	2040
3	2041
3	2042
3	2043
3	2044
3	2045
3	2046
3	2047
3	2048
3	2049
3	2050
3	2051
3	2052
3	2053
3	2054
3	2055
3	2056
3	2057
3	2058
3	2059
3	2060
3	2061
3	2062
3	2063
3	2064
3	2065
3	2066
3	2067
3	2068
3	2069
3	2070
3	2071
3	2072
3	2073
3	2074
3	2075
3	2076
3	2077
3	2078
3	2079
3	2080
3	2081
3	2082
3	2083
3	2084
3	2085
3	2086
3	2087
3	2088
4	2089
4	2090
4	2091
4	2092
4	2093
4	2094
4	2095
4	2096
4	2097
4	2098
4	2099
4	2100
5	2101
5	2102
5	2103
5	2104
5	2105
5	2106
5	2107
5	2108
5	2109
5	2110
5	2111
5	2112
5	2113
5	2114
5	2115
5	2116
5	2117
5	2118
5	2119
5	2120
5	2121
5	2122
5	2123
5	2124
5	2125
5	2126
5	2127
5	2128
5	2129
5	2130
5	2131
5	2132
5	2133
5	2134
5	2135
5	2136
5	2137
\.


--
-- Data for Name: structure; Type: TABLE DATA; Schema: public; Owner: pochis01
--

COPY public.structure (struct_id, _value_smiles, _value_inchi, _structure_formula_connectivity) FROM stdin;
1926	[*]C(N)C(=O)NC([*])C(O)=O	\N	\N
1928	[H]O[H]	InChI=1S/H2O/h1H2	H2O
1943	OC(=O)C(O)c1ccccc1	InChI=1S/C8H8O3/c9-7(8(10)11)6-4-2-1-3-5-6/h1-5,7,9H,(H,10,11)	C8H8O3/c9-7(8(10)11)6-4-2-1-3-5-6
1945	Cc2cc3N=C1C(=O)NC(=O)N=C1N(CC(O)C(O)C(O)COP(O)(O)=O)c3(cc2(C))	InChI=1S/C17H21N4O9P/c1-7-3-9-10(4-8(7)2)21(15-13(18-9)16(25)20-17(26)19-15)5-11(22)14(24)12(23)6-30-31(27,28)29/h3-4,11-12,14,22-24H,5-6H2,1-2H3,(H,20,25,26)(H2,27,28,29)	C17H21N4O9P/c1-7-3-9-10(4-8(7)2)21(15-13(18-9)16(25)20-17(26)19-15)5-11(22)14(24)12(23)6-30-31(27,28)29
1947	OC(=O)C(=O)c1ccccc1	InChI=1S/C8H6O3/c9-7(8(10)11)6-4-2-1-3-5-6/h1-5H,(H,10,11)	C8H6O3/c9-7(8(10)11)6-4-2-1-3-5-6
1949	Cc2cc3NC=1C(=O)NC(=O)NC=1N(CC(O)C(O)C(O)COP(O)(O)=O)c3(cc2(C))	InChI=1S/C17H23N4O9P/c1-7-3-9-10(4-8(7)2)21(15-13(18-9)16(25)20-17(26)19-15)5-11(22)14(24)12(23)6-30-31(27,28)29/h3-4,11-12,14,18,22-24H,5-6H2,1-2H3,(H2,27,28,29)(H2,19,20,25,26)	C17H23N4O9P/c1-7-3-9-10(4-8(7)2)21(15-13(18-9)16(25)20-17(26)19-15)5-11(22)14(24)12(23)6-30-31(27,28)29
1959	O=O	InChI=1S/O2/c1-2	O2/c1-2
1961	OO	InChI=1S/H2O2/c1-2/h1-2H	H2O2/c1-2
2264	\N	InChI=1S/C4H6O3/c1-2-3(5)4(6)7/h2H2,1H3,(H,6,7)	C4H6O3/c1-2-3(5)4(6)7
2266	\N	InChI=1S/C9H12N2O5/c12-4-6-5(13)3-8(16-6)11-2-1-7(14)10-9(11)15/h1-2,5-6,8,12-13H,3-4H2,(H,10,14,15)/t5-,6+,8+/m0/s1	C9H12N2O5/c12-4-6-5(13)3-8(16-6)11-2-1-7(14)10-9(11)15
2268	\N	InChI=1S/C9H13N3O4/c10-7-1-2-12(9(15)11-7)8-3-5(14)6(4-13)16-8/h1-2,5-6,8,13-14H,3-4H2,(H2,10,11,15)/t5-,6+,8+/m0/s1	C9H13N3O4/c10-7-1-2-12(9(15)11-7)8-3-5(14)6(4-13)16-8
2270	\N	InChI=1S/C5H8O3/c1-3(2)4(6)5(7)8/h3H,1-2H3,(H,7,8)	C5H8O3/c1-3(2)4(6)5(7)8
2272	\N	InChI=1S/C4H8O3/c1-3(2-5)4(6)7/h3,5H,2H2,1H3,(H,6,7)	C4H8O3/c1-3(2-5)4(6)7
2274	\N	InChI=1S/C4H8N2O3/c5-4(9)6-2-1-3(7)8/h1-2H2,(H,7,8)(H3,5,6,9)	C4H8N2O3/c5-4(9)6-2-1-3(7)8
2276	\N	InChI=1S/C10H16N2O3S/c13-8(14)4-2-1-3-7-9-6(5-16-7)11-10(15)12-9/h6-7,9H,1-5H2,(H,13,14)(H2,11,12,15)/t6-,7-,9-/m0/s1	C10H16N2O3S/c13-8(14)4-2-1-3-7-9-6(5-16-7)11-10(15)12-9
2278	\N	InChI=1S/C5H5N5/c6-4-3-5(9-1-7-3)10-2-8-4/h1-2H,(H3,6,7,8,9,10)	C5H5N5/c6-4-3-5(9-1-7-3)10-2-8-4
2285	\N	InChI=1S/C4H8O2/c1-2-3-4(5)6/h2-3H2,1H3,(H,5,6)	C4H8O2/c1-2-3-4(5)6
2287	\N	InChI=1S/C2H4O2/c1-2(3)4/h1H3,(H,3,4)	C2H4O2/c1-2(3)4
2290	\N	InChI=1S/C6H8O6/c7-1-2(8)5-3(9)4(10)6(11)12-5/h2,5,7-10H,1H2/t2-,5+/m0/s1	C6H8O6/c7-1-2(8)5-3(9)4(10)6(11)12-5
2292	\N	InChI=1S/C10H14N5O7P/c11-8-5-9(13-2-12-8)15(3-14-5)10-7(17)6(16)4(22-10)1-21-23(18,19)20/h2-4,6-7,10,16-17H,1H2,(H2,11,12,13)(H2,18,19,20)/t4-,6-,7-,10-/m1/s1	C10H14N5O7P/c11-8-5-9(13-2-12-8)15(3-14-5)10-7(17)6(16)4(22-10)1-21-23(18,19)20
2299	\N	InChI=1S/C12H22O11/c13-1-3-5(14)8(17)10(19)12(23-3)21-2-4-6(15)7(16)9(18)11(20)22-4/h3-20H,1-2H2/t3-,4-,5+,6-,7+,8+,9-,10-,11?,12+/m1/s1	C12H22O11/c13-1-3-5(14)8(17)10(19)12(23-3)21-2-4-6(15)7(16)9(18)11(20)22-4
2301	\N	InChI=1S/C10H13N5O4/c11-8-5-9(13-2-12-8)15(3-14-5)10-7(18)6(17)4(1-16)19-10/h2-4,6-7,10,16-18H,1H2,(H2,11,12,13)/t4-,6-,7-,10-/m1/s1	C10H13N5O4/c11-8-5-9(13-2-12-8)15(3-14-5)10-7(18)6(17)4(1-16)19-10
2305	\N	InChI=1S/H3N/h1H3	H3N
2307	\N	InChI=1S/C12H22O11/c13-1-3-5(15)6(16)9(19)12(22-3)23-10-4(2-14)21-11(20)8(18)7(10)17/h3-20H,1-2H2/t3-,4-,5-,6+,7-,8-,9-,10-,11-,12+/m1/s1	C12H22O11/c13-1-3-5(15)6(16)9(19)12(22-3)23-10-4(2-14)21-11(20)8(18)7(10)17
2309	\N	InChI=1S/C3H7NO2/c4-2-1-3(5)6/h1-2,4H2,(H,5,6)	C3H7NO2/c4-2-1-3(5)6
2312	\N	InChI=1S/C10H12N5O6P/c11-8-5-9(13-2-12-8)15(3-14-5)10-6(16)7-4(20-10)1-19-22(17,18)21-7/h2-4,6-7,10,16H,1H2,(H,17,18)(H2,11,12,13)/t4-,6-,7-,10-/m1/s1	C10H12N5O6P/c11-8-5-9(13-2-12-8)15(3-14-5)10-6(16)7-4(20-10)1-19-22(17,18)21-7
2317	\N	InChI=1S/C4H6O3/c1-3(5)2-4(6)7/h2H2,1H3,(H,6,7)	C4H6O3/c1-3(5)2-4(6)7
2320	\N	InChI=1S/C10H15N5O10P2/c11-8-5-9(13-2-12-8)15(3-14-5)10-6(16)7(25-27(20,21)22)4(24-10)1-23-26(17,18)19/h2-4,6-7,10,16H,1H2,(H2,11,12,13)(H2,17,18,19)(H2,20,21,22)/t4-,6-,7-,10-/m1/s1	C10H15N5O10P2/c11-8-5-9(13-2-12-8)15(3-14-5)10-6(16)7(25-27(20,21)22)4(24-10)1-23-26(17,18)19
2322	\N	InChI=1S/C7H15NO3/c1-8(2,3)5-6(9)4-7(10)11/h6,9H,4-5H2,1-3H3/p+1	C7H15NO3/c1-8(2,3)5-6(9)4-7(10)11
2325	\N	InChI=1S/C10H12N4O4/c15-2-6-5(16)1-7(18-6)14-4-13-8-9(14)11-3-12-10(8)17/h3-7,15-16H,1-2H2,(H,11,12,17)/t5-,6+,7+/m0/s1	C10H12N4O4/c15-2-6-5(16)1-7(18-6)14-4-13-8-9(14)11-3-12-10(8)17
2327	\N	InChI=1S/C6H6O6/c7-4(8)1-3(6(11)12)2-5(9)10/h1H,2H2,(H,7,8)(H,9,10)(H,11,12)/b3-1-	C6H6O6/c7-4(8)1-3(6(11)12)2-5(9)10
2332	\N	InChI=1S/C8H11NO2/c9-4-3-6-1-2-7(10)8(11)5-6/h1-2,5,10-11H,3-4,9H2	C8H11NO2/c9-4-3-6-1-2-7(10)8(11)5-6
2334	\N	InChI=1S/C4H6N2O2/c7-3-1-2-5-4(8)6-3/h1-2H2,(H2,5,6,7,8)	C4H6N2O2/c7-3-1-2-5-4(8)6-3
2336	\N	InChI=1S/C5H10N2O3S/c6-3(2-11)5(10)7-1-4(8)9/h3,11H,1-2,6H2,(H,7,10)(H,8,9)/t3-/m0/s1	C5H10N2O3S/c6-3(2-11)5(10)7-1-4(8)9
2338	\N	InChI=1S/C5H8N2O2/c1-3-2-6-5(9)7-4(3)8/h3H,2H2,1H3,(H2,6,7,8,9)	C5H8N2O2/c1-3-2-6-5(9)7-4(3)8
2340	\N	InChI=1S/C9H16N3O14P3/c10-5-1-2-12(9(15)11-5)8-7(14)6(13)4(24-8)3-23-28(19,20)26-29(21,22)25-27(16,17)18/h1-2,4,6-8,13-14H,3H2,(H,19,20)(H,21,22)(H2,10,11,15)(H2,16,17,18)/t4-,6-,7-,8-/m1/s1	C9H16N3O14P3/c10-5-1-2-12(9(15)11-5)8-7(14)6(13)4(24-8)3-23-28(19,20)26-29(21,22)25-27(16,17)18
\.


--
-- Data for Name: synonym; Type: TABLE DATA; Schema: public; Owner: pochis01
--

COPY public.synonym (id, name) FROM stdin;
1	Water
2	(S)-2-Hydroxy-2-phenylacetic acid
3	(S)-2-Hydroxy-2-phenylacetate
4	(S)-Mandelic acid
5	FMN
6	Flavin mononucleotide
7	Benzoylformate
8	Benzoylformic acid
9	Phenylglyoxylate
10	Phenylglyoxylic acid
11	2-Oxo-2-phenylacetate
12	FMNH2
13	Oxygen
14	Hydrogen peroxide
15	Oxydol
16	2-oxobutanoic acid
17	&alpha;-ketobutyrate
18	&alpha;-ketobutyric acid
19	&alpha;-oxobutyrate
20	&alpha;-oxobutyric acid
21	2-Keto-butyrate
22	2-Keto-butyric acid
23	2-Ketobutanoate
24	2-Ketobutanoic acid
25	2-Ketobutyrate
26	2-Ketobutyric acid
27	2-OBA
28	2-Oxo-Butanoate
29	2-Oxo-Butanoic acid
30	2-Oxo-Butyrate
31	2-Oxo-Butyric acid
32	2-Oxo-N-butyrate
33	2-Oxo-N-butyric acid
34	2-Oxobutanoate
35	2-Oxobutanoic acid
36	2-Oxobutyrate
37	2-Oxobutyric acid
38	3-Methylpyruvate
39	3-Methylpyruvic acid
40	A-Keto-N-Butyrate
41	A-Keto-N-Butyric acid
42	a-Ketobutrate
43	a-Ketobutric acid
44	A-Ketobutyrate
45	A-Ketobutyric acid
46	A-Oxo-N-butyrate
47	A-Oxo-N-butyric acid
48	A-Oxobutyrate
49	A-Oxobutyric acid
50	Alpha-Keto-N-butyrate
51	Alpha-Keto-N-butyric acid
52	Alpha-Ketobutrate
53	Alpha-Ketobutric acid
54	Alpha-Ketobutyrate
55	Alpha-Ketobutyric acid
56	Alpha-Oxo-N-butyrate
57	Alpha-Oxo-N-butyric acid
58	Alpha-Oxobutyrate
59	Alpha-Oxobutyric acid
60	Methyl-Pyruvate
61	Methyl-Pyruvic acid
62	Propionyl-formate
63	Propionyl-formic acid
64	-keto-N-Butyrate
65	-keto-N-Butyric acid
66	-Ketobutrate
67	-Ketobutric acid
68	-Ketobutyrate
69	-Ketobutyric acid
70	-oxo-N-Butyrate
71	-oxo-N-Butyric acid
72	-Oxobutyrate
73	-Oxobutyric acid
74	1-[(2R,4S,5R)-4-hydroxy-5-(hydroxymethyl)oxolan-2-yl]-1,2,3,4-tetrahydropyrimidine-2,4-dione
75	2'-deoxyuridine
76	1-(2-Deoxy-b-D-erythro-pentofuranosyl)-2,4(1H,3H)-pyrimidinedione
77	1-(2-Deoxy-b-D-ribofuranosyl)-2,4(1H,3H)-pyrimidinedione
78	1-(2-Deoxy-b-delta-erythro-pentofuranosyl)-2,4(1H,3H)-pyrimidinedione
79	1-(2-Deoxy-b-delta-ribofuranosyl)-2,4(1H,3H)-pyrimidinedione
80	1-(2-Deoxy-b--erythro-pentofuranosyl)-2,4(1H,3H)-pyrimidinedione
81	1-(2-Deoxy-b--ribofuranosyl)-2,4(1H,3H)-pyrimidinedione
82	1-(2-Deoxy-beta-D-erythro-pentofuranosyl)-2,4(1H,3H)-Pyrimidinedione
83	1-(2-Deoxy-beta-D-ribofuranosyl)-2,4(1H,3H)-Pyrimidinedione
84	1-(2-Deoxy-beta-delta-erythro-pentofuranosyl)-2,4(1H,3H)-Pyrimidinedione
85	1-(2-Deoxy-beta-delta-ribofuranosyl)-2,4(1H,3H)-Pyrimidinedione
86	1-(2-Deoxy-D-erythro-pentofuranosyl)uracil
87	1-(2-Deoxy-delta-erythro-pentofuranosyl)uracil
88	1-(2-Deoxy--D-erythro-pentofuranosyl)-2,4(1H,3H)-pyrimidinedione
89	1-(2-Deoxy--D-ribofuranosyl)-2,4(1H,3H)-pyrimidinedione
90	1-(2-Deoxy---erythro-pentofuranosyl)-2,4(1H,3H)-pyrimidinedione
91	1-(2-Deoxy---ribofuranosyl)-2,4(1H,3H)-pyrimidinedione
92	1-(2-Deoxy--erythro-pentofuranosyl)uracil
93	2'-Deoxyuridine
94	2'-Desoxyuridine
95	Deoxyribose uracil
96	Desoxyuridine
97	DUri
98	Uracil deoxyriboside
99	Uracil desoxyuridine
100	4-amino-1-[(2R,4S,5R)-4-hydroxy-5-(hydroxymethyl)oxolan-2-yl]-1,2-dihydropyrimidin-2-one
101	2'-deoxycytidine
102	1-(2-Deoxy-b-D-erythro-pentofuranosyl)-cytosine
103	1-(2-Deoxy-b-D-ribofuranosyl)cytosine
104	1-(2-Deoxy-b-delta-erythro-pentofuranosyl)-cytosine
105	1-(2-Deoxy-b-delta-ribofuranosyl)cytosine
106	1-(2-Deoxy-b--erythro-pentofuranosyl)-cytosine
107	1-(2-Deoxy-b--ribofuranosyl)cytosine
108	1-(2-Deoxy-beta-D-erythro-pentofuranosyl)-Cytosine
109	1-(2-Deoxy-beta-D-ribofuranosyl)cytosine
110	1-(2-Deoxy-beta-delta-erythro-pentofuranosyl)-Cytosine
111	1-(2-Deoxy-beta-delta-ribofuranosyl)cytosine
112	1-(2-Deoxy--D-erythro-pentofuranosyl)-cytosine
113	1-(2-Deoxy--D-ribofuranosyl)cytosine
114	1-(2-Deoxy---erythro-pentofuranosyl)-cytosine
115	1-(2-Deoxy---ribofuranosyl)cytosine
116	2'-Deoxycytidine
117	2-Deoxy-Cytidine
118	4-Amino-1-(2-deoxy-b-D-erythro-pentofuranosyl)-2(1H)-pyrimidinone
119	4-amino-1-(2-Deoxy-b-delta-erythro-pentofuranosyl)-2(1H)-pyrimidinone
120	4-amino-1-(2-Deoxy-b--erythro-pentofuranosyl)-2(1H)-pyrimidinone
121	4-Amino-1-(2-deoxy-beta-D-erythro-pentofuranosyl)-2(1H)-pyrimidinone
122	4-Amino-1-(2-deoxy-beta-delta-erythro-pentofuranosyl)-2(1H)-pyrimidinone
123	4-amino-1-(2-Deoxy--D-erythro-pentofuranosyl)-2(1H)-pyrimidinone
124	4-amino-1-(2-Deoxy---erythro-pentofuranosyl)-2(1H)-pyrimidinone
125	Cytosine deoxyribonucleoside
126	Cytosine deoxyriboside
127	D-Cytidine
128	DCyt
129	Deoxy-Cytidine
130	Deoxyribose cytidine
131	Desoxycytidine
132	3-methyl-2-oxobutanoic acid
133	-ketoisovalerate
134	2-Keto-3-Methylbutyrate
135	2-Keto-3-Methylbutyric acid
136	2-Ketoisovalerate
137	2-Ketoisovaleric acid
138	2-Oxo-3-methylbutanoate
139	2-Oxo-3-methylbutanoic acid
140	2-Oxo-3-methylbutyrate
141	2-Oxo-3-methylbutyric acid
142	2-Oxoisovalerate
143	2-Oxoisovaleric acid
144	3-Methyl-2-oxo-Butanoate
145	3-Methyl-2-oxo-Butanoic acid
146	3-Methyl-2-oxo-Butyrate
147	3-Methyl-2-oxo-Butyric acid
148	3-Methyl-2-oxobutanoate
149	3-Methyl-2-oxobutanoic acid
150	3-Methyl-2-oxobutyrate
151	3-Methyl-2-oxobutyric acid
152	A-Keto-b-Methylbutyrate
153	a-Keto-b-Methylbutyric acid
154	A-Keto-Isovalerate
155	a-Keto-Isovaleric acid
156	A-Ketoisovalerate
157	A-Oxo-b-methylbutyrate
158	a-Oxo-b-methylbutyric acid
159	A-Oxoisovalerate
160	a-Oxoisovaleric acid
161	alpha-Ketoisovalerate
162	alpha-Ketoisovaleric acid
163	Dimethylpyruvate
164	Dimethylpyruvic acid
165	Isopropylglyoxylate
166	Isopropylglyoxylic acid
167	Ketovaline
168	-Ketoisovalerate
169	-Ketoisovaleric acid
170	3-hydroxy-2-methylpropanoic acid
171	3-hydroxyisobutyric acid
172	(S)-3-Hydroxyisobutyrate
173	(S)-3-Hydroxyisobutyric acid
174	(S)-b-Hydroxyisobutyrate
175	(S)-b-Hydroxyisobutyric acid
176	2-Methyl-L-(+)-Hydracrylate
177	2-Methyl-L-(+)-Hydracrylic acid
178	3-Hydroxy(iso)butyrate
179	3-hydroxy(iso)butyric acid
180	3-Hydroxy-2-methyl-(S)-Propanoate
181	3-Hydroxy-2-methyl-(S)-Propanoic acid
182	3-Hydroxy-2-methylpropanoate
183	3-Hydroxy-2-methylpropanoic acid
184	3-Hydroxy-isobutyrate
185	3-Hydroxy-isobutyric acid
186	3-Hydroxyisobutyrate
187	3-Hydroxyisobutyric acid
188	3-OH-iso-but
189	3-OH-isobutyrate
190	3-OH-Isobutyric acid
191	L-(+)-b-Hydroxyisobutyrate
192	L-(+)-b-Hydroxyisobutyric acid
193	L-(+)-beta-Hydroxyisobutyrate
194	L-(+)-beta-Hydroxyisobutyric acid
195	L-(+)--Hydroxyisobutyrate
196	L-(+)--Hydroxyisobutyric acid
197	3-(carbamoylamino)propanoic acid
198	ureidopropionic acid
199	&beta;-ureidopropionate
200	&beta;-ureidopropionic acid
201	3-(Carbamoylamino)propanoate
202	3-(Carbamoylamino)propanoic acid
203	3-Ureido-propionate
204	3-Ureido-propionic acid
205	3-Ureidopropanoate
206	3-Ureidopropanoic acid
207	3-Ureidopropionate
208	3-Ureidopropionic acid
209	<i>N</i>-carbamoyl-&beta;-alanine
210	b-Ureidopropionate
211	b-Ureidopropionic acid
212	Beta-Ureidopropionate
213	Beta-Ureidopropionic acid
214	Carbamoyl-b-Ala-OH
215	Carbamoyl-beta-Ala-OH
216	Carbamoyl--ala-OH
217	N-(Aminocarbonyl)-'b-Alanine
218	N-(Aminocarbonyl)-b-alanine
219	N-(Aminocarbonyl)-beta-Alanine
220	N-(Aminocarbonyl)--alanine
221	n-Carbamoyl-&beta;-alanine
222	N-Carbamoyl-b-alanine
223	N-Carbamoyl-beta-alanine
224	N-Carbamoyl--alanine
225	N-Carbamyl-b-alanine
226	N-Carbamyl-beta-alanine
227	N-Carbamyl--alanine
228	Ureidopropionate
229	Ureidopropionic acid
230	-Ureidopropionate
231	-Ureidopropionic acid
232	5-[(3aS,4S,6aR)-2-oxo-hexahydro-1H-thieno[3,4-d]imidazolidin-4-yl]pentanoic acid
233	biotin
234	(+)-Biotin
235	(+)-cis-Hexahydro-2-oxo-1H-thieno[3,4]imidazole-4-valerate
236	(+)-cis-Hexahydro-2-oxo-1H-thieno[3,4]imidazole-4-valeric acid
237	(3aS,4S,6aR)-Hexahydro-2-oxo-1H-thieno[3,4-D]imidazole-4-valerate
238	(3aS,4S,6aR)-Hexahydro-2-oxo-1H-thieno[3,4-D]imidazole-4-valeric acid
239	-(+)-biotin
240	1swk
241	1swn
242	1swr
243	5-(2-Oxohexahydro-1H-thieno[3,4-D]imidazol-4-yl)pentanoate
244	5-(2-Oxohexahydro-1H-thieno[3,4-D]imidazol-4-yl)pentanoic acid
245	<I>d</I>-biotin
246	Biodermatin
247	Bioepiderm
248	Bios
249	Bios h
250	Bios II
251	Biotin
252	Cis-(+)-Tetrahydro-2-oxothieno[3,4]imidazoline-4-valerate
253	Cis-(+)-Tetrahydro-2-oxothieno[3,4]imidazoline-4-valeric acid
254	Cis-Hexahydro-2-oxo-1H-thieno(3,4)imidazole-4-valerate
255	Cis-Hexahydro-2-oxo-1H-thieno(3,4)imidazole-4-valeric acid
256	Cis-Tetrahydro-2-oxothieno(3,4-D)imidazoline-4-valerate
257	Cis-Tetrahydro-2-oxothieno(3,4-D)imidazoline-4-valeric acid
258	Coenzyme R
259	D(+)-Biotin
260	D-(+)-Biotin
261	D-Biotin
262	D-Biotin factor S
263	Delta-(+)-Biotin
264	Delta-Biotin
265	Delta-Biotin factor S
266	Factor S
267	Factor S (vitamin)
268	Hexahydro-2-oxo-1H-thieno(3,4-D)imidazole-4-pentanoate
269	Hexahydro-2-oxo-1H-thieno(3,4-D)imidazole-4-pentanoic acid
270	hexahydro-2-oxo-[3As-(3a,4b,6a)]-1H-thieno[3,4-D]imidazole-4-pentanoate
271	hexahydro-2-oxo-[3As-(3a,4b,6a)]-1H-thieno[3,4-D]imidazole-4-pentanoic acid
272	Hexahydro-2-oxo-[3aS-(3aa,4b,6aa)]-1H-Thieno[3,4-D]imidazole-4-pentanoate
273	Hexahydro-2-oxo-[3aS-(3aa,4b,6aa)]-1H-Thieno[3,4-D]imidazole-4-pentanoic acid
274	Hexahydro-2-oxo-[3as-(3alpha,4beta,6alpha)]-1H-Thieno[3,4-D]imidazole-4-pentanoate
275	Hexahydro-2-oxo-[3as-(3alpha,4beta,6alpha)]-1H-Thieno[3,4-D]imidazole-4-pentanoic acid
276	hexahydro-2-oxo-[3As-(3,4,6)]-1H-thieno[3,4-D]imidazole-4-pentanoate
277	hexahydro-2-oxo-[3As-(3,4,6)]-1H-thieno[3,4-D]imidazole-4-pentanoic acid
278	Lutavit H2
279	Meribin
280	Rovimix H 2
281	Vitamin B7
282	Vitamin H
283	Vitamin-h
284	-(+)-Biotin
285	-Biotin
286	-Biotin factor S
287	7H-purin-6-amine
288	vitamin B4
289	1,6-Dihydro-6-iminopurine
290	1H-Purin-6-amine
291	1H-Purine-6-amine
292	3,6-Dihydro-6-iminopurine
293	6-Amino-1H-purine
294	6-Amino-3H-purine
295	6-Amino-7H-purine
296	6-Amino-9H-purine
297	6-Amino-Purine
298	6-Aminopurine
299	9H-Purin-6-amine
300	9H-Purin-6-yl-amin
301	9H-Purin-6-ylamine
302	9H-Purine-6-amine
303	Ade
304	Adenin
305	Adenine
306	Adeninimine
307	Vitamin B4
308	butanoic acid
309	butyric acid
310	1-Butanoate
311	1-Butanoic acid
312	1-Butyrate
313	1-Butyric acid
314	1-Propanecarboxylate
315	1-Propanecarboxylic acid
316	Butanate
317	Butanic acid
318	Butanoate
319	Butanoic acid
320	Buttersaeure
321	Butyrate
322	Butyric acid
323	Ethylacetate
324	Ethylacetic acid
325	Honey robber
326	Kyselina maselna
327	N-Butanoate
328	N-Butanoic acid
329	N-Butyrate
330	N-Butyric acid
331	Propanecarboxylate
332	Propanecarboxylic acid
333	Propylformate
334	Propylformic acid
335	acetic acid
336	Acetate
337	Acetic acid
338	Ethanoate
339	Ethanoic acid
340	Ethylate
341	Ethylic acid
342	Glacial acetate
343	Glacial acetic acid
344	Kyselina octova
345	Methanecarboxylate
346	Methanecarboxylic acid
347	Vinegar
348	Vinegar acid
349	(2S)-2-[(1R)-1,2-dihydroxyethyl]-4,5-dihydroxy-2,3-dihydrofuran-3-one
350	(2S)-2-[(1R)-1,2-dihydroxyethyl]-4,5-dihydroxy-2H-furan-3-one
351	(+)-ascorbate
352	(+)-ascorbic acid
353	(+)-Sodium L-ascorbate
354	(+)-Sodium L-ascorbic acid
355	3-Keto-L-gulofuranolactone
356	3-Oxo-L-gulofuranolactone
357	Adenex
358	Allercorb
359	Antiscorbic vitamin
360	Antiscorbutic vitamin
361	Arco-cee
362	Ascoltin
363	Ascor-B.I.D.
364	Ascorb
365	Ascorbajen
366	Ascorbate
367	Ascorbic acid
368	Ascorbicab
369	Ascorbicap
370	Ascorbicin
371	Ascorbin
372	Ascorbutina
373	Ascorin
374	Ascorteal
375	Ascorvit
376	C-Level
377	C-Long
378	C-Quin
379	C-Span
380	C-Vimin
381	Cantan
382	Cantaxin
383	Catavin C
384	Ce lent
385	Ce-mi-lin
386	Ce-vi-sol
387	Cebicure
388	Cebid
389	Cebion
390	Cebione
391	Cecon
392	Cee-caps TD
393	Cee-vite
394	Cegiolan
395	Ceglion
396	Ceklin
397	Celaskon
398	Celin
399	Cell C
400	Cemagyl
401	Cemill
402	Cenetone
403	Cenolate
404	Cenolic acid
405	Cereon
406	Cergona
407	Cescorbat
408	Cetamid
409	Cetane
410	Cetane-caps TC
411	Cetane-caps TD
412	Cetebe
413	Cetemican
414	Cevalin
415	Cevatine
416	Cevex
417	Cevi-bid
418	Cevimin
419	Cevital
420	Cevitamate
421	Cevitamic acid
422	Cevitamin
423	Cevitan
424	Cevitex
425	Cewin
426	Chewcee
427	Ciamin
428	Cipca
429	Citriscorb
430	Citrovit
431	Colascor
432	Concemin
433	Davitamon C
434	Dora-C-500
435	Duoscorb
436	Ferrous ascorbate
437	Ferrous ascorbic acid
438	g-Lactone L-threo-hex-2-enonate
439	g-Lactone L-threo-hex-2-enonic acid
440	Gamma-Lactone L-threo-Hex-2-enonate
441	Gamma-Lactone L-threo-Hex-2-enonic acid
442	Hexuronate
443	Hexuronic acid
444	HiCee
445	Hybrin
446	Ido-C
447	Juvamine
448	Kangbingfeng
449	Kyselina askorbova
450	L(+)-Ascorbate
451	L(+)-Ascorbic acid
452	L-(+)-Ascorbate
453	L-(+)-Ascorbic acid
454	L-3-Ketothreohexuronate lactone
455	L-3-Ketothreohexuronic acid lactone
456	L-Ascorbate
457	L-Ascorbate (vitamin C)
458	L-Ascorbic acid
459	L-Ascorbic acid (vitamin C)
460	L-Lyxoascorbate
461	L-Lyxoascorbic acid
462	L-Threo-ascorbate
463	L-Threo-ascorbic acid
464	L-Xyloascorbate
465	L-Xyloascorbic acid
466	Laroscorbine
467	Lemascorb
468	Liqui-cee
469	Meri-c
470	Natrascorb
471	Natrascorb injectable
472	Planavit C
473	Proscorbin
474	Redoxon
475	Ribena
476	Ronotec 100
477	Rontex 100
478	Roscorbic
479	Rovimix C
480	Scorbacid
481	Scorbu C
482	Scorbu-C
483	Secorbate
484	Secorbic acid
485	Sodascorbate
486	Sodascorbic acid
487	Suncoat VC 40
488	Testascorbic
489	VASC
490	Vicelat
491	Vicin
492	Vicomin C
493	Viforcit
494	Viscorin
495	Viscorin 100M
496	Vitace
497	Vitacee
498	Vitacimin
499	Vitacin
500	Vitamin C
501	Vitamisin
502	Vitascorbol
503	Xitix
504	-Lactone L-threo-hex-2-enonate
505	-Lactone L-threo-hex-2-enonic acid
506	{[(2R,3S,4R,5R)-5-(6-amino-9H-purin-9-yl)-3,4-dihydroxyoxolan-2-yl]methoxy}phosphonic acid
507	adenylate
508	5'-Adenosine monophosphate
509	5'-Adenosine monophosphoric acid
510	5'-Adenylate
511	5'-Adenylic acid
512	5'-AMP
513	Adenosine 5'-monophosphate
514	Adenosine 5'-monophosphoric acid
515	Adenosine 5'-phosphate
516	Adenosine 5'-phosphorate
517	Adenosine 5'-phosphoric acid
518	Adenosine monophosphoric acid
519	Adenosine phosphate
520	Adenosine phosphoric acid
521	Adenosine-5'-monophosphate
522	Adenosine-5'-monophosphorate
523	Adenosine-5'-monophosphoric acid
524	Adenosine-5'-phosphate
525	Adenosine-5'-phosphoric acid
526	Adenosine-5-monophosphate
527	Adenosine-5-monophosphorate
528	Adenosine-5-monophosphoric acid
529	Adenosine-monophosphate
530	Adenosine-monophosphoric acid
531	Adenosine-phosphate
532	Adenosine-phosphoric acid
533	Adenovite
534	Adenylate
535	Adenylic acid
536	AMP
537	Cardiomone
538	Lycedan
539	Muscle adenylate
540	Muscle adenylic acid
541	My-B-Den
542	My-beta-Den
543	My--den
544	Phosaden
545	Phosphaden
546	Phosphentaside
547	(3R,4S,5S,6R)-6-({[(2S,3R,4S,5R,6R)-3,4,5-trihydroxy-6-(hydroxymethyl)oxan-2-yl]oxy}methyl)oxane-2,3,4,5-tetrol
548	D-melibiose
549	&alpha;-D-Galp-(1->6)-D-Glc
550	6-(&alpha;-D-galactosido)-D-glucose
551	6-(a-D-Galactosido)-D-glucose
552	6-(a-delta-Galactosido)-delta-glucose
553	6-(a--galactosido)--Glucose
554	6-(alpha-D-Galactosido)-D-glucose
555	6-(D-Galactosido)-D-glucose
556	6-(D-Galactosido)-delta-glucose
557	6-(D-galactosido)--Glucose
558	6-(-D-galactosido)-D-Glucose
559	6-O-&alpha;-D-Galactopyranosyl-D-glucose
560	6-O-(&alpha;-D-galactopyranosyl)-D-glucopyranose
561	6-O-(a-D-Galactopyranosyl)-D-glucopyranose
562	6-O-(alpha-D-Galactopyranosyl)-D-glucopyranose
563	6-O-(-D-Galactopyranosyl)-D-glucopyranose
564	6-O-a-D-Galactopyranosyl-D-Glucose
565	6-O-a-delta-Galactopyranosyl-delta-glucose
566	6-O-a--Galactopyranosyl--glucose
567	6-O-alpha-D-Galactopyranosyl-D-Glucose
568	6-O-alpha-delta-Galactopyranosyl-delta-Glucose
569	6-O-Hexopyranosylhexose
570	6-O--D-Galactopyranosyl-D-glucose
571	6-O---Galactopyranosyl--glucose
572	a-D-Galp-(1->6)-D-GLC
573	a-D-Melibiose
574	a-delta-Melibiose
575	a-Melibiose
576	a--Melibiose
577	Alpha-D-Galp-(1->6)-D-Glc
578	Alpha-D-Melibiose
579	Alpha-delta-Melibiose
580	Alpha-Melibiose
581	D-(+)-Melibiose
582	D-Gal-&alpha;(1->6)-D-glucose
583	D-Gal-a(1->6)-D-glucose
584	D-Gal-alpha(1->6)-D-glucose
585	D-Gal-(1->6)-D-glucose
586	D-Melibiose
587	D-Mellibiose
588	Delta-(+)-Melibiose
589	Delta-Melibiose
590	Melibiose
591	Mellibiose
592	-D-Galp-(1->6)-D-GLC
593	-D-Melibiose
594	-Melibiose
595	--Melibiose
596	-(+)-Melibiose
597	-Melibiose
598	(2R,3R,4S,5R)-2-(6-amino-9H-purin-9-yl)-5-(hydroxymethyl)oxolane-3,4-diol
599	adenosine
600	1-(6-amino-9H-Purin-9-yl)-1-deoxy-b-D-ribofuranose
601	1-(6-amino-9H-Purin-9-yl)-1-deoxy-b-delta-ribofuranose
602	1-(6-amino-9H-Purin-9-yl)-1-deoxy-b--ribofuranose
603	1-(6-Amino-9H-purin-9-yl)-1-deoxy-beta-D-Ribofuranose
604	1-(6-amino-9H-purin-9-yl)-1-deoxy-beta-delta-Ribofuranose
605	1-(6-amino-9H-Purin-9-yl)-1-deoxy--D-ribofuranose
606	1-(6-amino-9H-Purin-9-yl)-1-deoxy---ribofuranose
607	6-amino-9b-D-Ribofuranosyl-9H-purine
608	6-amino-9b-delta-Ribofuranosyl-9H-purine
609	6-amino-9b--Ribofuranosyl-9H-purine
610	6-Amino-9beta-D-ribofuranosyl-9H-purine
611	6-Amino-9beta-delta-ribofuranosyl-9H-purine
612	6-amino-9-D-Ribofuranosyl-9H-purine
613	6-amino-9--Ribofuranosyl-9H-purine
614	9-b-D-Arabinofuranosyladenine
615	9-b-D-Ribofuranosidoadenine
616	9-b-D-Ribofuranosyl-9H-purin-6-amine
617	9-b-D-Ribofuranosyladenine
618	9-b-delta-Arabinofuranosyladenine
619	9-b-delta-Ribofuranosidoadenine
620	9-b-delta-Ribofuranosyl-9H-purin-6-amine
621	9-b-delta-Ribofuranosyladenine
622	9-b--Arabinofuranosyladenine
623	9-b--Ribofuranosidoadenine
624	9-b--Ribofuranosyl-9H-purin-6-amine
625	9-b--Ribofuranosyladenine
626	9-beta-D-Arabinofuranosyladenine
627	9-beta-D-Ribofuranosidoadenine
628	9-beta-D-Ribofuranosyl-9H-purin-6-amine
629	9-beta-D-Ribofuranosyladenine
630	9-beta-delta-Arabinofuranosyladenine
631	9-beta-delta-Ribofuranosidoadenine
632	9-beta-delta-Ribofuranosyl-9H-purin-6-amine
633	9-beta-delta-Ribofuranosyladenine
634	9--D-Arabinofuranosyladenine
635	9--D-Ribofuranosidoadenine
636	9--D-Ribofuranosyl-9H-purin-6-amine
637	9--D-Ribofuranosyladenine
638	9---Arabinofuranosyladenine
639	9---Ribofuranosidoadenine
640	9---Ribofuranosyl-9H-purin-6-amine
641	9---Ribofuranosyladenine
642	9b-D-Ribofuranosyl-9H-purin-6-amine
643	9b-D-Ribofuranosyladenine
644	9b-delta-Ribofuranosyl-9H-purin-6-amine
645	9b-delta-Ribofuranosyladenine
646	9b--Ribofuranosyl-9H-purin-6-amine
647	9b--Ribofuranosyladenine
648	9beta-D-ribofuranosyl-9H-Purin-6-amine
649	9beta-D-Ribofuranosyladenine
650	9beta-delta-ribofuranosyl-9H-Purin-6-amine
651	9beta-delta-Ribofuranosyladenine
652	9-D-Ribofuranosyl-9H-purin-6-amine
653	9-D-Ribofuranosyladenine
654	9--Ribofuranosyl-9H-purin-6-amine
655	9--Ribofuranosyladenine
656	Adenine nucleoside
657	Adenine riboside
658	Adenine-9b-D-ribofuranoside
659	Adenine-9b-delta-ribofuranoside
660	Adenine-9b--ribofuranoside
661	Adenine-9beta-D-Ribofuranoside
662	Adenine-9beta-delta-Ribofuranoside
663	Adenine-9-D-ribofuranoside
664	Adenine-9--ribofuranoside
665	Adenine-D-ribose
666	Adenocard
667	Adenocor
668	Adenoscan
669	Adenosin
670	b-Adenosine
671	B-D-Adenosine
672	b-delta-Adenosine
673	b--Adenosine
674	Beta-Adenosine
675	Beta-D-Adenosine
676	Beta-delta-Adenosine
677	Boniton
678	Myocol
679	Nucleocardyl
680	Sandesin
681	-Adenosine
682	-D-Adenosine
683	--Adenosine
684	ammonia
685	Am-fol
686	Ammonia
687	Ammonia (conc 20% or greater)
688	Ammonia anhydrous
689	Ammonia gas
690	Ammonia inhalant
691	Ammonia solution
692	Ammonia solution strong (NF)
693	Ammonia solution strong [usan]
694	Ammonia water
695	Ammonia water (JP15)
696	Ammoniac [french]
697	Ammoniaca [italian]
698	Ammoniacum gummi
699	Ammoniak
700	Ammoniak kconzentrierter
701	Ammoniak [german]
702	Ammoniakgas
703	Ammonium ion
704	Amoniak [polish]
705	Anhydrous ammonia
706	Aromatic ammonia vaporole
707	Azane
708	Liquid ammonia
709	NH(3)
710	NH3
711	NH<SUB>3</SUB>
712	NH{3)
713	Nitro-sil
714	Primaeres amin
715	Sekundaeres amin
716	Spirit of hartshorn
717	Tertiaeres amin
718	(2R,3S,4S,5R,6S)-2-(hydroxymethyl)-6-{[(2R,3S,4R,5R,6R)-4,5,6-trihydroxy-2-(hydroxymethyl)oxan-3-yl]oxy}oxane-3,4,5-triol
719	-cellobiose
720	4-&beta;-D-glucopyranosyl-D-glucopyranose
721	4-(b-D-Glucosido)-D-glucose
722	4-(b-delta-Glucosido)-delta-glucose
723	4-(b--glucosido)--Glucose
724	4-(beta-D-Glucosido)-D-glucose
725	4-(beta-delta-Glucosido)-delta-glucose
726	4-(-D-glucosido)-D-Glucose
727	4-(--glucosido)--Glucose
728	4-b-D-Glucopyranosyl-D-glucopyranose
729	4-b-delta-Glucopyranosyl-delta-glucopyranose
730	4-b--Glucopyranosyl--glucopyranose
731	4-beta-D-Glucopyranosyl-D-glucopyranose
732	4-beta-delta-Glucopyranosyl-delta-glucopyranose
733	4-O-b-D-Glucopyranosyl-D-glucose
734	4-O-b-delta-Glucopyranosyl-delta-glucose
735	4-O-b--Glucopyranosyl--glucose
736	4-O-beta-D-Glucopyranosyl-D-glucose
737	4-O-beta-delta-Glucopyranosyl-delta-glucose
738	4-O--D-Glucopyranosyl-D-glucose
739	4-O---Glucopyranosyl--glucose
740	4--D-Glucopyranosyl-D-glucopyranose
741	4---Glucopyranosyl--glucopyranose
742	Cellobiose
743	Cellose
744	D-(+)-Cellobiose
745	D-Cellobiose
746	D-Glucosyl-b-(1-4)-D-glucose
747	D-Glucosyl-b-(1->4)-D-glucose
748	D-Glucosyl-beta-(1-4)-D-glucose
749	D-Glucosyl-beta-(1->4)-D-glucose
750	D-Glucosyl--(1-4)-D-glucose
751	D-Glucosyl--(1->4)-D-glucose
752	Delta-(+)-Cellobiose
753	Delta-Cellobiose
754	delta-Glucosyl-b-(1-4)-delta-glucose
755	delta-Glucosyl-b-(1->4)-delta-glucose
756	Delta-Glucosyl-beta-(1-4)-delta-glucose
757	Delta-Glucosyl-beta-(1->4)-delta-glucose
758	-(+)-Cellobiose
759	-Cellobiose
760	-Glucosyl-b-(1-4)--glucose
761	-Glucosyl-b-(1->4)--glucose
762	-Glucosyl--(1-4)--glucose
763	-Glucosyl--(1->4)--glucose
764	3-aminopropanoic acid
765	 alanine
766	2-Carboxyethylamine
767	3-Amino-Propanoate
768	3-Amino-Propanoic acid
769	3-Aminopropanoate
770	3-Aminopropanoic acid
771	3-Aminopropionate
772	3-Aminopropionic acid
773	Abufene
774	b Alanine
775	B-Ala
776	B-Alanine
777	B-Aminopropanoate
778	B-Aminopropanoic acid
779	B-Aminopropionate
780	B-Aminopropionic acid
781	Beta Alanine
782	Beta-Alanine
783	Beta-Aminopropanoate
784	Beta-Aminopropanoic acid
785	Beta-Aminopropionate
786	Beta-Aminopropionic acid
787	Omega-Aminopropionate
788	Omega-Aminopropionic acid
789	 Alanine
790	-Alanine
791	-Aminopropanoate
792	-Aminopropanoic acid
793	-Aminopropionate
794	-Aminopropionic acid
795	(4aR,6R,7R,7aS)-6-(6-amino-9H-purin-9-yl)-2,7-dihydroxy-hexahydro-2-furo[3,2-d][1,3,2]dioxaphosphinin-2-one
796	cyclic adenosine monophosphate
797	3',5'-Cyclic AMP
798	3'5'-Cyclic AMP
799	6-(6-Amino-9H-purin-9-yl)tetrahydro-4H-furo[3,2-D][1,3,2]dioxaphosphinine-2,7-diol 2-oxide
800	Acrasin
801	Adenosine 3',5'-cyclic monophosphate
802	Adenosine 3',5'-cyclic monophosphoric acid
803	Adenosine 3',5'-cyclic phosphate
804	Adenosine 3',5'-cyclic phosphoric acid
805	Adenosine 3',5'-cyclophosphate
806	Adenosine 3',5'-cyclophosphoric acid
807	Adenosine 3',5'-monophosphate
808	Adenosine 3',5'-monophosphoric acid
809	Adenosine 3,5'-cyclic monophosphate
810	Adenosine 3,5'-cyclic monophosphorate
811	Adenosine 3,5'-cyclic monophosphoric acid
812	Adenosine cyclic monophosphate
813	Adenosine cyclic monophosphoric acid
814	Adenosine cyclic-3',5'-monophosphate
815	Adenosine cyclic-3',5'-monophosphoric acid
816	Adenosine cyclic-monophosphate
817	Adenosine cyclic-monophosphoric acid
818	Adenosine-3',5'-cyclic monophosphate
819	Adenosine-3',5'-cyclic monophosphoric acid
820	Adenosine-3',5'-monophosphate
821	Adenosine-3',5'-monophosphoric acid
822	Adenosine-cyclic-phosphate
823	Adenosine-cyclic-phosphoric acid
824	Adenosine-cyclic-phosphoric-acid
825	CAMP
826	Cyclic 3',5'-adenylate
827	Cyclic 3',5'-adenylic acid
828	Cyclic 3',5'-AMP
829	Cyclic adenosine 3',5'-phosphate
830	Cyclic adenosine 3',5'-phosphoric acid
831	Cyclic AMP
832	3-oxobutanoic acid
833	acetoacetic acid
834	&beta;-ketobutyrate
835	&beta;-ketobutyric acid
836	3-Ketobutyrate
837	3-Ketobutyric acid
838	3-Oxo-butanoate
839	3-Oxo-butanoic acid
840	3-Oxobutanate
841	3-Oxobutanic acid
842	3-Oxobutanoate
843	3-Oxobutanoic acid
844	3-Oxobutyrate
845	3-Oxobutyric acid
846	a-Ketobutyrate
847	a-Ketobutyric acid
848	Acetoacetate
849	Acetoacetic acid
850	b-Ketobutyrate
851	b-Ketobutyric acid
852	Beta-Ketobutyrate
853	Beta-Ketobutyric acid
854	Diacetate
855	Diacetic acid
856	Oxobutyrate
857	Oxobutyric acid
858	-Ketobutyrate
859	-Ketobutyric acid
860	{[(2R,3S,4R,5R)-5-(6-amino-9H-purin-9-yl)-4-hydroxy-3-(phosphonooxy)oxolan-2-yl]methoxy}phosphonic acid
861	adenosine 3',5'-bisphosphate
862	3',5'-ADP
863	3'-Phosphoryl-AMP
864	3,5-ADP
865	3,5-Diphosphoadenosine
866	3-Phosphoadenosine 5-phosphate
867	3-Phosphoadenosine 5-phosphoric acid
868	5-(Dihydrogen phosphate) 3-Adenylate
869	5-(Dihydrogen phosphate) 3-Adenylic acid
870	5-(Dihydrogen phosphate)3'-Adenylate
871	5-(Dihydrogen phosphate)3'-Adenylic acid
872	5-(Dihydrogen phosphoric acid) 3-adenylic acid
873	5-(Dihydrogen phosphoric acid)3'-adenylic acid
874	Adenosine 3',5'-bisphosphate
875	Adenosine 3',5'-bisphosphoric acid
876	Adenosine 3',5'-diphosphoric acid
877	Adenosine 3,5-bis
878	Adenosine 3,5-bisphosphate
879	Adenosine 3,5-bisphosphoric acid
880	Adenosine 3,5-diphosphate
881	Adenosine 3,5-diphosphoric acid
882	Adenosine-3',5'-bisphosphate
883	Adenosine-3',5'-bisphosphoric acid
884	PAP
885	Phosphoadenosine phosphate
886	Phosphoadenosine phosphoric acid
887	(3-carboxy-2-hydroxypropyl)trimethylazanium
888	(+-)-carnitine
889	&gamma;-Trimethyl-hydroxybutyrobetaine
890	(-)-(R)-3-Hydroxy-4-(trimethylammonio)butyrate
891	(-)-(R)-3-Hydroxy-4-(trimethylammonio)butyric acid
892	(-)-Carnitine
893	(-)-L-Carnitine
894	(3-carboxy-2-hydroxypropyl)trimethyl-Ammonium hydroxide inner salt
895	(R)-(3-Carboxy-2-hydroxypropyl)trimethylammonium hydroxide
896	(R)-Carnitine
897	(S)-carnitine
898	1-carnitine
899	3-Carboxy-2-hydroxy-N,N,N-trimethyl-1-propanaminium
900	3-Carboxy-2-hydroxy-N,N,N-trimethyl-1-Propanaminium hydroxide inner salt
901	3-Hydroxy-4-trimethylammoniobutanoate
902	3-Hydroxy-4-trimethylammoniobutanoic acid
903	Bicarnesine
904	Carniking
905	Carniking 50
906	Carnilean
907	Carnipass
908	Carnipass 20
909	Carnitene
910	Carnitine (L-form)
911	Carnitor
912	Carnitor, Levocarnitine
913	D-carnitine
914	Delta-carnitine
915	Dl-carnitine
916	g-Trimethyl-ammonium-b-hydroxybutirate
917	g-Trimethyl-ammonium-b-hydroxybutiric acid
918	g-Trimethyl-b-hydroxybutyrobetaine
919	g-Trimethyl-hydroxybutyrobetaine
920	Gamma-trimethyl-ammonium-beta-hydroxybutirate
921	gamma-Trimethyl-ammonium-beta-hydroxybutiric acid
922	Gamma-trimethyl-beta-hydroxybutyrobetaine
923	Gamma-Trimethyl-hydroxybutyrobetaine
924	Karnitin
925	L-&gamma;-trimethyl-&beta;-hydroxybutyrobetaine
926	L-(-)-Carnitine
927	L-Carnitine
928	L-g-Trimethyl-b-hydroxybutyrobetaine
929	L-gamma-Trimethyl-beta-hydroxybutyrobetaine
930	L--Trimethyl--hydroxybutyrobetaine
931	Levocarnitina
932	Levocarnitine
933	Levocarnitine chloride
934	Levocarnitinum
935	R-(-)-3-Hydroxy-4-trimethylaminobutyrate
936	R-(-)-3-Hydroxy-4-trimethylaminobutyric acid
937	Vitamin B T
938	Vitamin Bt
939	-Trimethyl-ammonium--hydroxybutirate
940	-Trimethyl-ammonium--hydroxybutiric acid
941	-Trimethyl-hydroxybutyrobetaine
942	-Trimethyl--hydroxybutyrobetaine
943	-Carnitine
944	9-[(2R,4S,5R)-4-hydroxy-5-(hydroxymethyl)oxolan-2-yl]-9H-purin-6-ol
945	2'-deoxy-inosine
946	2'-Deoxyinosine
947	2-deoxy-Inosine
948	2-Deoxyinosine
949	2deoxy-Inosine
950	9-(2-Deoxy-b-D-erythro-pentofuranosyl)-1,9-dihydro-6H-purin-6-one
951	9-(2-Deoxy-b-D-erythro-pentofuranosyl)-Hypoxanthine
952	9-(2-Deoxy-b-delta-erythro-pentofuranosyl)-1,9-dihydro-6H-purin-6-one
953	9-(2-Deoxy-b-delta-erythro-pentofuranosyl)-hypoxanthine
954	9-(2-Deoxy-b--erythro-pentofuranosyl)-1,9-dihydro-6H-purin-6-one
955	9-(2-Deoxy-b--erythro-pentofuranosyl)-hypoxanthine
956	9-(2-Deoxy-beta-D-erythro-pentofuranosyl)-Hypoxanthine
957	9-(2-Deoxy-beta-delta-erythro-pentofuranosyl)-1,9-dihydro-6H-purin-6-one
958	9-(2-Deoxy-beta-delta-erythro-pentofuranosyl)-Hypoxanthine
959	9-(2-Deoxy--D-erythro-pentofuranosyl)-hypoxanthine
960	9-(2-Deoxy---erythro-pentofuranosyl)-1,9-dihydro-6H-purin-6-one
961	9-(2-Deoxy---erythro-pentofuranosyl)-hypoxanthine
962	D-Ino
963	Delta-Ino
964	Deoxyinosine
965	DInosine
966	-Ino
967	(1Z)-prop-1-ene-1,2,3-tricarboxylic acid
968	cis-aconitic acid
969	(1Z)-1-Propene-1,2,3-tricarboxylate
970	(1Z)-1-Propene-1,2,3-tricarboxylic acid
971	(Z)-1-Propene-1,2,3-tricarboxylate
972	(Z)-1-Propene-1,2,3-tricarboxylic acid
973	(Z)-Aconitate
974	(Z)-Aconitic acid
975	(Z)-prop-1-ene-1,2,3-tricarboxylate
976	(Z)-prop-1-ene-1,2,3-tricarboxylic acid
977	1-cis-2,3-Propenetricarboxylate
978	1-cis-2,3-Propenetricarboxylic acid
979	1-Propene-1,2,3-tricarboxylate
980	1-Propene-1,2,3-tricarboxylic acid
981	Cis-1-Propene-1,2,3-tricarboxylate
982	Cis-1-Propene-1,2,3-tricarboxylic acid
983	Cis-Aconate
984	Cis-Aconic acid
985	Cis-Aconitate
986	Cis-Aconitic acid
987	Cis-Oxaloacetate
988	Cis-Oxaloacetic acid
989	4-(2-aminoethyl)benzene-1,2-diol
990	dopamine
991	2-(3,4-Dihydroxyphenyl)ethylamine
992	3,4-Dihydroxyphenethylamine
993	3,4-Dihydroxyphenylethylamine
994	3-Hydroxytyramine
995	4-(2-Aminoethyl)-1,2-benzenediol
996	4-(2-Aminoethyl)-Pyrocatechol
997	4-(2-Aminoethyl)benzene-1,2-diol
998	4-(2-Aminoethyl)catechol
999	4-(2-Aminoethyl)pyrocatechol
1000	A-(3,4-Dihydroxyphenyl)-b-aminoethane
1001	Alpha-(3,4-Dihydroxyphenyl)-b-aminoethane
1002	Alpha-(3,4-Dihydroxyphenyl)-beta-aminoethane
1003	Deoxyepinephrine
1004	Dopamin
1005	Dopamine
1006	Dopaminum
1007	Dopastat
1008	Dophamine
1009	Dynatra
1010	Hydroxytyramin
1011	Hydroxytyramine
1012	Intropin
1013	Oxytyramine
1014	Revivan
1015	-(3,4-Dihydroxyphenyl)-b-aminoethane
1016	-(3,4-Dihydroxyphenyl)--aminoethane
1017	1,3-diazinane-2,4-dione
1018	dihydrouracil
1019	5,6-Dihydro-2,4(1H,3H)-pyrimidinedione
1020	5,6-Dihydro-2,4-dihydroxypyrimidine
1021	5,6-Dihydrouracil
1022	DI-H-uracil
1023	Dihydro-2,4(1H,3H)-pyrimidinedione
1024	Dihydro-pyrimidine-2,4-dione
1025	Dihydrouracil
1026	Dihydrouracile
1027	Hydrouracil
1028	2-[(2R)-2-amino-3-sulfanylpropanamido]acetic acid
1029	cysteinylglycine
1030	Cys-Gly
1031	L-Cysteinyl-glycine
1032	L-Cysteinylglycine
1033	N-Cysteinyl Glycine
1034	N-Cysteinyl-Glycine
1035	N-L-Cysteinyl-Glycine
1036	N-L-Cysteinylglycine
1037	5-methyl-1,3-diazinane-2,4-dione
1038	dihydrothymine
1039	5,6-Dihydro-5-methyluracil
1040	5,6-Dihydrothymine
1041	5-Methyl-5,6-dihydrouracil
1042	5-Methyl-Hydrouracil
1043	5-Methyldihydropyrimidine-2,4(1H,3H)-dione
1044	Dihydro-5-methyl-2,4(1H,3H)-Pyrimidinedione
1045	Dihydrothymine
1046	({[({[(2R,3S,4R,5R)-5-(4-amino-2-oxo-1,2-dihydropyrimidin-1-yl)-3,4-dihydroxyoxolan-2-yl]methoxy}(hydroxy)phosphoryl)oxy](hydroxy)phosphoryl}oxy)phosphonic acid
1047	CTP
1048	5'-(Tetrahydrogen triphosphate) cytidine
1049	5'-(Tetrahydrogen triphosphoric acid) cytidine
1050	5'-CTP
1051	Cytidine 3'-triphosphate
1052	Cytidine 3'-triphosphoric acid
1053	Cytidine 5'-(tetrahydrogen triphosphate)
1054	Cytidine 5'-(tetrahydrogen triphosphoric acid)
1055	Cytidine 5'-triphosphate
1056	Cytidine 5'-triphosphorate
1057	Cytidine 5'-triphosphoric acid
1058	Cytidine 5-Prime-Triphosphate
1059	Cytidine 5-prime-triphosphoric acid
1060	Cytidine mono
1061	Cytidine mono(tetrahydrogen triphosphate) (ester)
1062	Cytidine mono(tetrahydrogen triphosphoric acid) (ester)
1063	Cytidine Triphosphate
1064	Cytidine triphosphoric acid
1065	Cytidine-5'-triphosphate
1066	Cytidine-5'-triphosphoric acid
1067	Cytidine-triphosphate
1068	Cytidine-triphosphoric acid
1069	Deoxycytosine triphosphate
1070	Deoxycytosine triphosphoric acid
1071	H4ctp
\.


--
-- Data for Name: taxon; Type: TABLE DATA; Schema: public; Owner: pochis01
--

COPY public.taxon (ncbi_id, name) FROM stdin;
3	Mus musculus
4	Schizosaccharomyces pombe
5	Schizosaccharomyces pombe
1	root
2	Bacteria
303	Pseudomonas putida
562	Escherichia coli
882	Desulfovibrio vulgaris str. Hildenborough
1467	Bacillus lentus
3702	Arabidopsis thaliana
7227	Drosophila melanogaster
9606	Homo sapiens
10090	Mus musculus
10117	Rattus rattus
\.


--
-- Data for Name: variable; Type: TABLE DATA; Schema: public; Owner: pochis01
--

COPY public.variable (id, category, value, units) FROM stdin;
1	growth condition	long-day (22 hours daylight + 2 hours dark)	\N
2	sex	female	\N
3	developmental stage	adult	\N
4	growth condition	short-day (12 hours daylight + 12 hours dark)	\N
5	sex	male	\N
6	developmental stage	pupa	\N
7	developmental stage	fifth instar larva stage	\N
8	sex	unknown	\N
9	developmental stage	third instar larva stage	\N
10	biopsy site	normal tissue adjacent to tumour	\N
11	biopsy site	neoplasm	\N
12	age	5	day
13	injury	none	\N
14	age	7	day
15	injury	ligation of left anterior descending coronary artery	\N
16	age	10	day
17	injury	sham	\N
18	age	3	day
19	age	1	day
20	genotype	6uORF_mutant	\N
21	growth condition	EMM2 growth	\N
22	compound	none	\N
23	dose	\N	\N
24	genotype	nmt1-fil1	\N
25	growth condition	nmt induction	\N
26	genotype	wild type genotype	\N
27	compound	3-Amino-1,2,4-triazole	\N
28	dose	10	millimolar
29	growth condition	nmt induction mock	\N
30	compound	Mock	\N
31	chx pre-treatment	CHX	\N
32	genotype	gcn2delta	\N
33	chx pre-treatment	Mock	\N
34	compound	3-Amino-1,2,4-triazole (3-AT)	\N
\.


--
-- Name: _experimentmetadata_id_seq; Type: SEQUENCE SET; Schema: public; Owner: pochis01
--

SELECT pg_catalog.setval('public._experimentmetadata_id_seq', 5, true);


--
-- Name: _metadata_id_seq; Type: SEQUENCE SET; Schema: public; Owner: pochis01
--

SELECT pg_catalog.setval('public._metadata_id_seq', 304, true);


--
-- Name: abundance_data_abundance_id_seq; Type: SEQUENCE SET; Schema: public; Owner: pochis01
--

SELECT pg_catalog.setval('public.abundance_data_abundance_id_seq', 1912, true);


--
-- Name: cell_compartment_id_seq; Type: SEQUENCE SET; Schema: public; Owner: pochis01
--

SELECT pg_catalog.setval('public.cell_compartment_id_seq', 9, true);


--
-- Name: cell_line_id_seq; Type: SEQUENCE SET; Schema: public; Owner: pochis01
--

SELECT pg_catalog.setval('public.cell_line_id_seq', 18, true);


--
-- Name: characteristic_id_seq; Type: SEQUENCE SET; Schema: public; Owner: pochis01
--

SELECT pg_catalog.setval('public.characteristic_id_seq', 46, true);


--
-- Name: conditions_id_seq; Type: SEQUENCE SET; Schema: public; Owner: pochis01
--

SELECT pg_catalog.setval('public.conditions_id_seq', 10, true);


--
-- Name: data_format__id_seq; Type: SEQUENCE SET; Schema: public; Owner: pochis01
--

SELECT pg_catalog.setval('public.data_format__id_seq', 4, true);


--
-- Name: dna_binding_data_position_id_seq; Type: SEQUENCE SET; Schema: public; Owner: pochis01
--

SELECT pg_catalog.setval('public.dna_binding_data_position_id_seq', 116, true);


--
-- Name: experiment_design_id_seq; Type: SEQUENCE SET; Schema: public; Owner: pochis01
--

SELECT pg_catalog.setval('public.experiment_design_id_seq', 8, true);


--
-- Name: experiment_id_seq; Type: SEQUENCE SET; Schema: public; Owner: pochis01
--

SELECT pg_catalog.setval('public.experiment_id_seq', 5, true);


--
-- Name: experiment_type_id_seq; Type: SEQUENCE SET; Schema: public; Owner: pochis01
--

SELECT pg_catalog.setval('public.experiment_type_id_seq', 1, true);


--
-- Name: method_id_seq; Type: SEQUENCE SET; Schema: public; Owner: pochis01
--

SELECT pg_catalog.setval('public.method_id_seq', 48, true);


--
-- Name: observation_id_seq; Type: SEQUENCE SET; Schema: public; Owner: pochis01
--

SELECT pg_catalog.setval('public.observation_id_seq', 2345, true);


--
-- Name: parameter_parameter_id_seq; Type: SEQUENCE SET; Schema: public; Owner: pochis01
--

SELECT pg_catalog.setval('public.parameter_parameter_id_seq', 49, true);


--
-- Name: physical_entity_observation_id_seq; Type: SEQUENCE SET; Schema: public; Owner: pochis01
--

SELECT pg_catalog.setval('public.physical_entity_observation_id_seq', 1912, true);


--
-- Name: protein_subunit_subunit_id_seq; Type: SEQUENCE SET; Schema: public; Owner: pochis01
--

SELECT pg_catalog.setval('public.protein_subunit_subunit_id_seq', 1912, true);


--
-- Name: reaction_reaction_id_seq; Type: SEQUENCE SET; Schema: public; Owner: pochis01
--

SELECT pg_catalog.setval('public.reaction_reaction_id_seq', 75, true);


--
-- Name: resource_id_seq; Type: SEQUENCE SET; Schema: public; Owner: pochis01
--

SELECT pg_catalog.setval('public.resource_id_seq', 336, true);


--
-- Name: synonym_id_seq; Type: SEQUENCE SET; Schema: public; Owner: pochis01
--

SELECT pg_catalog.setval('public.synonym_id_seq', 1071, true);


--
-- Name: taxon_ncbi_id_seq; Type: SEQUENCE SET; Schema: public; Owner: pochis01
--

SELECT pg_catalog.setval('public.taxon_ncbi_id_seq', 5, true);


--
-- Name: variable_id_seq; Type: SEQUENCE SET; Schema: public; Owner: pochis01
--

SELECT pg_catalog.setval('public.variable_id_seq', 34, true);


--
-- Name: _experimentmetadata _experimentmetadata_name_key; Type: CONSTRAINT; Schema: public; Owner: pochis01
--

ALTER TABLE ONLY public._experimentmetadata
    ADD CONSTRAINT _experimentmetadata_name_key UNIQUE (name);


--
-- Name: _experimentmetadata _experimentmetadata_pkey; Type: CONSTRAINT; Schema: public; Owner: pochis01
--

ALTER TABLE ONLY public._experimentmetadata
    ADD CONSTRAINT _experimentmetadata_pkey PRIMARY KEY (id);


--
-- Name: _metadata _metadata_name_key; Type: CONSTRAINT; Schema: public; Owner: pochis01
--

ALTER TABLE ONLY public._metadata
    ADD CONSTRAINT _metadata_name_key UNIQUE (name);


--
-- Name: _metadata _metadata_pkey; Type: CONSTRAINT; Schema: public; Owner: pochis01
--

ALTER TABLE ONLY public._metadata
    ADD CONSTRAINT _metadata_pkey PRIMARY KEY (id);


--
-- Name: abundance_data abundance_data_pkey; Type: CONSTRAINT; Schema: public; Owner: pochis01
--

ALTER TABLE ONLY public.abundance_data
    ADD CONSTRAINT abundance_data_pkey PRIMARY KEY (abundance_id);


--
-- Name: abundance_dataset abundance_dataset_file_name_key; Type: CONSTRAINT; Schema: public; Owner: pochis01
--

ALTER TABLE ONLY public.abundance_dataset
    ADD CONSTRAINT abundance_dataset_file_name_key UNIQUE (file_name);


--
-- Name: abundance_dataset abundance_dataset_pkey; Type: CONSTRAINT; Schema: public; Owner: pochis01
--

ALTER TABLE ONLY public.abundance_dataset
    ADD CONSTRAINT abundance_dataset_pkey PRIMARY KEY (dataset_id);


--
-- Name: cell_compartment cell_compartment_pkey; Type: CONSTRAINT; Schema: public; Owner: pochis01
--

ALTER TABLE ONLY public.cell_compartment
    ADD CONSTRAINT cell_compartment_pkey PRIMARY KEY (id);


--
-- Name: cell_line cell_line_pkey; Type: CONSTRAINT; Schema: public; Owner: pochis01
--

ALTER TABLE ONLY public.cell_line
    ADD CONSTRAINT cell_line_pkey PRIMARY KEY (id);


--
-- Name: characteristic characteristic_pkey; Type: CONSTRAINT; Schema: public; Owner: pochis01
--

ALTER TABLE ONLY public.characteristic
    ADD CONSTRAINT characteristic_pkey PRIMARY KEY (id);


--
-- Name: compound compound_pkey; Type: CONSTRAINT; Schema: public; Owner: pochis01
--

ALTER TABLE ONLY public.compound
    ADD CONSTRAINT compound_pkey PRIMARY KEY (compound_id);


--
-- Name: concentration concentration_pkey; Type: CONSTRAINT; Schema: public; Owner: pochis01
--

ALTER TABLE ONLY public.concentration
    ADD CONSTRAINT concentration_pkey PRIMARY KEY (concentration_id);


--
-- Name: conditions conditions_pkey; Type: CONSTRAINT; Schema: public; Owner: pochis01
--

ALTER TABLE ONLY public.conditions
    ADD CONSTRAINT conditions_pkey PRIMARY KEY (id);


--
-- Name: data_format data_format_pkey; Type: CONSTRAINT; Schema: public; Owner: pochis01
--

ALTER TABLE ONLY public.data_format
    ADD CONSTRAINT data_format_pkey PRIMARY KEY (_id);


--
-- Name: dna_binding_data dna_binding_data_pkey; Type: CONSTRAINT; Schema: public; Owner: pochis01
--

ALTER TABLE ONLY public.dna_binding_data
    ADD CONSTRAINT dna_binding_data_pkey PRIMARY KEY (position_id);


--
-- Name: dna_binding_dataset dna_binding_dataset_pkey; Type: CONSTRAINT; Schema: public; Owner: pochis01
--

ALTER TABLE ONLY public.dna_binding_dataset
    ADD CONSTRAINT dna_binding_dataset_pkey PRIMARY KEY (dataset_id);


--
-- Name: experiment_design experiment_design_pkey; Type: CONSTRAINT; Schema: public; Owner: pochis01
--

ALTER TABLE ONLY public.experiment_design
    ADD CONSTRAINT experiment_design_pkey PRIMARY KEY (id);


--
-- Name: experiment experiment_pkey; Type: CONSTRAINT; Schema: public; Owner: pochis01
--

ALTER TABLE ONLY public.experiment
    ADD CONSTRAINT experiment_pkey PRIMARY KEY (id);


--
-- Name: experiment_type experiment_type_pkey; Type: CONSTRAINT; Schema: public; Owner: pochis01
--

ALTER TABLE ONLY public.experiment_type
    ADD CONSTRAINT experiment_type_pkey PRIMARY KEY (id);


--
-- Name: kinetic_law kinetic_law_pkey; Type: CONSTRAINT; Schema: public; Owner: pochis01
--

ALTER TABLE ONLY public.kinetic_law
    ADD CONSTRAINT kinetic_law_pkey PRIMARY KEY (kinetic_law_id);


--
-- Name: method method_pkey; Type: CONSTRAINT; Schema: public; Owner: pochis01
--

ALTER TABLE ONLY public.method
    ADD CONSTRAINT method_pkey PRIMARY KEY (id);


--
-- Name: observation observation_pkey; Type: CONSTRAINT; Schema: public; Owner: pochis01
--

ALTER TABLE ONLY public.observation
    ADD CONSTRAINT observation_pkey PRIMARY KEY (id);


--
-- Name: parameter parameter_pkey; Type: CONSTRAINT; Schema: public; Owner: pochis01
--

ALTER TABLE ONLY public.parameter
    ADD CONSTRAINT parameter_pkey PRIMARY KEY (parameter_id);


--
-- Name: physical_entity physical_entity_pkey; Type: CONSTRAINT; Schema: public; Owner: pochis01
--

ALTER TABLE ONLY public.physical_entity
    ADD CONSTRAINT physical_entity_pkey PRIMARY KEY (observation_id);


--
-- Name: physical_property physical_property_pkey; Type: CONSTRAINT; Schema: public; Owner: pochis01
--

ALTER TABLE ONLY public.physical_property
    ADD CONSTRAINT physical_property_pkey PRIMARY KEY (observation_id);


--
-- Name: progress progress_pkey; Type: CONSTRAINT; Schema: public; Owner: pochis01
--

ALTER TABLE ONLY public.progress
    ADD CONSTRAINT progress_pkey PRIMARY KEY (database_name);


--
-- Name: protein_complex protein_complex_pkey; Type: CONSTRAINT; Schema: public; Owner: pochis01
--

ALTER TABLE ONLY public.protein_complex
    ADD CONSTRAINT protein_complex_pkey PRIMARY KEY (complex_id);


--
-- Name: protein_interactions protein_interactions_pkey; Type: CONSTRAINT; Schema: public; Owner: pochis01
--

ALTER TABLE ONLY public.protein_interactions
    ADD CONSTRAINT protein_interactions_pkey PRIMARY KEY (interaction_id);


--
-- Name: protein_subunit protein_subunit_pkey; Type: CONSTRAINT; Schema: public; Owner: pochis01
--

ALTER TABLE ONLY public.protein_subunit
    ADD CONSTRAINT protein_subunit_pkey PRIMARY KEY (subunit_id);


--
-- Name: reaction reaction_pkey; Type: CONSTRAINT; Schema: public; Owner: pochis01
--

ALTER TABLE ONLY public.reaction
    ADD CONSTRAINT reaction_pkey PRIMARY KEY (reaction_id);


--
-- Name: reference_genome reference_genome_pkey; Type: CONSTRAINT; Schema: public; Owner: pochis01
--

ALTER TABLE ONLY public.reference_genome
    ADD CONSTRAINT reference_genome_pkey PRIMARY KEY (reference_genome_id);


--
-- Name: resource resource_pkey; Type: CONSTRAINT; Schema: public; Owner: pochis01
--

ALTER TABLE ONLY public.resource
    ADD CONSTRAINT resource_pkey PRIMARY KEY (id);


--
-- Name: rna_seq_dataset rna_seq_dataset_pkey; Type: CONSTRAINT; Schema: public; Owner: pochis01
--

ALTER TABLE ONLY public.rna_seq_dataset
    ADD CONSTRAINT rna_seq_dataset_pkey PRIMARY KEY (sample_id);


--
-- Name: rna_seq_experiment rna_seq_experiment_pkey; Type: CONSTRAINT; Schema: public; Owner: pochis01
--

ALTER TABLE ONLY public.rna_seq_experiment
    ADD CONSTRAINT rna_seq_experiment_pkey PRIMARY KEY (experiment_id);


--
-- Name: structure structure_pkey; Type: CONSTRAINT; Schema: public; Owner: pochis01
--

ALTER TABLE ONLY public.structure
    ADD CONSTRAINT structure_pkey PRIMARY KEY (struct_id);


--
-- Name: synonym synonym_pkey; Type: CONSTRAINT; Schema: public; Owner: pochis01
--

ALTER TABLE ONLY public.synonym
    ADD CONSTRAINT synonym_pkey PRIMARY KEY (id);


--
-- Name: taxon taxon_pkey; Type: CONSTRAINT; Schema: public; Owner: pochis01
--

ALTER TABLE ONLY public.taxon
    ADD CONSTRAINT taxon_pkey PRIMARY KEY (ncbi_id);


--
-- Name: variable variable_pkey; Type: CONSTRAINT; Schema: public; Owner: pochis01
--

ALTER TABLE ONLY public.variable
    ADD CONSTRAINT variable_pkey PRIMARY KEY (id);


--
-- Name: ix__experimentmetadata_experimentdesign__experimentmetadata_id; Type: INDEX; Schema: public; Owner: pochis01
--

CREATE INDEX ix__experimentmetadata_experimentdesign__experimentmetadata_id ON public._experimentmetadata_experimentdesign USING btree (_experimentmetadata_id);


--
-- Name: ix__experimentmetadata_experimentdesign_experiment_design_id; Type: INDEX; Schema: public; Owner: pochis01
--

CREATE INDEX ix__experimentmetadata_experimentdesign_experiment_design_id ON public._experimentmetadata_experimentdesign USING btree (experiment_design_id);


--
-- Name: ix__experimentmetadata_experimenttype__experimentmetadata_id; Type: INDEX; Schema: public; Owner: pochis01
--

CREATE INDEX ix__experimentmetadata_experimenttype__experimentmetadata_id ON public._experimentmetadata_experimenttype USING btree (_experimentmetadata_id);


--
-- Name: ix__experimentmetadata_experimenttype_experiment_type_id; Type: INDEX; Schema: public; Owner: pochis01
--

CREATE INDEX ix__experimentmetadata_experimenttype_experiment_type_id ON public._experimentmetadata_experimenttype USING btree (experiment_type_id);


--
-- Name: ix__experimentmetadata_method__experimentmetadata_id; Type: INDEX; Schema: public; Owner: pochis01
--

CREATE INDEX ix__experimentmetadata_method__experimentmetadata_id ON public._experimentmetadata_method USING btree (_experimentmetadata_id);


--
-- Name: ix__experimentmetadata_method_method_id; Type: INDEX; Schema: public; Owner: pochis01
--

CREATE INDEX ix__experimentmetadata_method_method_id ON public._experimentmetadata_method USING btree (method_id);


--
-- Name: ix__experimentmetadata_resource__experimentmetadata_id; Type: INDEX; Schema: public; Owner: pochis01
--

CREATE INDEX ix__experimentmetadata_resource__experimentmetadata_id ON public._experimentmetadata_resource USING btree (_experimentmetadata_id);


--
-- Name: ix__experimentmetadata_resource_resource_id; Type: INDEX; Schema: public; Owner: pochis01
--

CREATE INDEX ix__experimentmetadata_resource_resource_id ON public._experimentmetadata_resource USING btree (resource_id);


--
-- Name: ix__experimentmetadata_taxon__experimentmetadata_id; Type: INDEX; Schema: public; Owner: pochis01
--

CREATE INDEX ix__experimentmetadata_taxon__experimentmetadata_id ON public._experimentmetadata_taxon USING btree (_experimentmetadata_id);


--
-- Name: ix__experimentmetadata_taxon_taxon_id; Type: INDEX; Schema: public; Owner: pochis01
--

CREATE INDEX ix__experimentmetadata_taxon_taxon_id ON public._experimentmetadata_taxon USING btree (taxon_id);


--
-- Name: ix__metadata_cell_line__metadata_id; Type: INDEX; Schema: public; Owner: pochis01
--

CREATE INDEX ix__metadata_cell_line__metadata_id ON public._metadata_cell_line USING btree (_metadata_id);


--
-- Name: ix__metadata_cell_line_cell_line_id; Type: INDEX; Schema: public; Owner: pochis01
--

CREATE INDEX ix__metadata_cell_line_cell_line_id ON public._metadata_cell_line USING btree (cell_line_id);


--
-- Name: ix__metadata_characteristic__metadata_id; Type: INDEX; Schema: public; Owner: pochis01
--

CREATE INDEX ix__metadata_characteristic__metadata_id ON public._metadata_characteristic USING btree (_metadata_id);


--
-- Name: ix__metadata_characteristic_characteristic_id; Type: INDEX; Schema: public; Owner: pochis01
--

CREATE INDEX ix__metadata_characteristic_characteristic_id ON public._metadata_characteristic USING btree (characteristic_id);


--
-- Name: ix__metadata_compartment__metadata_id; Type: INDEX; Schema: public; Owner: pochis01
--

CREATE INDEX ix__metadata_compartment__metadata_id ON public._metadata_compartment USING btree (_metadata_id);


--
-- Name: ix__metadata_compartment_compartment_id; Type: INDEX; Schema: public; Owner: pochis01
--

CREATE INDEX ix__metadata_compartment_compartment_id ON public._metadata_compartment USING btree (compartment_id);


--
-- Name: ix__metadata_conditions__metadata_id; Type: INDEX; Schema: public; Owner: pochis01
--

CREATE INDEX ix__metadata_conditions__metadata_id ON public._metadata_conditions USING btree (_metadata_id);


--
-- Name: ix__metadata_conditions_conditions_id; Type: INDEX; Schema: public; Owner: pochis01
--

CREATE INDEX ix__metadata_conditions_conditions_id ON public._metadata_conditions USING btree (conditions_id);


--
-- Name: ix__metadata_method__metadata_id; Type: INDEX; Schema: public; Owner: pochis01
--

CREATE INDEX ix__metadata_method__metadata_id ON public._metadata_method USING btree (_metadata_id);


--
-- Name: ix__metadata_method_method_id; Type: INDEX; Schema: public; Owner: pochis01
--

CREATE INDEX ix__metadata_method_method_id ON public._metadata_method USING btree (method_id);


--
-- Name: ix__metadata_resource__metadata_id; Type: INDEX; Schema: public; Owner: pochis01
--

CREATE INDEX ix__metadata_resource__metadata_id ON public._metadata_resource USING btree (_metadata_id);


--
-- Name: ix__metadata_resource_resource_id; Type: INDEX; Schema: public; Owner: pochis01
--

CREATE INDEX ix__metadata_resource_resource_id ON public._metadata_resource USING btree (resource_id);


--
-- Name: ix__metadata_synonym__metadata_id; Type: INDEX; Schema: public; Owner: pochis01
--

CREATE INDEX ix__metadata_synonym__metadata_id ON public._metadata_synonym USING btree (_metadata_id);


--
-- Name: ix__metadata_synonym_synonym_id; Type: INDEX; Schema: public; Owner: pochis01
--

CREATE INDEX ix__metadata_synonym_synonym_id ON public._metadata_synonym USING btree (synonym_id);


--
-- Name: ix__metadata_taxon__metadata_id; Type: INDEX; Schema: public; Owner: pochis01
--

CREATE INDEX ix__metadata_taxon__metadata_id ON public._metadata_taxon USING btree (_metadata_id);


--
-- Name: ix__metadata_taxon_taxon_id; Type: INDEX; Schema: public; Owner: pochis01
--

CREATE INDEX ix__metadata_taxon_taxon_id ON public._metadata_taxon USING btree (taxon_id);


--
-- Name: ix__metadata_variable__metadata_id; Type: INDEX; Schema: public; Owner: pochis01
--

CREATE INDEX ix__metadata_variable__metadata_id ON public._metadata_variable USING btree (_metadata_id);


--
-- Name: ix__metadata_variable_variable_id; Type: INDEX; Schema: public; Owner: pochis01
--

CREATE INDEX ix__metadata_variable_variable_id ON public._metadata_variable USING btree (variable_id);


--
-- Name: ix_abundance_data_subunit_id; Type: INDEX; Schema: public; Owner: pochis01
--

CREATE INDEX ix_abundance_data_subunit_id ON public.abundance_data USING btree (subunit_id);


--
-- Name: ix_cell_compartment_name; Type: INDEX; Schema: public; Owner: pochis01
--

CREATE UNIQUE INDEX ix_cell_compartment_name ON public.cell_compartment USING btree (name);


--
-- Name: ix_dna_binding_data_position; Type: INDEX; Schema: public; Owner: pochis01
--

CREATE INDEX ix_dna_binding_data_position ON public.dna_binding_data USING btree ("position");


--
-- Name: ix_kinetic_law_enzyme_id; Type: INDEX; Schema: public; Owner: pochis01
--

CREATE INDEX ix_kinetic_law_enzyme_id ON public.kinetic_law USING btree (enzyme_id);


--
-- Name: ix_parameter_compound_id; Type: INDEX; Schema: public; Owner: pochis01
--

CREATE INDEX ix_parameter_compound_id ON public.parameter USING btree (compound_id);


--
-- Name: ix_parameter_sabio_type; Type: INDEX; Schema: public; Owner: pochis01
--

CREATE INDEX ix_parameter_sabio_type ON public.parameter USING btree (sabio_type);


--
-- Name: ix_parameter_units; Type: INDEX; Schema: public; Owner: pochis01
--

CREATE INDEX ix_parameter_units ON public.parameter USING btree (units);


--
-- Name: ix_rnaseqdataset_referencegenome_reference_genome_id; Type: INDEX; Schema: public; Owner: pochis01
--

CREATE INDEX ix_rnaseqdataset_referencegenome_reference_genome_id ON public.rnaseqdataset_referencegenome USING btree (reference_genome_id);


--
-- Name: ix_rnaseqdataset_referencegenome_sample_id; Type: INDEX; Schema: public; Owner: pochis01
--

CREATE INDEX ix_rnaseqdataset_referencegenome_sample_id ON public.rnaseqdataset_referencegenome USING btree (sample_id);


--
-- Name: ix_rnaseqdataset_rnaseqexperiment_experiment_id; Type: INDEX; Schema: public; Owner: pochis01
--

CREATE INDEX ix_rnaseqdataset_rnaseqexperiment_experiment_id ON public.rnaseqdataset_rnaseqexperiment USING btree (experiment_id);


--
-- Name: ix_rnaseqdataset_rnaseqexperiment_sample_id; Type: INDEX; Schema: public; Owner: pochis01
--

CREATE INDEX ix_rnaseqdataset_rnaseqexperiment_sample_id ON public.rnaseqdataset_rnaseqexperiment USING btree (sample_id);


--
-- Name: _experimentmetadata_experimentdesign _experimentmetadata_experimentdesig__experimentmetadata_id_fkey; Type: FK CONSTRAINT; Schema: public; Owner: pochis01
--

ALTER TABLE ONLY public._experimentmetadata_experimentdesign
    ADD CONSTRAINT _experimentmetadata_experimentdesig__experimentmetadata_id_fkey FOREIGN KEY (_experimentmetadata_id) REFERENCES public._experimentmetadata(id);


--
-- Name: _experimentmetadata_experimentdesign _experimentmetadata_experimentdesign_experiment_design_id_fkey; Type: FK CONSTRAINT; Schema: public; Owner: pochis01
--

ALTER TABLE ONLY public._experimentmetadata_experimentdesign
    ADD CONSTRAINT _experimentmetadata_experimentdesign_experiment_design_id_fkey FOREIGN KEY (experiment_design_id) REFERENCES public.experiment_design(id);


--
-- Name: _experimentmetadata_experimenttype _experimentmetadata_experimenttype__experimentmetadata_id_fkey; Type: FK CONSTRAINT; Schema: public; Owner: pochis01
--

ALTER TABLE ONLY public._experimentmetadata_experimenttype
    ADD CONSTRAINT _experimentmetadata_experimenttype__experimentmetadata_id_fkey FOREIGN KEY (_experimentmetadata_id) REFERENCES public._experimentmetadata(id);


--
-- Name: _experimentmetadata_experimenttype _experimentmetadata_experimenttype_experiment_type_id_fkey; Type: FK CONSTRAINT; Schema: public; Owner: pochis01
--

ALTER TABLE ONLY public._experimentmetadata_experimenttype
    ADD CONSTRAINT _experimentmetadata_experimenttype_experiment_type_id_fkey FOREIGN KEY (experiment_type_id) REFERENCES public.experiment_type(id);


--
-- Name: _experimentmetadata_method _experimentmetadata_method__experimentmetadata_id_fkey; Type: FK CONSTRAINT; Schema: public; Owner: pochis01
--

ALTER TABLE ONLY public._experimentmetadata_method
    ADD CONSTRAINT _experimentmetadata_method__experimentmetadata_id_fkey FOREIGN KEY (_experimentmetadata_id) REFERENCES public._experimentmetadata(id);


--
-- Name: _experimentmetadata_method _experimentmetadata_method_method_id_fkey; Type: FK CONSTRAINT; Schema: public; Owner: pochis01
--

ALTER TABLE ONLY public._experimentmetadata_method
    ADD CONSTRAINT _experimentmetadata_method_method_id_fkey FOREIGN KEY (method_id) REFERENCES public.method(id);


--
-- Name: _experimentmetadata_resource _experimentmetadata_resource__experimentmetadata_id_fkey; Type: FK CONSTRAINT; Schema: public; Owner: pochis01
--

ALTER TABLE ONLY public._experimentmetadata_resource
    ADD CONSTRAINT _experimentmetadata_resource__experimentmetadata_id_fkey FOREIGN KEY (_experimentmetadata_id) REFERENCES public._experimentmetadata(id);


--
-- Name: _experimentmetadata_resource _experimentmetadata_resource_resource_id_fkey; Type: FK CONSTRAINT; Schema: public; Owner: pochis01
--

ALTER TABLE ONLY public._experimentmetadata_resource
    ADD CONSTRAINT _experimentmetadata_resource_resource_id_fkey FOREIGN KEY (resource_id) REFERENCES public.resource(id);


--
-- Name: _experimentmetadata_taxon _experimentmetadata_taxon__experimentmetadata_id_fkey; Type: FK CONSTRAINT; Schema: public; Owner: pochis01
--

ALTER TABLE ONLY public._experimentmetadata_taxon
    ADD CONSTRAINT _experimentmetadata_taxon__experimentmetadata_id_fkey FOREIGN KEY (_experimentmetadata_id) REFERENCES public._experimentmetadata(id);


--
-- Name: _experimentmetadata_taxon _experimentmetadata_taxon_taxon_id_fkey; Type: FK CONSTRAINT; Schema: public; Owner: pochis01
--

ALTER TABLE ONLY public._experimentmetadata_taxon
    ADD CONSTRAINT _experimentmetadata_taxon_taxon_id_fkey FOREIGN KEY (taxon_id) REFERENCES public.taxon(ncbi_id);


--
-- Name: _metadata_cell_line _metadata_cell_line__metadata_id_fkey; Type: FK CONSTRAINT; Schema: public; Owner: pochis01
--

ALTER TABLE ONLY public._metadata_cell_line
    ADD CONSTRAINT _metadata_cell_line__metadata_id_fkey FOREIGN KEY (_metadata_id) REFERENCES public._metadata(id);


--
-- Name: _metadata_cell_line _metadata_cell_line_cell_line_id_fkey; Type: FK CONSTRAINT; Schema: public; Owner: pochis01
--

ALTER TABLE ONLY public._metadata_cell_line
    ADD CONSTRAINT _metadata_cell_line_cell_line_id_fkey FOREIGN KEY (cell_line_id) REFERENCES public.cell_line(id);


--
-- Name: _metadata_characteristic _metadata_characteristic__metadata_id_fkey; Type: FK CONSTRAINT; Schema: public; Owner: pochis01
--

ALTER TABLE ONLY public._metadata_characteristic
    ADD CONSTRAINT _metadata_characteristic__metadata_id_fkey FOREIGN KEY (_metadata_id) REFERENCES public._metadata(id);


--
-- Name: _metadata_characteristic _metadata_characteristic_characteristic_id_fkey; Type: FK CONSTRAINT; Schema: public; Owner: pochis01
--

ALTER TABLE ONLY public._metadata_characteristic
    ADD CONSTRAINT _metadata_characteristic_characteristic_id_fkey FOREIGN KEY (characteristic_id) REFERENCES public.characteristic(id);


--
-- Name: _metadata_compartment _metadata_compartment__metadata_id_fkey; Type: FK CONSTRAINT; Schema: public; Owner: pochis01
--

ALTER TABLE ONLY public._metadata_compartment
    ADD CONSTRAINT _metadata_compartment__metadata_id_fkey FOREIGN KEY (_metadata_id) REFERENCES public._metadata(id);


--
-- Name: _metadata_compartment _metadata_compartment_compartment_id_fkey; Type: FK CONSTRAINT; Schema: public; Owner: pochis01
--

ALTER TABLE ONLY public._metadata_compartment
    ADD CONSTRAINT _metadata_compartment_compartment_id_fkey FOREIGN KEY (compartment_id) REFERENCES public.cell_compartment(id);


--
-- Name: _metadata_conditions _metadata_conditions__metadata_id_fkey; Type: FK CONSTRAINT; Schema: public; Owner: pochis01
--

ALTER TABLE ONLY public._metadata_conditions
    ADD CONSTRAINT _metadata_conditions__metadata_id_fkey FOREIGN KEY (_metadata_id) REFERENCES public._metadata(id);


--
-- Name: _metadata_conditions _metadata_conditions_conditions_id_fkey; Type: FK CONSTRAINT; Schema: public; Owner: pochis01
--

ALTER TABLE ONLY public._metadata_conditions
    ADD CONSTRAINT _metadata_conditions_conditions_id_fkey FOREIGN KEY (conditions_id) REFERENCES public.conditions(id);


--
-- Name: _metadata_method _metadata_method__metadata_id_fkey; Type: FK CONSTRAINT; Schema: public; Owner: pochis01
--

ALTER TABLE ONLY public._metadata_method
    ADD CONSTRAINT _metadata_method__metadata_id_fkey FOREIGN KEY (_metadata_id) REFERENCES public._metadata(id);


--
-- Name: _metadata_method _metadata_method_method_id_fkey; Type: FK CONSTRAINT; Schema: public; Owner: pochis01
--

ALTER TABLE ONLY public._metadata_method
    ADD CONSTRAINT _metadata_method_method_id_fkey FOREIGN KEY (method_id) REFERENCES public.method(id);


--
-- Name: _metadata_resource _metadata_resource__metadata_id_fkey; Type: FK CONSTRAINT; Schema: public; Owner: pochis01
--

ALTER TABLE ONLY public._metadata_resource
    ADD CONSTRAINT _metadata_resource__metadata_id_fkey FOREIGN KEY (_metadata_id) REFERENCES public._metadata(id);


--
-- Name: _metadata_resource _metadata_resource_resource_id_fkey; Type: FK CONSTRAINT; Schema: public; Owner: pochis01
--

ALTER TABLE ONLY public._metadata_resource
    ADD CONSTRAINT _metadata_resource_resource_id_fkey FOREIGN KEY (resource_id) REFERENCES public.resource(id);


--
-- Name: _metadata_synonym _metadata_synonym__metadata_id_fkey; Type: FK CONSTRAINT; Schema: public; Owner: pochis01
--

ALTER TABLE ONLY public._metadata_synonym
    ADD CONSTRAINT _metadata_synonym__metadata_id_fkey FOREIGN KEY (_metadata_id) REFERENCES public._metadata(id);


--
-- Name: _metadata_synonym _metadata_synonym_synonym_id_fkey; Type: FK CONSTRAINT; Schema: public; Owner: pochis01
--

ALTER TABLE ONLY public._metadata_synonym
    ADD CONSTRAINT _metadata_synonym_synonym_id_fkey FOREIGN KEY (synonym_id) REFERENCES public.synonym(id);


--
-- Name: _metadata_taxon _metadata_taxon__metadata_id_fkey; Type: FK CONSTRAINT; Schema: public; Owner: pochis01
--

ALTER TABLE ONLY public._metadata_taxon
    ADD CONSTRAINT _metadata_taxon__metadata_id_fkey FOREIGN KEY (_metadata_id) REFERENCES public._metadata(id);


--
-- Name: _metadata_taxon _metadata_taxon_taxon_id_fkey; Type: FK CONSTRAINT; Schema: public; Owner: pochis01
--

ALTER TABLE ONLY public._metadata_taxon
    ADD CONSTRAINT _metadata_taxon_taxon_id_fkey FOREIGN KEY (taxon_id) REFERENCES public.taxon(ncbi_id);


--
-- Name: _metadata_variable _metadata_variable__metadata_id_fkey; Type: FK CONSTRAINT; Schema: public; Owner: pochis01
--

ALTER TABLE ONLY public._metadata_variable
    ADD CONSTRAINT _metadata_variable__metadata_id_fkey FOREIGN KEY (_metadata_id) REFERENCES public._metadata(id);


--
-- Name: _metadata_variable _metadata_variable_variable_id_fkey; Type: FK CONSTRAINT; Schema: public; Owner: pochis01
--

ALTER TABLE ONLY public._metadata_variable
    ADD CONSTRAINT _metadata_variable_variable_id_fkey FOREIGN KEY (variable_id) REFERENCES public.variable(id);


--
-- Name: abundance_data abundance_data_dataset_id_fkey; Type: FK CONSTRAINT; Schema: public; Owner: pochis01
--

ALTER TABLE ONLY public.abundance_data
    ADD CONSTRAINT abundance_data_dataset_id_fkey FOREIGN KEY (dataset_id) REFERENCES public.abundance_dataset(dataset_id);


--
-- Name: abundance_data abundance_data_subunit_id_fkey; Type: FK CONSTRAINT; Schema: public; Owner: pochis01
--

ALTER TABLE ONLY public.abundance_data
    ADD CONSTRAINT abundance_data_subunit_id_fkey FOREIGN KEY (subunit_id) REFERENCES public.protein_subunit(subunit_id);


--
-- Name: abundance_dataset abundance_dataset_dataset_id_fkey; Type: FK CONSTRAINT; Schema: public; Owner: pochis01
--

ALTER TABLE ONLY public.abundance_dataset
    ADD CONSTRAINT abundance_dataset_dataset_id_fkey FOREIGN KEY (dataset_id) REFERENCES public.physical_property(observation_id);


--
-- Name: compound compound_compound_id_fkey; Type: FK CONSTRAINT; Schema: public; Owner: pochis01
--

ALTER TABLE ONLY public.compound
    ADD CONSTRAINT compound_compound_id_fkey FOREIGN KEY (compound_id) REFERENCES public.physical_entity(observation_id);


--
-- Name: compound compound_structure_id_fkey; Type: FK CONSTRAINT; Schema: public; Owner: pochis01
--

ALTER TABLE ONLY public.compound
    ADD CONSTRAINT compound_structure_id_fkey FOREIGN KEY (structure_id) REFERENCES public.structure(struct_id);


--
-- Name: concentration concentration_compound_id_fkey; Type: FK CONSTRAINT; Schema: public; Owner: pochis01
--

ALTER TABLE ONLY public.concentration
    ADD CONSTRAINT concentration_compound_id_fkey FOREIGN KEY (compound_id) REFERENCES public.compound(compound_id);


--
-- Name: concentration concentration_concentration_id_fkey; Type: FK CONSTRAINT; Schema: public; Owner: pochis01
--

ALTER TABLE ONLY public.concentration
    ADD CONSTRAINT concentration_concentration_id_fkey FOREIGN KEY (concentration_id) REFERENCES public.physical_property(observation_id);


--
-- Name: dna_binding_data dna_binding_data_dataset_id_fkey; Type: FK CONSTRAINT; Schema: public; Owner: pochis01
--

ALTER TABLE ONLY public.dna_binding_data
    ADD CONSTRAINT dna_binding_data_dataset_id_fkey FOREIGN KEY (dataset_id) REFERENCES public.dna_binding_dataset(dataset_id);


--
-- Name: dna_binding_dataset dna_binding_dataset_complex_id_fkey; Type: FK CONSTRAINT; Schema: public; Owner: pochis01
--

ALTER TABLE ONLY public.dna_binding_dataset
    ADD CONSTRAINT dna_binding_dataset_complex_id_fkey FOREIGN KEY (complex_id) REFERENCES public.protein_complex(complex_id);


--
-- Name: dna_binding_dataset dna_binding_dataset_dataset_id_fkey; Type: FK CONSTRAINT; Schema: public; Owner: pochis01
--

ALTER TABLE ONLY public.dna_binding_dataset
    ADD CONSTRAINT dna_binding_dataset_dataset_id_fkey FOREIGN KEY (dataset_id) REFERENCES public.physical_property(observation_id);


--
-- Name: dna_binding_dataset dna_binding_dataset_subunit_id_fkey; Type: FK CONSTRAINT; Schema: public; Owner: pochis01
--

ALTER TABLE ONLY public.dna_binding_dataset
    ADD CONSTRAINT dna_binding_dataset_subunit_id_fkey FOREIGN KEY (subunit_id) REFERENCES public.protein_subunit(subunit_id);


--
-- Name: experiment experiment__experimentmetadata_id_fkey; Type: FK CONSTRAINT; Schema: public; Owner: pochis01
--

ALTER TABLE ONLY public.experiment
    ADD CONSTRAINT experiment__experimentmetadata_id_fkey FOREIGN KEY (_experimentmetadata_id) REFERENCES public._experimentmetadata(id);


--
-- Name: kinetic_law kinetic_law_enzyme_id_fkey; Type: FK CONSTRAINT; Schema: public; Owner: pochis01
--

ALTER TABLE ONLY public.kinetic_law
    ADD CONSTRAINT kinetic_law_enzyme_id_fkey FOREIGN KEY (enzyme_id) REFERENCES public.protein_complex(complex_id);


--
-- Name: kinetic_law kinetic_law_kinetic_law_id_fkey; Type: FK CONSTRAINT; Schema: public; Owner: pochis01
--

ALTER TABLE ONLY public.kinetic_law
    ADD CONSTRAINT kinetic_law_kinetic_law_id_fkey FOREIGN KEY (kinetic_law_id) REFERENCES public.physical_property(observation_id);


--
-- Name: observation observation__metadata_id_fkey; Type: FK CONSTRAINT; Schema: public; Owner: pochis01
--

ALTER TABLE ONLY public.observation
    ADD CONSTRAINT observation__metadata_id_fkey FOREIGN KEY (_metadata_id) REFERENCES public._metadata(id);


--
-- Name: parameter parameter_compound_id_fkey; Type: FK CONSTRAINT; Schema: public; Owner: pochis01
--

ALTER TABLE ONLY public.parameter
    ADD CONSTRAINT parameter_compound_id_fkey FOREIGN KEY (compound_id) REFERENCES public.compound(compound_id);


--
-- Name: parameter parameter_kinetic_law_id_fkey; Type: FK CONSTRAINT; Schema: public; Owner: pochis01
--

ALTER TABLE ONLY public.parameter
    ADD CONSTRAINT parameter_kinetic_law_id_fkey FOREIGN KEY (kinetic_law_id) REFERENCES public.kinetic_law(kinetic_law_id);


--
-- Name: physical_entity physical_entity_observation_id_fkey; Type: FK CONSTRAINT; Schema: public; Owner: pochis01
--

ALTER TABLE ONLY public.physical_entity
    ADD CONSTRAINT physical_entity_observation_id_fkey FOREIGN KEY (observation_id) REFERENCES public.observation(id);


--
-- Name: physical_property physical_property_observation_id_fkey; Type: FK CONSTRAINT; Schema: public; Owner: pochis01
--

ALTER TABLE ONLY public.physical_property
    ADD CONSTRAINT physical_property_observation_id_fkey FOREIGN KEY (observation_id) REFERENCES public.observation(id);


--
-- Name: protein_complex protein_complex_complex_id_fkey; Type: FK CONSTRAINT; Schema: public; Owner: pochis01
--

ALTER TABLE ONLY public.protein_complex
    ADD CONSTRAINT protein_complex_complex_id_fkey FOREIGN KEY (complex_id) REFERENCES public.physical_entity(observation_id);


--
-- Name: protein_interactions protein_interactions_interaction_id_fkey; Type: FK CONSTRAINT; Schema: public; Owner: pochis01
--

ALTER TABLE ONLY public.protein_interactions
    ADD CONSTRAINT protein_interactions_interaction_id_fkey FOREIGN KEY (interaction_id) REFERENCES public.physical_property(observation_id);


--
-- Name: protein_subunit protein_subunit_proteincomplex_id_fkey; Type: FK CONSTRAINT; Schema: public; Owner: pochis01
--

ALTER TABLE ONLY public.protein_subunit
    ADD CONSTRAINT protein_subunit_proteincomplex_id_fkey FOREIGN KEY (proteincomplex_id) REFERENCES public.protein_complex(complex_id);


--
-- Name: protein_subunit protein_subunit_subunit_id_fkey; Type: FK CONSTRAINT; Schema: public; Owner: pochis01
--

ALTER TABLE ONLY public.protein_subunit
    ADD CONSTRAINT protein_subunit_subunit_id_fkey FOREIGN KEY (subunit_id) REFERENCES public.physical_entity(observation_id);


--
-- Name: reaction reaction_compartment_id_fkey; Type: FK CONSTRAINT; Schema: public; Owner: pochis01
--

ALTER TABLE ONLY public.reaction
    ADD CONSTRAINT reaction_compartment_id_fkey FOREIGN KEY (compartment_id) REFERENCES public.cell_compartment(id);


--
-- Name: reaction reaction_compound_id_fkey; Type: FK CONSTRAINT; Schema: public; Owner: pochis01
--

ALTER TABLE ONLY public.reaction
    ADD CONSTRAINT reaction_compound_id_fkey FOREIGN KEY (compound_id) REFERENCES public.compound(compound_id);


--
-- Name: reaction reaction_kinetic_law_id_fkey; Type: FK CONSTRAINT; Schema: public; Owner: pochis01
--

ALTER TABLE ONLY public.reaction
    ADD CONSTRAINT reaction_kinetic_law_id_fkey FOREIGN KEY (kinetic_law_id) REFERENCES public.kinetic_law(kinetic_law_id);


--
-- Name: reference_genome reference_genome_reference_genome_id_fkey; Type: FK CONSTRAINT; Schema: public; Owner: pochis01
--

ALTER TABLE ONLY public.reference_genome
    ADD CONSTRAINT reference_genome_reference_genome_id_fkey FOREIGN KEY (reference_genome_id) REFERENCES public.physical_property(observation_id);


--
-- Name: rna_seq_dataset rna_seq_dataset_sample_id_fkey; Type: FK CONSTRAINT; Schema: public; Owner: pochis01
--

ALTER TABLE ONLY public.rna_seq_dataset
    ADD CONSTRAINT rna_seq_dataset_sample_id_fkey FOREIGN KEY (sample_id) REFERENCES public.physical_property(observation_id);


--
-- Name: rna_seq_experiment rna_seq_experiment_experiment_id_fkey; Type: FK CONSTRAINT; Schema: public; Owner: pochis01
--

ALTER TABLE ONLY public.rna_seq_experiment
    ADD CONSTRAINT rna_seq_experiment_experiment_id_fkey FOREIGN KEY (experiment_id) REFERENCES public.experiment(id);


--
-- Name: rnaseqdataset_referencegenome rnaseqdataset_referencegenome_reference_genome_id_fkey; Type: FK CONSTRAINT; Schema: public; Owner: pochis01
--

ALTER TABLE ONLY public.rnaseqdataset_referencegenome
    ADD CONSTRAINT rnaseqdataset_referencegenome_reference_genome_id_fkey FOREIGN KEY (reference_genome_id) REFERENCES public.reference_genome(reference_genome_id);


--
-- Name: rnaseqdataset_referencegenome rnaseqdataset_referencegenome_sample_id_fkey; Type: FK CONSTRAINT; Schema: public; Owner: pochis01
--

ALTER TABLE ONLY public.rnaseqdataset_referencegenome
    ADD CONSTRAINT rnaseqdataset_referencegenome_sample_id_fkey FOREIGN KEY (sample_id) REFERENCES public.rna_seq_dataset(sample_id);


--
-- Name: rnaseqdataset_rnaseqexperiment rnaseqdataset_rnaseqexperiment_experiment_id_fkey; Type: FK CONSTRAINT; Schema: public; Owner: pochis01
--

ALTER TABLE ONLY public.rnaseqdataset_rnaseqexperiment
    ADD CONSTRAINT rnaseqdataset_rnaseqexperiment_experiment_id_fkey FOREIGN KEY (experiment_id) REFERENCES public.rna_seq_experiment(experiment_id);


--
-- Name: rnaseqdataset_rnaseqexperiment rnaseqdataset_rnaseqexperiment_sample_id_fkey; Type: FK CONSTRAINT; Schema: public; Owner: pochis01
--

ALTER TABLE ONLY public.rnaseqdataset_rnaseqexperiment
    ADD CONSTRAINT rnaseqdataset_rnaseqexperiment_sample_id_fkey FOREIGN KEY (sample_id) REFERENCES public.rna_seq_dataset(sample_id);


--
-- Name: structure structure_struct_id_fkey; Type: FK CONSTRAINT; Schema: public; Owner: pochis01
--

ALTER TABLE ONLY public.structure
    ADD CONSTRAINT structure_struct_id_fkey FOREIGN KEY (struct_id) REFERENCES public.physical_property(observation_id);


--
-- PostgreSQL database dump complete
--

